time_s,x_m,y_m,theta_rad
0.000000000000000000e+00,8.500000000000000888e-01,8.500000000000000888e-01,0.000000000000000000e+00
5.000000000000000278e-02,8.500000000000000888e-01,8.500000000000000888e-01,3.061616997868383172e-18
1.000000000000000056e-01,8.500000000000000888e-01,8.500000000000000888e-01,6.123233995736766344e-18
1.500000000000000222e-01,8.500000000000000888e-01,8.500000000000000888e-01,9.184850993605150286e-18
2.000000000000000111e-01,8.500000000000000888e-01,8.500000000000000888e-01,1.224646799147353269e-17
2.500000000000000000e-01,8.500000000000000888e-01,8.500000000000000888e-01,1.530808498934191509e-17
3.000000000000000444e-01,8.500000000000000888e-01,8.500000000000000888e-01,1.836970198721029749e-17
3.500000000000000333e-01,8.500000000000000888e-01,8.500000000000000888e-01,2.143131898507867989e-17
4.000000000000000222e-01,8.500000000000000888e-01,8.500000000000000888e-01,2.449293598294706229e-17
4.500000000000000111e-01,8.500000000000000888e-01,8.500000000000000888e-01,2.755455298081544470e-17
5.000000000000000000e-01,8.500000000000000888e-01,8.500000000000000888e-01,3.061616997868383018e-17
5.500000000000000444e-01,8.500000000000000888e-01,8.500000000000000888e-01,3.367778697655221258e-17
6.000000000000000888e-01,8.500000000000000888e-01,8.500000000000000888e-01,3.673940397442059498e-17
6.500000000000000222e-01,8.500000000000000888e-01,8.500000000000000888e-01,3.980102097228897738e-17
7.000000000000000666e-01,8.500000000000000888e-01,8.500000000000000888e-01,4.286263797015735979e-17
7.500000000000000000e-01,8.500000000000000888e-01,8.500000000000000888e-01,4.592425496802574219e-17
8.000000000000000444e-01,8.500000000000000888e-01,8.500000000000000888e-01,4.898587196589412459e-17
8.500000000000000888e-01,8.500000000000000888e-01,8.500000000000000888e-01,5.204748896376250699e-17
9.000000000000000222e-01,8.500000000000000888e-01,8.500000000000000888e-01,5.510910596163088939e-17
9.500000000000000666e-01,8.500000000000000888e-01,8.500000000000000888e-01,5.817072295949927179e-17
1.000000000000000000e+00,8.500000000000000888e-01,8.500000000000000888e-01,6.123233995736766036e-17
1.050000000000000044e+00,8.500000000000000888e-01,8.500000000000000888e-01,6.429395695523604892e-17
1.100000000000000089e+00,8.500000000000000888e-01,8.500000000000000888e-01,6.735557395310443749e-17
1.150000000000000133e+00,8.500000000000000888e-01,8.500000000000000888e-01,7.041719095097282605e-17
1.200000000000000178e+00,8.500000000000000888e-01,8.500000000000000888e-01,7.347880794884121462e-17
1.250000000000000000e+00,8.500000000000000888e-01,8.500000000000000888e-01,7.654042494670960318e-17
1.300000000000000044e+00,8.500000000000000888e-01,8.500000000000000888e-01,7.960204194457799175e-17
1.350000000000000089e+00,8.500000000000000888e-01,8.500000000000000888e-01,8.266365894244638031e-17
1.400000000000000133e+00,8.500000000000000888e-01,8.500000000000000888e-01,8.572527594031476888e-17
1.450000000000000178e+00,8.500000000000000888e-01,8.500000000000000888e-01,8.878689293818315744e-17
1.500000000000000000e+00,8.500000000000000888e-01,8.500000000000000888e-01,9.184850993605154600e-17
1.550000000000000044e+00,8.500000000000000888e-01,8.500000000000000888e-01,9.491012693391993457e-17
1.600000000000000089e+00,8.500000000000000888e-01,8.500000000000000888e-01,9.797174393178832313e-17
1.650000000000000133e+00,8.500000000000000888e-01,8.500000000000000888e-01,1.010333609296567117e-16
1.700000000000000178e+00,8.500000000000000888e-01,8.500000000000000888e-01,1.040949779275251003e-16
1.750000000000000000e+00,8.500000000000000888e-01,8.500000000000000888e-01,1.071565949253934888e-16
1.800000000000000044e+00,8.500000000000000888e-01,8.500000000000000888e-01,1.102182119232618774e-16
1.850000000000000089e+00,8.500000000000000888e-01,8.500000000000000888e-01,1.132798289211302536e-16
1.900000000000000133e+00,8.500000000000000888e-01,8.500000000000000888e-01,1.274436761652501928e-16
1.950000000000000178e+00,8.500000000000000888e-01,8.500000000000000888e-01,1.416075234093701320e-16
2.000000000000000000e+00,8.500000000000000888e-01,8.500000000000000888e-01,1.557713706534900712e-16
2.050000000000000266e+00,8.500000000000000888e-01,8.500000000000000888e-01,1.699352178976100103e-16
2.100000000000000089e+00,8.500000000000000888e-01,8.500000000000000888e-01,1.840990651417299495e-16
2.149999999999999911e+00,8.500000000000000888e-01,8.500000000000000888e-01,1.982629123858498887e-16
2.200000000000000178e+00,8.500000000000000888e-01,8.500000000000000888e-01,2.124267596299698279e-16
2.250000000000000000e+00,8.500000000000000888e-01,8.500000000000000888e-01,2.265906068740897917e-16
2.300000000000000266e+00,8.500000000000000888e-01,8.500000000000000888e-01,2.407544541182097555e-16
2.350000000000000089e+00,8.500000000000000888e-01,8.500000000000000888e-01,2.549183013623297194e-16
2.400000000000000355e+00,8.500000000000000888e-01,8.500000000000000888e-01,2.690821486064496832e-16
2.450000000000000178e+00,8.500000000000000888e-01,8.500000000000000888e-01,2.832459958505696470e-16
2.500000000000000000e+00,8.500000000000000888e-01,8.500000000000000888e-01,2.974098430946896109e-16
2.550000000000000266e+00,8.500000000000000888e-01,8.500000000000000888e-01,3.115736903388095747e-16
2.600000000000000089e+00,8.500000000000000888e-01,8.500000000000000888e-01,3.257375375829295385e-16
2.650000000000000355e+00,8.500000000000000888e-01,8.500000000000000888e-01,3.399013848270495023e-16
2.700000000000000178e+00,8.500000000000000888e-01,8.500000000000000888e-01,3.651674623174210414e-16
2.750000000000000000e+00,8.500000000000000888e-01,8.500000000000000888e-01,3.904335398077925312e-16
2.800000000000000266e+00,8.500000000000000888e-01,8.500000000000000888e-01,4.156996172981640210e-16
2.850000000000000089e+00,8.500000000000000888e-01,8.500000000000000888e-01,4.409656947885355108e-16
2.900000000000000355e+00,8.500000000000000888e-01,8.500000000000000888e-01,4.662317722789070006e-16
2.950000000000000178e+00,8.500000000000000888e-01,8.500000000000000888e-01,4.914978497692784904e-16
3.000000000000000000e+00,8.500000000000000888e-01,8.500000000000000888e-01,5.167639272596499802e-16
3.050000000000000266e+00,8.500000000000000888e-01,8.500000000000000888e-01,5.420300047500214700e-16
3.100000000000000089e+00,8.500000000000000888e-01,8.500000000000000888e-01,5.672960822403929598e-16
3.150000000000000355e+00,8.500000000000000888e-01,8.500000000000000888e-01,6.036643899770160741e-16
3.200000000000000178e+00,8.500000000000000888e-01,8.500000000000000888e-01,6.400326977136391885e-16
3.250000000000000000e+00,8.500000000000000888e-01,8.500000000000000888e-01,6.764010054502623028e-16
3.300000000000000266e+00,8.500000000000000888e-01,8.500000000000000888e-01,7.127693131868854172e-16
3.350000000000000089e+00,8.500000000000000888e-01,8.500000000000000888e-01,7.491376209235085316e-16
3.400000000000000355e+00,8.500000000000000888e-01,8.500000000000000888e-01,7.855059286601316459e-16
3.450000000000000178e+00,8.500000000000000888e-01,8.500000000000000888e-01,8.329764666430062862e-16
3.500000000000000000e+00,8.500000000000000888e-01,8.500000000000000888e-01,8.804470046258809266e-16
3.550000000000000266e+00,8.500000000000000888e-01,8.500000000000000888e-01,9.279175426087554683e-16
3.600000000000000089e+00,8.500000000000000888e-01,8.500000000000000888e-01,9.753880805916301086e-16
3.650000000000000355e+00,8.500000000000000888e-01,8.500000000000000888e-01,1.022858618574504749e-15
3.700000000000000178e+00,8.500000000000000888e-01,8.500000000000000888e-01,1.081431386803630915e-15
3.750000000000000000e+00,8.500000000000000888e-01,8.500000000000000888e-01,1.140004155032757081e-15
3.800000000000000266e+00,8.500000000000000888e-01,8.500000000000000888e-01,1.198576923261883248e-15
3.850000000000000089e+00,8.500000000000000888e-01,8.500000000000000888e-01,1.257149691491009414e-15
3.900000000000000355e+00,8.500000000000000888e-01,8.500000000000000888e-01,1.326824689966387106e-15
3.950000000000000178e+00,8.500000000000000888e-01,8.500000000000000888e-01,1.396499688441764799e-15
4.000000000000000000e+00,8.500000000000000888e-01,8.500000000000000888e-01,1.466174686917142491e-15
4.049999999999999822e+00,8.500000000000000888e-01,8.500000000000000888e-01,1.546951915638771906e-15
4.100000000000000533e+00,8.500000000000000888e-01,8.500000000000000888e-01,1.627729144360401322e-15
4.150000000000000355e+00,8.500000000000000888e-01,8.500000000000000888e-01,1.708506373082030737e-15
4.200000000000000178e+00,8.500000000000000888e-01,8.500000000000000888e-01,1.800385832049911481e-15
4.250000000000000000e+00,8.500000000000000888e-01,8.500000000000000888e-01,1.892265291017792225e-15
4.299999999999999822e+00,8.500000000000000888e-01,8.500000000000000888e-01,1.995246980231924693e-15
4.350000000000000533e+00,8.500000000000000888e-01,8.500000000000000888e-01,2.098228669446057160e-15
4.400000000000000355e+00,8.500000000000000888e-01,8.500000000000000888e-01,2.201210358660189627e-15
4.450000000000000178e+00,8.500000000000000888e-01,8.500000000000000888e-01,2.315294278120573818e-15
4.500000000000000000e+00,8.500000000000000888e-01,8.500000000000000888e-01,2.429378197580958008e-15
4.549999999999999822e+00,8.500000000000000888e-01,8.500000000000000888e-01,2.554564347287593528e-15
4.600000000000000533e+00,8.500000000000000888e-01,8.500000000000000888e-01,2.690852727240480770e-15
4.650000000000000355e+00,8.500000000000000888e-01,8.500000000000000888e-01,2.827141107193368013e-15
4.700000000000000178e+00,8.500000000000000888e-01,8.500000000000000888e-01,2.974531717392506584e-15
4.750000000000000000e+00,8.500000000000000888e-01,8.500000000000000888e-01,3.121922327591645155e-15
4.800000000000000711e+00,8.500000000000000888e-01,8.500000000000000888e-01,3.280415168037035449e-15
4.850000000000000533e+00,8.500000000000000888e-01,8.500000000000000888e-01,3.450010238728677467e-15
4.900000000000000355e+00,8.500000000000000888e-01,8.500000000000000888e-01,3.630707539666571208e-15
4.950000000000000178e+00,8.500000000000000888e-01,8.500000000000000888e-01,3.811404840604464948e-15
5.000000000000000000e+00,8.500000000000000888e-01,8.500000000000000888e-01,4.003204371788609623e-15
5.050000000000000711e+00,8.500000000000000888e-01,8.500000000000000888e-01,4.206106133219006022e-15
5.100000000000000533e+00,8.500000000000000888e-01,8.500000000000000888e-01,4.420110124895654143e-15
5.150000000000000355e+00,8.500000000000001998e-01,8.500000000000000888e-01,4.645216346818553987e-15
5.200000000000000178e+00,8.500000000000003109e-01,8.500000000000000888e-01,4.870322568741453832e-15
5.250000000000000000e+00,8.500000000000004219e-01,8.500000000000000888e-01,5.095428790664353677e-15
5.300000000000000711e+00,8.500000000000005329e-01,8.500000000000000888e-01,5.320535012587253521e-15
5.350000000000000533e+00,8.500000000000006439e-01,8.500000000000000888e-01,5.545641234510153366e-15
5.400000000000000355e+00,8.500000000000007550e-01,8.500000000000000888e-01,5.770747456433053210e-15
5.450000000000000178e+00,8.500000000000008660e-01,8.500000000000000888e-01,5.995853678355953055e-15
5.500000000000000000e+00,8.500000000000009770e-01,8.500000000000000888e-01,6.220959900278852899e-15
5.550000000000000711e+00,8.500000000000010880e-01,8.500000000000000888e-01,6.446066122201752744e-15
5.600000000000000533e+00,8.500000000000011990e-01,8.500000000000000888e-01,6.671172344124652589e-15
5.650000000000000355e+00,8.500000000000013101e-01,8.500000000000000888e-01,6.896278566047552433e-15
5.700000000000000178e+00,8.500000000000014211e-01,8.500000000000000888e-01,7.121384787970452278e-15
5.750000000000000000e+00,8.500000000000015321e-01,8.500000000000000888e-01,7.346491009893351333e-15
5.800000000000000711e+00,8.500000000000016431e-01,8.500000000000000888e-01,7.571597231816250389e-15
5.850000000000000533e+00,8.500000000000017542e-01,8.500000000000000888e-01,7.796703453739149445e-15
5.900000000000000355e+00,8.500000000000018652e-01,8.500000000000000888e-01,8.021809675662048500e-15
5.950000000000000178e+00,8.500000000000019762e-01,8.500000000000000888e-01,8.246915897584947556e-15
6.000000000000000000e+00,8.500000000000020872e-01,8.500000000000000888e-01,8.472022119507846612e-15
6.050000000000000711e+00,8.500000000000021982e-01,8.500000000000000888e-01,8.697128341430745668e-15
6.100000000000000533e+00,8.500000000000023093e-01,8.500000000000000888e-01,8.922234563353644723e-15
6.150000000000000355e+00,8.500000000000024203e-01,8.500000000000000888e-01,9.147340785276543779e-15
6.200000000000000178e+00,8.500000000000025313e-01,8.500000000000000888e-01,9.372447007199442835e-15
6.250000000000000000e+00,8.500000000000026423e-01,8.500000000000000888e-01,9.597553229122341890e-15
6.300000000000000711e+00,8.500000000000027534e-01,8.500000000000000888e-01,9.822659451045240946e-15
6.350000000000000533e+00,8.500000000000028644e-01,8.500000000000000888e-01,1.004776567296814000e-14
6.400000000000000355e+00,8.500000000000029754e-01,8.500000000000000888e-01,1.027287189489103906e-14
6.450000000000000178e+00,8.500000000000030864e-01,8.500000000000000888e-01,1.049797811681393811e-14
6.500000000000000000e+00,8.500000000000031974e-01,8.500000000000000888e-01,1.072308433873683717e-14
6.550000000000000711e+00,8.500000000000033085e-01,8.500000000000000888e-01,1.094819056065973622e-14
6.600000000000000533e+00,8.500000000000034195e-01,8.500000000000000888e-01,1.117329678258263528e-14
6.650000000000000355e+00,8.500000000000035305e-01,8.500000000000000888e-01,1.139840300450553434e-14
6.700000000000000178e+00,8.500000000000036415e-01,8.500000000000000888e-01,1.162350922642843339e-14
6.750000000000000000e+00,8.500000000000037526e-01,8.500000000000000888e-01,1.184861544835133245e-14
6.800000000000000711e+00,8.500000000000038636e-01,8.500000000000000888e-01,1.207372167027423150e-14
6.850000000000000533e+00,8.500000000000039746e-01,8.500000000000000888e-01,1.229882789219713056e-14
6.900000000000000355e+00,8.500000000000040856e-01,8.500000000000000888e-01,1.252393411412002961e-14
6.950000000000000178e+00,8.500000000000041966e-01,8.500000000000000888e-01,1.274904033604292867e-14
7.000000000000000000e+00,8.500000000000043077e-01,8.500000000000000888e-01,1.297414655796582773e-14
7.050000000000000711e+00,8.500000000000044187e-01,8.500000000000000888e-01,1.319925277988872678e-14
7.100000000000000533e+00,8.500000000000045297e-01,8.500000000000000888e-01,1.342435900181162584e-14
7.150000000000000355e+00,8.500000000000046407e-01,8.500000000000000888e-01,1.364946522373452489e-14
7.200000000000000178e+00,8.500000000000047518e-01,8.500000000000000888e-01,1.387457144565742395e-14
7.250000000000000000e+00,8.500000000000048628e-01,8.500000000000000888e-01,1.409967766758032300e-14
7.300000000000000711e+00,8.500000000000049738e-01,8.500000000000000888e-01,1.432478388950322364e-14
7.350000000000000533e+00,8.500000000000050848e-01,8.500000000000000888e-01,1.456099234167237363e-14
7.400000000000000355e+00,8.500000000000051958e-01,8.500000000000000888e-01,1.479720079384152362e-14
7.450000000000000178e+00,8.500000000000053069e-01,8.500000000000000888e-01,1.503340924601067361e-14
7.500000000000000000e+00,8.500000000000054179e-01,8.500000000000000888e-01,1.526961769817982360e-14
7.550000000000000711e+00,8.500000000000055289e-01,8.500000000000000888e-01,1.550582615034897359e-14
7.600000000000000533e+00,8.500000000000056399e-01,8.500000000000000888e-01,1.574203460251812358e-14
7.650000000000000355e+00,8.500000000000057510e-01,8.500000000000000888e-01,1.597824305468727357e-14
7.700000000000000178e+00,8.500000000000058620e-01,8.500000000000000888e-01,1.621445150685642356e-14
7.750000000000000000e+00,8.500000000000059730e-01,8.500000000000000888e-01,1.645065995902557355e-14
7.800000000000000711e+00,8.500000000000060840e-01,8.500000000000000888e-01,1.668686841119472354e-14
7.850000000000000533e+00,8.500000000000061950e-01,8.500000000000000888e-01,1.692307686336387353e-14
7.900000000000000355e+00,8.500000000000063061e-01,8.500000000000000888e-01,1.715928531553302352e-14
7.950000000000000178e+00,8.500000000000064171e-01,8.500000000000000888e-01,1.739549376770217351e-14
8.000000000000000000e+00,8.500000000000065281e-01,8.500000000000000888e-01,1.763170221987132350e-14
8.050000000000000711e+00,8.500000000000066391e-01,8.500000000000000888e-01,1.786791067204047349e-14
8.099999999999999645e+00,8.500000000000067502e-01,8.500000000000000888e-01,1.810411912420962348e-14
8.150000000000000355e+00,8.500000000000068612e-01,8.500000000000000888e-01,1.835142980662502756e-14
8.200000000000001066e+00,8.500000000000069722e-01,8.500000000000000888e-01,1.859874048904043164e-14
8.250000000000000000e+00,8.500000000000070832e-01,8.500000000000000888e-01,1.884605117145583572e-14
8.300000000000000711e+00,8.500000000000071942e-01,8.500000000000000888e-01,1.909336185387123980e-14
8.349999999999999645e+00,8.500000000000073053e-01,8.500000000000000888e-01,1.934067253628664388e-14
8.400000000000000355e+00,8.500000000000074163e-01,8.500000000000000888e-01,1.958798321870204796e-14
8.450000000000001066e+00,8.500000000000075273e-01,8.500000000000000888e-01,1.983529390111745204e-14
8.500000000000000000e+00,8.500000000000076383e-01,8.500000000000000888e-01,2.008260458353285612e-14
8.550000000000000711e+00,8.500000000000077494e-01,8.500000000000000888e-01,2.032991526594826020e-14
8.599999999999999645e+00,8.500000000000078604e-01,8.500000000000000888e-01,2.058832817860991521e-14
8.650000000000000355e+00,8.500000000000079714e-01,8.500000000000000888e-01,2.084674109127157022e-14
8.700000000000001066e+00,8.500000000000080824e-01,8.500000000000000888e-01,2.110515400393322524e-14
8.750000000000000000e+00,8.500000000000081934e-01,8.500000000000000888e-01,2.136356691659488025e-14
8.800000000000000711e+00,8.500000000000083045e-01,8.500000000000000888e-01,2.162197982925653527e-14
8.849999999999999645e+00,8.500000000000084155e-01,8.500000000000000888e-01,2.188039274191819028e-14
8.900000000000000355e+00,8.500000000000085265e-01,8.500000000000000888e-01,2.214990788482609623e-14
8.950000000000001066e+00,8.500000000000086375e-01,8.500000000000000888e-01,2.241942302773400218e-14
9.000000000000000000e+00,8.500000000000087486e-01,8.500000000000000888e-01,2.268893817064190813e-14
9.050000000000000711e+00,8.500000000000088596e-01,8.500000000000000888e-01,2.295845331354981407e-14
9.099999999999999645e+00,8.500000000000089706e-01,8.500000000000000888e-01,2.322796845645772002e-14
9.150000000000000355e+00,8.500000000000090816e-01,8.500000000000000888e-01,2.350858582961187691e-14
9.200000000000001066e+00,8.500000000000091926e-01,8.500000000000000888e-01,2.378920320276603379e-14
9.250000000000000000e+00,8.500000000000093037e-01,8.500000000000000888e-01,2.406982057592019067e-14
9.300000000000000711e+00,8.500000000000094147e-01,8.500000000000000888e-01,2.435043794907434755e-14
9.349999999999999645e+00,8.500000000000095257e-01,8.500000000000000888e-01,2.464215755247475537e-14
9.400000000000000355e+00,8.500000000000096367e-01,8.500000000000000888e-01,2.493387715587516319e-14
9.450000000000001066e+00,8.500000000000097478e-01,8.500000000000000888e-01,2.522559675927557100e-14
9.500000000000000000e+00,8.500000000000098588e-01,8.500000000000000888e-01,2.552841859292223291e-14
9.550000000000000711e+00,8.500000000000099698e-01,8.500000000000000888e-01,2.583124042656889482e-14
9.600000000000001421e+00,8.500000000000100808e-01,8.500000000000000888e-01,2.613406226021555672e-14
9.650000000000000355e+00,8.500000000000101918e-01,8.500000000000000888e-01,2.644798632410846957e-14
9.700000000000001066e+00,8.500000000000103029e-01,8.500000000000000888e-01,2.676191038800138241e-14
9.750000000000000000e+00,8.500000000000104139e-01,8.500000000000000888e-01,2.708693668214054618e-14
9.800000000000000711e+00,8.500000000000105249e-01,8.500000000000000888e-01,2.741196297627970996e-14
9.850000000000001421e+00,8.500000000000106359e-01,8.500000000000000888e-01,2.773698927041887373e-14
9.900000000000000355e+00,8.500000000000107470e-01,8.500000000000000888e-01,2.807311779480428844e-14
9.950000000000001066e+00,8.500000000000108580e-01,8.500000000000000888e-01,2.840924631918970315e-14
1.000000000000000000e+01,8.500000000000109690e-01,8.500000000000000888e-01,2.875647707382136880e-14
1.005000000000000071e+01,8.500000000000110800e-01,8.500000000000000888e-01,2.911481005869928538e-14
1.010000000000000142e+01,8.500000000000111910e-01,8.500000000000000888e-01,2.947314304357720195e-14
1.015000000000000036e+01,8.500000000000113021e-01,8.500000000000000888e-01,2.984257825870137262e-14
1.020000000000000107e+01,8.500000000000114131e-01,8.500000000000000888e-01,3.021201347382554329e-14
1.025000000000000000e+01,8.500000000000115241e-01,8.500000000000000888e-01,3.059255091919596805e-14
1.030000000000000071e+01,8.500000000000116351e-01,8.500000000000000888e-01,3.098419059481264058e-14
1.035000000000000142e+01,8.500000000000117462e-01,8.500000000000000888e-01,3.138693250067556721e-14
1.040000000000000036e+01,8.500000000000118572e-01,8.500000000000000888e-01,3.178967440653849384e-14
1.045000000000000107e+01,8.500000000000119682e-01,8.500000000000000888e-01,3.220351854264766824e-14
1.050000000000000000e+01,8.500000000000120792e-01,8.500000000000000888e-01,3.262846490900309674e-14
1.055000000000000071e+01,8.500000000000121902e-01,8.500000000000000888e-01,3.306451350560477301e-14
1.060000000000000142e+01,8.500000000000123013e-01,8.500000000000000888e-01,3.351166433245270338e-14
1.065000000000000036e+01,8.500000000000124123e-01,8.500000000000000888e-01,3.396991738954688783e-14
1.070000000000000107e+01,8.500000000000125233e-01,8.500000000000000888e-01,3.443927267688732006e-14
1.075000000000000000e+01,8.500000000000126343e-01,8.500000000000000888e-01,3.491973019447400638e-14
1.080000000000000071e+01,8.500000000000127454e-01,8.500000000000000888e-01,3.541128994230694680e-14
1.085000000000000142e+01,8.500000000000128564e-01,8.500000000000000888e-01,3.591395192038613499e-14
1.090000000000000036e+01,8.500000000000129674e-01,8.500000000000000888e-01,3.643881835895782505e-14
1.095000000000000107e+01,8.500000000000130784e-01,8.500000000000000888e-01,3.697478702777576920e-14
1.100000000000000000e+01,8.500000000000131894e-01,8.500000000000000888e-01,3.753296015708621521e-14
1.105000000000000071e+01,8.500000000000133005e-01,8.500000000000000888e-01,3.810223551664291532e-14
1.110000000000000142e+01,8.500000000000134115e-01,8.500000000000000888e-01,3.869371533669211730e-14
1.115000000000000036e+01,8.500000000000135225e-01,8.500000000000000888e-01,3.929629738698756705e-14
1.120000000000000107e+01,8.500000000000136335e-01,8.500000000000000888e-01,3.992108389777552499e-14
1.125000000000000000e+01,8.500000000000137446e-01,8.500000000000000888e-01,4.056807486905598479e-14
1.130000000000000071e+01,8.500000000000139666e-01,8.500000000000000888e-01,4.123727030082894646e-14
1.135000000000000142e+01,8.500000000000141887e-01,8.500000000000000888e-01,4.191756796284816222e-14
1.140000000000000036e+01,8.500000000000144107e-01,8.500000000000000888e-01,4.260896785511362576e-14
1.145000000000000107e+01,8.500000000000146327e-01,8.500000000000000888e-01,4.331146997762534339e-14
1.150000000000000000e+01,8.500000000000148548e-01,8.500000000000000888e-01,4.402507433038330880e-14
1.155000000000000071e+01,8.500000000000150768e-01,8.500000000000000888e-01,4.474978091338752830e-14
1.160000000000000142e+01,8.500000000000152989e-01,8.500000000000000888e-01,4.549669195688424967e-14
1.165000000000000036e+01,8.500000000000155209e-01,8.500000000000000888e-01,4.625470523062722513e-14
1.170000000000000107e+01,8.500000000000157430e-01,8.500000000000000888e-01,4.702382073461644836e-14
1.175000000000000000e+01,8.500000000000159650e-01,8.500000000000000888e-01,4.781514069909817978e-14
1.180000000000000071e+01,8.500000000000161871e-01,8.500000000000000888e-01,4.861756289382615897e-14
1.185000000000000142e+01,8.500000000000164091e-01,8.500000000000000888e-01,4.944218954904664004e-14
1.190000000000000036e+01,8.500000000000166311e-01,8.500000000000000888e-01,5.028902066475962928e-14
1.195000000000000107e+01,8.500000000000168532e-01,8.500000000000000888e-01,5.114695401071886630e-14
1.200000000000000000e+01,8.500000000000170752e-01,8.500000000000000888e-01,5.202709181717060519e-14
1.205000000000000071e+01,8.500000000000172973e-01,8.500000000000000888e-01,5.292943408411485226e-14
1.210000000000000142e+01,8.500000000000175193e-01,8.500000000000000888e-01,5.385398081155160120e-14
1.215000000000000036e+01,8.500000000000177414e-01,8.500000000000000888e-01,5.481183422972710610e-14
1.220000000000000107e+01,8.500000000000179634e-01,8.500000000000000888e-01,5.579189210839511286e-14
1.225000000000000000e+01,8.500000000000181855e-01,8.500000000000000888e-01,5.679415444755562150e-14
1.230000000000000071e+01,8.500000000000184075e-01,8.500000000000000888e-01,5.782972347745487978e-14
1.235000000000000142e+01,8.500000000000186295e-01,8.500000000000000888e-01,5.888749696784665255e-14
1.240000000000000036e+01,8.500000000000188516e-01,8.500000000000000888e-01,5.997857714897717497e-14
1.245000000000000107e+01,8.500000000000191847e-01,8.500000000000000888e-01,6.110296402084644704e-14
1.250000000000000000e+01,8.500000000000195177e-01,8.500000000000000888e-01,6.224955535320822728e-14
1.255000000000000071e+01,8.500000000000198508e-01,8.500000000000000888e-01,6.341835114606251571e-14
1.260000000000000142e+01,8.500000000000201839e-01,8.500000000000000888e-01,6.462045362965555378e-14
1.265000000000000036e+01,8.500000000000205169e-01,8.500000000000000888e-01,6.584476057374110003e-14
1.270000000000000107e+01,8.500000000000208500e-01,8.500000000000000888e-01,6.710237420856539593e-14
1.275000000000000000e+01,8.500000000000211831e-01,8.500000000000000888e-01,6.838219230388220001e-14
1.280000000000000071e+01,8.500000000000215161e-01,8.500000000000000888e-01,6.969531708993775374e-14
1.285000000000000142e+01,8.500000000000218492e-01,8.500000000000000888e-01,7.104174856673205712e-14
1.290000000000000036e+01,8.500000000000221823e-01,8.500000000000000888e-01,7.242148673426512276e-14
1.295000000000000107e+01,8.500000000000225153e-01,8.500000000000000888e-01,7.383453159253693805e-14
1.300000000000000000e+01,8.500000000000228484e-01,8.500000000000000888e-01,7.529198537179375708e-14
1.305000000000000071e+01,8.500000000000231815e-01,8.500000000000000888e-01,7.678274584178933838e-14
1.310000000000000142e+01,8.500000000000235145e-01,8.500000000000000888e-01,7.831791523276992342e-14
1.315000000000000036e+01,8.500000000000239586e-01,8.500000000000000888e-01,7.989749354473551219e-14
1.320000000000000107e+01,8.500000000000244027e-01,8.500000000000000888e-01,8.151037854743986323e-14
1.325000000000000000e+01,8.500000000000248468e-01,8.500000000000000888e-01,8.315657024088296392e-14
1.330000000000000071e+01,8.500000000000252909e-01,8.500000000000000888e-01,8.484717085531106835e-14
1.335000000000000142e+01,8.500000000000257350e-01,8.500000000000000888e-01,8.657107816047793504e-14
1.340000000000000036e+01,8.500000000000261791e-01,8.500000000000000888e-01,8.833939438662980548e-14
1.345000000000000107e+01,8.500000000000266231e-01,8.500000000000000888e-01,9.015211953376667965e-14
1.350000000000000000e+01,8.500000000000270672e-01,8.500000000000000888e-01,9.200925360188855756e-14
1.355000000000000071e+01,8.500000000000275113e-01,8.500000000000000888e-01,9.391079659099543920e-14
1.360000000000000142e+01,8.500000000000279554e-01,8.500000000000000888e-01,9.586785073133357867e-14
1.365000000000000036e+01,8.500000000000285105e-01,8.500000000000000888e-01,9.788041602290297597e-14
1.370000000000000107e+01,8.500000000000290656e-01,8.500000000000000888e-01,9.993739023545738963e-14
1.375000000000000000e+01,8.500000000000296208e-01,8.500000000000000888e-01,1.020387733689968070e-13
1.380000000000000071e+01,8.500000000000301759e-01,8.500000000000000888e-01,1.041956676537674822e-13
1.385000000000000142e+01,8.500000000000307310e-01,8.500000000000000888e-01,1.063969708595231612e-13
1.390000000000000036e+01,8.500000000000312861e-01,8.500000000000000888e-01,1.086537852165100980e-13
1.395000000000000107e+01,8.500000000000318412e-01,8.500000000000000888e-01,1.109661107247282926e-13
1.400000000000000000e+01,8.500000000000323963e-01,8.500000000000000888e-01,1.133450496144239991e-13
1.405000000000000071e+01,8.500000000000329514e-01,8.500000000000000888e-01,1.157794996553509635e-13
1.410000000000000142e+01,8.500000000000336176e-01,8.500000000000000888e-01,1.182805630777554398e-13
1.415000000000000036e+01,8.500000000000342837e-01,8.500000000000000888e-01,1.208482398816374153e-13
1.420000000000000107e+01,8.500000000000349498e-01,8.500000000000000888e-01,1.234714278367506487e-13
1.425000000000000000e+01,8.500000000000356160e-01,8.500000000000000888e-01,1.261612291733414067e-13
1.430000000000000071e+01,8.500000000000362821e-01,8.500000000000000888e-01,1.289176438914096639e-13
1.435000000000000142e+01,8.500000000000369482e-01,8.500000000000000888e-01,1.317517742212016871e-13
1.440000000000000036e+01,8.500000000000377254e-01,8.500000000000000888e-01,1.346525179324712097e-13
1.445000000000000107e+01,8.500000000000385025e-01,8.500000000000000888e-01,1.376198750252182567e-13
1.450000000000000000e+01,8.500000000000392797e-01,8.500000000000000888e-01,1.406649477296890446e-13
1.455000000000000071e+01,8.500000000000400568e-01,8.500000000000000888e-01,1.437766338156373569e-13
1.460000000000000142e+01,8.500000000000408340e-01,8.500000000000000888e-01,1.469771377435556768e-13
1.465000000000000036e+01,8.500000000000416112e-01,8.500000000000000888e-01,1.502553572831977626e-13
1.470000000000000107e+01,8.500000000000424993e-01,8.500000000000000888e-01,1.536223946648098560e-13
1.475000000000000000e+01,8.500000000000433875e-01,8.500000000000000888e-01,1.570671476581457153e-13
1.480000000000000071e+01,8.500000000000442757e-01,8.500000000000000888e-01,1.605896162632053406e-13
1.485000000000000142e+01,8.500000000000451639e-01,8.500000000000000888e-01,1.642009027102349735e-13
1.490000000000000036e+01,8.500000000000460521e-01,8.500000000000000888e-01,1.679010069992346138e-13
1.495000000000000107e+01,8.500000000000470513e-01,8.500000000000000888e-01,1.717010313604505282e-13
1.500000000000000000e+01,8.500000000000480505e-01,8.500000000000000888e-01,1.755898735636364502e-13
1.505000000000000071e+01,8.500000000000490497e-01,8.500000000000000888e-01,1.795786358390386211e-13
1.510000000000000142e+01,8.500000000000500489e-01,8.500000000000000888e-01,1.836673181866570661e-13
1.515000000000000036e+01,8.500000000000510481e-01,8.500000000000000888e-01,1.878559206064917854e-13
1.520000000000000107e+01,8.500000000000521583e-01,8.500000000000000888e-01,1.921555453287890203e-13
1.525000000000000000e+01,8.500000000000532685e-01,8.500000000000000888e-01,1.965550901233025042e-13
1.530000000000000071e+01,8.500000000000543787e-01,8.500000000000000888e-01,2.010656572202785037e-13
1.535000000000000142e+01,8.500000000000554889e-01,8.500000000000000888e-01,2.056983488499632856e-13
1.540000000000000036e+01,8.500000000000567102e-01,8.500000000000000888e-01,2.104420627821105831e-13
1.545000000000000107e+01,8.500000000000579314e-01,8.500000000000000888e-01,2.153079012469666378e-13
1.550000000000000000e+01,8.500000000000591527e-01,8.500000000000000888e-01,2.202958642445314496e-13
1.555000000000000071e+01,8.500000000000604850e-01,8.500000000000000888e-01,2.254059517748050437e-13
1.560000000000000142e+01,8.500000000000618172e-01,8.500000000000000888e-01,2.306381638377873950e-13
1.565000000000000036e+01,8.500000000000631495e-01,8.500000000000000888e-01,2.360036026637247953e-13
1.570000000000000107e+01,8.500000000000644818e-01,8.500000000000000888e-01,2.415022682526171942e-13
1.575000000000000000e+01,8.500000000000659250e-01,8.500000000000000888e-01,2.471452628347108837e-13
1.580000000000000071e+01,8.500000000000673683e-01,8.500000000000000888e-01,2.529214841797595718e-13
1.585000000000000142e+01,8.500000000000688116e-01,8.500000000000000888e-01,2.588420345180095504e-13
1.590000000000000036e+01,8.500000000000703659e-01,8.500000000000000888e-01,2.649180160797070105e-13
1.595000000000000107e+01,8.500000000000719202e-01,8.500000000000000888e-01,2.711383266346057612e-13
1.600000000000000000e+01,8.500000000000734746e-01,8.500000000000000888e-01,2.775140684129520439e-13
1.605000000000000071e+01,8.500000000000751399e-01,8.500000000000000888e-01,2.840563436449921001e-13
1.610000000000000142e+01,8.500000000000768052e-01,8.500000000000000888e-01,2.907540501004796883e-13
1.615000000000000213e+01,8.500000000000784706e-01,8.500000000000000888e-01,2.976182900096610500e-13
1.619999999999999929e+01,8.500000000000802469e-01,8.500000000000000888e-01,3.046601656027824266e-13
1.625000000000000000e+01,8.500000000000820233e-01,8.500000000000000888e-01,3.118796768798438182e-13
1.630000000000000071e+01,8.500000000000839107e-01,8.500000000000000888e-01,3.192879260710914662e-13
1.635000000000000142e+01,8.500000000000857980e-01,8.500000000000000888e-01,3.268738109462791291e-13
1.640000000000000213e+01,8.500000000000877964e-01,8.500000000000000888e-01,3.346484337356530989e-13
1.644999999999999929e+01,8.500000000000897948e-01,8.500000000000000888e-01,3.426117944392133252e-13
1.650000000000000000e+01,8.500000000000917932e-01,8.500000000000000888e-01,3.507749952872060998e-13
1.655000000000000071e+01,8.500000000000939027e-01,8.500000000000000888e-01,3.591491385098776643e-13
1.660000000000000142e+01,8.500000000000960121e-01,8.500000000000000888e-01,3.677231218769817267e-13
1.665000000000000213e+01,8.500000000000982325e-01,8.500000000000000888e-01,3.765191498490108203e-13
1.669999999999999929e+01,8.500000000001004530e-01,8.500000000000000888e-01,3.855372224259649453e-13
1.675000000000000000e+01,8.500000000001027844e-01,8.500000000000000888e-01,3.947773396078441016e-13
1.680000000000000071e+01,8.500000000001051159e-01,8.500000000000000888e-01,4.042506036248945306e-13
1.685000000000000142e+01,8.500000000001075584e-01,8.500000000000000888e-01,4.139681167073625244e-13
1.690000000000000213e+01,8.500000000001100009e-01,8.500000000000000888e-01,4.239187766250017910e-13
1.694999999999999929e+01,8.500000000001125544e-01,8.500000000000000888e-01,4.341247878383048637e-13
1.700000000000000000e+01,8.500000000001152189e-01,8.500000000000000888e-01,4.445861503472716922e-13
1.705000000000000071e+01,8.500000000001178835e-01,8.500000000000000888e-01,4.553028641519023269e-13
1.710000000000000142e+01,8.500000000001206590e-01,8.500000000000000888e-01,4.662971337126892507e-13
1.715000000000000213e+01,8.500000000001234346e-01,8.500000000000000888e-01,4.775578567993861717e-13
1.719999999999999929e+01,8.500000000001263212e-01,8.500000000000000888e-01,4.891072378724856738e-13
1.725000000000000000e+01,8.500000000001293188e-01,8.500000000000000888e-01,5.009452769319877569e-13
1.730000000000000071e+01,8.500000000001323164e-01,8.500000000000000888e-01,5.130719739778923202e-13
1.735000000000000142e+01,8.500000000001354250e-01,8.500000000000000888e-01,5.255095334706919475e-13
1.740000000000000213e+01,8.500000000001386447e-01,8.500000000000000888e-01,5.382579554103866389e-13
1.744999999999999929e+01,8.500000000001418643e-01,8.500000000000000888e-01,5.513172397969763942e-13
1.750000000000000000e+01,8.500000000001451950e-01,8.500000000000000888e-01,5.647095910909536966e-13
1.755000000000000071e+01,8.500000000001486367e-01,8.500000000000000888e-01,5.784350092923185458e-13
1.760000000000000142e+01,8.500000000001521894e-01,8.500000000000000888e-01,5.925045966313171331e-13
1.765000000000000213e+01,8.500000000001557421e-01,8.500000000000000888e-01,6.069183531079495592e-13
1.769999999999999929e+01,8.500000000001594058e-01,8.500000000000000888e-01,6.216984831827083072e-13
1.775000000000000000e+01,8.500000000001631806e-01,8.500000000000000888e-01,6.368560890858395681e-13
1.780000000000000071e+01,8.500000000001670664e-01,8.500000000000000888e-01,6.523911708173433417e-13
1.785000000000000142e+01,8.500000000001710632e-01,8.500000000000000888e-01,6.683148306074659202e-13
1.790000000000000213e+01,8.500000000001751710e-01,8.500000000000000888e-01,6.846381706864535954e-13
1.794999999999999929e+01,8.500000000001793898e-01,8.500000000000000888e-01,7.013611910543063673e-13
1.800000000000000000e+01,8.500000000001837197e-01,8.500000000000000888e-01,7.185060961715166180e-13
1.805000000000000071e+01,8.500000000001881606e-01,8.500000000000000888e-01,7.360728860380844483e-13
1.810000000000000142e+01,8.500000000001927125e-01,8.500000000000000888e-01,7.540726628842561503e-13
1.815000000000000213e+01,8.500000000001973754e-01,8.500000000000000888e-01,7.725165289402779149e-13
1.819999999999999929e+01,8.500000000002021494e-01,8.500000000000000888e-01,7.914155864363959331e-13
1.825000000000000000e+01,8.500000000002070344e-01,8.500000000000000888e-01,8.107809376028564968e-13
1.830000000000000071e+01,8.500000000002120304e-01,8.500000000000000888e-01,8.306236846699058980e-13
1.835000000000000142e+01,8.500000000002171374e-01,8.500000000000000888e-01,8.509660320980366197e-13
1.840000000000000213e+01,8.500000000002223555e-01,8.500000000000000888e-01,8.718079798872486618e-13
1.844999999999999929e+01,8.500000000002276845e-01,8.500000000000000888e-01,8.931717324980345073e-13
1.850000000000000000e+01,8.500000000002331246e-01,8.500000000000000888e-01,9.150683921606404482e-13
1.855000000000000071e+01,8.500000000002387868e-01,8.500000000000000888e-01,9.375201633355589673e-13
1.860000000000000142e+01,8.500000000002445599e-01,8.500000000000000888e-01,9.605270460227900647e-13
1.865000000000000213e+01,8.500000000002504441e-01,8.500000000000000888e-01,9.841112446828263242e-13
1.869999999999999929e+01,8.500000000002564393e-01,8.500000000000000888e-01,1.008283861545913836e-12
1.875000000000000000e+01,8.500000000002626566e-01,8.500000000000000888e-01,1.033067101072545184e-12
1.880000000000000071e+01,8.500000000002689848e-01,8.500000000000000888e-01,1.058472065492966660e-12
1.885000000000000142e+01,8.500000000002755352e-01,8.500000000000000888e-01,1.084509857037424354e-12
1.890000000000000213e+01,8.500000000002821965e-01,8.500000000000000888e-01,1.111191577936164760e-12
1.894999999999999929e+01,8.500000000002890799e-01,8.500000000000000888e-01,1.138539432649680259e-12
1.900000000000000000e+01,8.500000000002960743e-01,8.500000000000000888e-01,1.166575625638463235e-12
1.905000000000000071e+01,8.500000000003032907e-01,8.500000000000000888e-01,1.195311259132760181e-12
1.910000000000000142e+01,8.500000000003106182e-01,8.500000000000000888e-01,1.224757435362817186e-12
1.915000000000000213e+01,8.500000000003181677e-01,8.500000000000000888e-01,1.254947461019373127e-12
1.920000000000000284e+01,8.500000000003259393e-01,8.500000000000000888e-01,1.285892438332674094e-12
1.925000000000000000e+01,8.500000000003338219e-01,8.500000000000000888e-01,1.317603469532966378e-12
1.930000000000000071e+01,8.500000000003419265e-01,8.500000000000000888e-01,1.350113861310988856e-12
1.935000000000000142e+01,8.500000000003502532e-01,8.500000000000000888e-01,1.383434715896987617e-12
1.940000000000000213e+01,8.500000000003588019e-01,8.500000000000000888e-01,1.417588237751455246e-12
1.945000000000000284e+01,8.500000000003675726e-01,8.500000000000000888e-01,1.452596631334884326e-12
1.950000000000000000e+01,8.500000000003765654e-01,8.500000000000000888e-01,1.488482101107767239e-12
1.955000000000000071e+01,8.500000000003857803e-01,8.500000000000000888e-01,1.525266851530596569e-12
1.960000000000000142e+01,8.500000000003952172e-01,8.500000000000000888e-01,1.562961984833618407e-12
1.965000000000000213e+01,8.500000000004048761e-01,8.500000000000000888e-01,1.601600807707571628e-12
1.970000000000000284e+01,8.500000000004147571e-01,8.500000000000000888e-01,1.641205524612948815e-12
1.975000000000000000e+01,8.500000000004248601e-01,8.500000000000000888e-01,1.681798340010242352e-12
1.980000000000000071e+01,8.500000000004352962e-01,8.500000000000000888e-01,1.723412560590191113e-12
1.985000000000000142e+01,8.500000000004459544e-01,8.500000000000000888e-01,1.766070390813287481e-12
1.990000000000000213e+01,8.500000000004568346e-01,8.500000000000000888e-01,1.809794035140024040e-12
1.995000000000000284e+01,8.500000000004680478e-01,8.500000000000000888e-01,1.854616800261139666e-12
2.000000000000000000e+01,8.500000000004794831e-01,8.500000000000000888e-01,1.900549788406880245e-12
2.005000000000000071e+01,8.500000000004912515e-01,8.500000000000000888e-01,1.947637408498231150e-12
2.010000000000000142e+01,8.500000000005033529e-01,8.500000000000000888e-01,1.995901864995684558e-12
2.015000000000000213e+01,8.500000000005156764e-01,8.500000000000000888e-01,2.045376464589979549e-12
2.020000000000000284e+01,8.500000000005283329e-01,8.500000000000000888e-01,2.096094513971854392e-12
2.025000000000000000e+01,8.500000000005413225e-01,8.500000000000000888e-01,2.148078217601802075e-12
2.030000000000000071e+01,8.500000000005546452e-01,8.500000000000000888e-01,2.201360882170561272e-12
2.035000000000000142e+01,8.500000000005683010e-01,8.500000000000000888e-01,2.255975814368870657e-12
2.040000000000000213e+01,8.500000000005822898e-01,8.500000000000000888e-01,2.311956320887468904e-12
2.045000000000000284e+01,8.500000000005966116e-01,8.500000000000000888e-01,2.369335708417094686e-12
2.050000000000000000e+01,8.500000000006112666e-01,8.500000000000000888e-01,2.428158385878733172e-12
2.055000000000000071e+01,8.500000000006263656e-01,8.500000000000000888e-01,2.488446557732876945e-12
2.060000000000000142e+01,8.500000000006417977e-01,8.500000000000000888e-01,2.550244632900511174e-12
2.065000000000000213e+01,8.500000000006576739e-01,8.500000000000000888e-01,2.613585918072374128e-12
2.070000000000000284e+01,8.500000000006738832e-01,8.500000000000000888e-01,2.678514822169450974e-12
2.075000000000000000e+01,8.500000000006905365e-01,8.500000000000000888e-01,2.745064651882480792e-12
2.080000000000000071e+01,8.500000000007076340e-01,8.500000000000000888e-01,2.813279816132448344e-12
2.085000000000000142e+01,8.500000000007250645e-01,8.500000000000000888e-01,2.883193621610092306e-12
2.090000000000000213e+01,8.500000000007429390e-01,8.500000000000000888e-01,2.954861579466643933e-12
2.095000000000000284e+01,8.500000000007612577e-01,8.500000000000000888e-01,3.028328098623088396e-12
2.100000000000000000e+01,8.500000000007801315e-01,8.500000000000000888e-01,3.103626485770164366e-12
2.105000000000000071e+01,8.500000000007994494e-01,8.500000000000000888e-01,3.180801149828857013e-12
2.110000000000000142e+01,8.500000000008192114e-01,8.500000000000000888e-01,3.259907601950397189e-12
2.115000000000000213e+01,8.500000000008395284e-01,8.500000000000000888e-01,3.340990251055770064e-12
2.120000000000000284e+01,8.500000000008602896e-01,8.500000000000000888e-01,3.424093506065960804e-12
2.125000000000000000e+01,8.500000000008816059e-01,8.500000000000000888e-01,3.509283980362446757e-12
2.130000000000000071e+01,8.500000000009034773e-01,8.500000000000000888e-01,3.596594980635967002e-12
2.135000000000000142e+01,8.500000000009259038e-01,8.500000000000000888e-01,3.686093120267998483e-12
2.140000000000000213e+01,8.500000000009488854e-01,8.500000000000000888e-01,3.777822808179526770e-12
2.145000000000000284e+01,8.500000000009724221e-01,8.500000000000000888e-01,3.871839555521782718e-12
2.150000000000000000e+01,8.500000000009965140e-01,8.500000000000000888e-01,3.968198873445997585e-12
2.155000000000000071e+01,8.500000000010211609e-01,8.500000000000000888e-01,4.066967375333649526e-12
2.160000000000000142e+01,8.500000000010464740e-01,8.500000000000000888e-01,4.168211674566215082e-12
2.165000000000000213e+01,8.500000000010724532e-01,8.500000000000000888e-01,4.271987282294926318e-12
2.170000000000000284e+01,8.500000000010990986e-01,8.500000000000000888e-01,4.378349709671014491e-12
2.175000000000000000e+01,8.500000000011262991e-01,8.500000000000000888e-01,4.487365570075956143e-12
2.180000000000000071e+01,8.500000000011542767e-01,8.500000000000000888e-01,4.599112579121476325e-12
2.185000000000000142e+01,8.500000000011829204e-01,8.500000000000000888e-01,4.713657350189051579e-12
2.190000000000000213e+01,8.500000000012122303e-01,8.500000000000000888e-01,4.831055394429913163e-12
2.195000000000000284e+01,8.500000000012423174e-01,8.500000000000000888e-01,4.951395529686031411e-12
2.200000000000000000e+01,8.500000000012731816e-01,8.500000000000000888e-01,5.074744369338884480e-12
2.205000000000000071e+01,8.500000000013048229e-01,8.500000000000000888e-01,5.201179629000194999e-12
2.210000000000000142e+01,8.500000000013372414e-01,8.500000000000000888e-01,5.330767922051441124e-12
2.215000000000000213e+01,8.500000000013704371e-01,8.500000000000000888e-01,5.463598066334592383e-12
2.220000000000000284e+01,8.500000000014045209e-01,8.500000000000000888e-01,5.599747777461373022e-12
2.225000000000000000e+01,8.500000000014393819e-01,8.500000000000000888e-01,5.739294771043506478e-12
2.230000000000000071e+01,8.500000000014751311e-01,8.500000000000000888e-01,5.882327864922963088e-12
2.235000000000000142e+01,8.500000000015117685e-01,8.500000000000000888e-01,6.028946979171959276e-12
2.240000000000000213e+01,8.500000000015492940e-01,8.500000000000000888e-01,6.179229829402218481e-12
2.245000000000000284e+01,8.500000000015878188e-01,8.500000000000000888e-01,6.333276335685957128e-12
2.250000000000000000e+01,8.500000000016273427e-01,8.500000000000000888e-01,6.491175315865144745e-12
2.255000000000000071e+01,8.500000000016677548e-01,8.500000000000000888e-01,6.653015587781751667e-12
2.260000000000000142e+01,8.500000000017092772e-01,8.500000000000000888e-01,6.818908173738240412e-12
2.265000000000000213e+01,8.500000000017517987e-01,8.500000000000000888e-01,6.988941891576581313e-12
2.270000000000000284e+01,8.500000000017953194e-01,8.500000000000000888e-01,7.163216661368989989e-12
2.275000000000000000e+01,8.500000000018399504e-01,8.500000000000000888e-01,7.341854607648175045e-12
2.280000000000000071e+01,8.500000000018856916e-01,8.500000000000000888e-01,7.524966752716599806e-12
2.285000000000000142e+01,8.500000000019326540e-01,8.500000000000000888e-01,7.712653016646479888e-12
2.290000000000000213e+01,8.500000000019807267e-01,8.500000000000000888e-01,7.905035523970524706e-12
2.295000000000000284e+01,8.500000000020300206e-01,8.500000000000000888e-01,8.102225296991196774e-12
2.300000000000000000e+01,8.500000000020805357e-01,8.500000000000000888e-01,8.304344460241203892e-12
2.305000000000000071e+01,8.500000000021323832e-01,8.500000000000000888e-01,8.511515138253255471e-12
2.310000000000000142e+01,8.500000000021854518e-01,8.500000000000000888e-01,8.723859455560060927e-12
2.315000000000000213e+01,8.500000000022398527e-01,8.500000000000000888e-01,8.941521741154820236e-12
2.320000000000000284e+01,8.500000000022955859e-01,8.500000000000000888e-01,9.164624119570242812e-12
2.325000000000000000e+01,8.500000000023527624e-01,8.500000000000000888e-01,9.393310919799530248e-12
2.330000000000000071e+01,8.500000000024113822e-01,8.500000000000000888e-01,9.627715368605637241e-12
2.335000000000000142e+01,8.500000000024714453e-01,8.500000000000000888e-01,9.867970692751518485e-12
2.340000000000000213e+01,8.500000000025330626e-01,8.500000000000000888e-01,1.011423232346062247e-11
2.345000000000000284e+01,8.500000000025961233e-01,8.500000000000000888e-01,1.036664458972614918e-11
2.350000000000000000e+01,8.500000000026608493e-01,8.500000000000000888e-01,1.062537402500179400e-11
2.355000000000000071e+01,8.500000000027271296e-01,8.500000000000000888e-01,1.089056495828075691e-11
2.360000000000000142e+01,8.500000000027950753e-01,8.500000000000000888e-01,1.116239502524697857e-11
2.365000000000000213e+01,8.500000000028646863e-01,8.500000000000000888e-01,1.144101965712390587e-11
2.370000000000000284e+01,8.500000000029360736e-01,8.500000000000000888e-01,1.172661648959547948e-11
2.375000000000000000e+01,8.500000000030092373e-01,8.500000000000000888e-01,1.201935205611539155e-11
2.380000000000000071e+01,8.500000000030842884e-01,8.500000000000000888e-01,1.231940399236758437e-11
2.385000000000000142e+01,8.500000000031612268e-01,8.500000000000000888e-01,1.262696103626624390e-11
2.390000000000000213e+01,8.500000000032400527e-01,8.500000000000000888e-01,1.294220082349530919e-11
2.395000000000000284e+01,8.500000000033208769e-01,8.500000000000000888e-01,1.326531209196896619e-11
2.400000000000000000e+01,8.500000000034036995e-01,8.500000000000000888e-01,1.359650578406189465e-11
2.405000000000000071e+01,8.500000000034885206e-01,8.500000000000000888e-01,1.393597063768828053e-11
2.410000000000000142e+01,8.500000000035755621e-01,8.500000000000000888e-01,1.428392869745304886e-11
2.415000000000000213e+01,8.500000000036647130e-01,8.500000000000000888e-01,1.464057980350063087e-11
2.420000000000000284e+01,8.500000000037560843e-01,8.500000000000000888e-01,1.500614600043595321e-11
2.425000000000000000e+01,8.500000000038497872e-01,8.500000000000000888e-01,1.538086043509418619e-11
2.430000000000000071e+01,8.500000000039458214e-01,8.500000000000000888e-01,1.576493404985001118e-11
2.435000000000000142e+01,8.500000000040441872e-01,8.500000000000000888e-01,1.615861109376884378e-11
2.440000000000000213e+01,8.500000000041451065e-01,8.500000000000000888e-01,1.656213581591609957e-11
2.445000000000000284e+01,8.500000000042484682e-01,8.500000000000000888e-01,1.697574136312695373e-11
2.450000000000000000e+01,8.500000000043544945e-01,8.500000000000000888e-01,1.739969418892731241e-11
2.455000000000000071e+01,8.500000000044631854e-01,8.500000000000000888e-01,1.783423854238259766e-11
2.460000000000000142e+01,8.500000000045745407e-01,8.500000000000000888e-01,1.827964087701871565e-11
2.465000000000000213e+01,8.500000000046886717e-01,8.500000000000000888e-01,1.873617874859182268e-11
2.470000000000000284e+01,8.500000000048056892e-01,8.500000000000000888e-01,1.920412971285807824e-11
2.475000000000000000e+01,8.500000000049255933e-01,8.500000000000000888e-01,1.968378242780388232e-11
2.480000000000000071e+01,8.500000000050484950e-01,8.500000000000000888e-01,2.017542555141563808e-11
2.485000000000000142e+01,8.500000000051745053e-01,8.500000000000000888e-01,2.067935884390999562e-11
2.490000000000000213e+01,8.500000000053036242e-01,8.500000000000000888e-01,2.119589316773384868e-11
2.495000000000000284e+01,8.500000000054359628e-01,8.500000000000000888e-01,2.172533938533409103e-11
2.500000000000000000e+01,8.500000000055716320e-01,8.500000000000000888e-01,2.226801946138786653e-11
2.505000000000000071e+01,8.500000000057107430e-01,8.500000000000000888e-01,2.282426646280255950e-11
2.510000000000000142e+01,8.500000000058532956e-01,8.500000000000000888e-01,2.339441345648556073e-11
2.515000000000000213e+01,8.500000000059994010e-01,8.500000000000000888e-01,2.397881571380474833e-11
2.520000000000000284e+01,8.500000000061491701e-01,8.500000000000000888e-01,2.457782850612800362e-11
2.525000000000000000e+01,8.500000000063027139e-01,8.500000000000000888e-01,2.519181820705345164e-11
2.530000000000000071e+01,8.500000000064600325e-01,8.500000000000000888e-01,2.582115119017922061e-11
2.535000000000000142e+01,8.500000000066213479e-01,8.500000000000000888e-01,2.646621603356392611e-11
2.540000000000000213e+01,8.500000000067866601e-01,8.500000000000000888e-01,2.712740131526619017e-11
2.545000000000000284e+01,8.500000000069560802e-01,8.500000000000000888e-01,2.780511781780512217e-11
2.550000000000000000e+01,8.500000000071297190e-01,8.500000000000000888e-01,2.849977632369983470e-11
2.555000000000000071e+01,8.500000000073076878e-01,8.500000000000000888e-01,2.921180981992992771e-11
2.560000000000000142e+01,8.500000000074900974e-01,8.500000000000000888e-01,2.994164019124476391e-11
2.565000000000000213e+01,8.500000000076771700e-01,8.500000000000000888e-01,3.068972262908444027e-11
2.570000000000000284e+01,8.500000000078689055e-01,8.500000000000000888e-01,3.145650122265880039e-11
2.575000000000000000e+01,8.500000000080654150e-01,8.500000000000000888e-01,3.224244226563819458e-11
2.580000000000000071e+01,8.500000000082668095e-01,8.500000000000000888e-01,3.304803425615345405e-11
2.585000000000000142e+01,8.500000000084731999e-01,8.500000000000000888e-01,3.387376569233540998e-11
2.590000000000000213e+01,8.500000000086848084e-01,8.500000000000000888e-01,3.472014727677539382e-11
2.595000000000000284e+01,8.500000000089017460e-01,8.500000000000000888e-01,3.558768971206473703e-11
2.600000000000000000e+01,8.500000000091240127e-01,8.500000000000000888e-01,3.647691480302500825e-11
2.605000000000000071e+01,8.500000000093518304e-01,8.500000000000000888e-01,3.738836655893827639e-11
2.610000000000000142e+01,8.500000000095854213e-01,8.500000000000000888e-01,3.832261119354709771e-11
2.615000000000000213e+01,8.500000000098247854e-01,8.500000000000000888e-01,3.928021492059403490e-11
2.620000000000000284e+01,8.500000000100701447e-01,8.500000000000000888e-01,4.026175505605188788e-11
2.625000000000000000e+01,8.500000000103217213e-01,8.500000000000000888e-01,4.126784222258420050e-11
2.630000000000000071e+01,8.500000000105795150e-01,8.500000000000000888e-01,4.229907594062427290e-11
2.635000000000000142e+01,8.500000000108437481e-01,8.500000000000000888e-01,4.335608903729614274e-11
2.640000000000000213e+01,8.500000000111146425e-01,8.500000000000000888e-01,4.443952544195409129e-11
2.645000000000000284e+01,8.500000000113923093e-01,8.500000000000000888e-01,4.555005128841289367e-11
2.650000000000000000e+01,8.500000000116768595e-01,8.500000000000000888e-01,4.668833271048732497e-11
2.655000000000000071e+01,8.500000000119685151e-01,8.500000000000000888e-01,4.785508025091314786e-11
2.660000000000000142e+01,8.500000000122674981e-01,8.500000000000000888e-01,4.905099335019587490e-11
2.665000000000000213e+01,8.500000000125739197e-01,8.500000000000000888e-01,5.027680475553175612e-11
2.670000000000000284e+01,8.500000000128880018e-01,8.500000000000000888e-01,5.153326941857753533e-11
2.675000000000000000e+01,8.500000000132099665e-01,8.500000000000000888e-01,5.282114229098996280e-11
2.680000000000000071e+01,8.500000000135400358e-01,8.500000000000000888e-01,5.414121163111651981e-11
2.685000000000000142e+01,8.500000000138783207e-01,8.500000000000000888e-01,5.549427679953493776e-11
2.690000000000000213e+01,8.500000000142250434e-01,8.500000000000000888e-01,5.688117046351367906e-11
2.695000000000000284e+01,8.500000000145804258e-01,8.500000000000000888e-01,5.830273639255146918e-11
2.700000000000000000e+01,8.500000000149446899e-01,8.500000000000000888e-01,5.975984056060750150e-11
2.705000000000000071e+01,8.500000000153180579e-01,8.500000000000000888e-01,6.125337114610149555e-11
2.710000000000000142e+01,8.500000000157007518e-01,8.500000000000000888e-01,6.278424963414386953e-11
2.715000000000000213e+01,8.500000000160929936e-01,8.500000000000000888e-01,6.435339750984508041e-11
2.720000000000000284e+01,8.500000000164951164e-01,8.500000000000000888e-01,6.596178066723654691e-11
2.725000000000000000e+01,8.500000000169072312e-01,8.500000000000000888e-01,6.761036500034968774e-11
2.730000000000000071e+01,8.500000000173296710e-01,8.500000000000000888e-01,6.930017191436715287e-11
2.735000000000000142e+01,8.500000000177626580e-01,8.500000000000000888e-01,7.103222281447160522e-11
2.740000000000000213e+01,8.500000000182065252e-01,8.500000000000000888e-01,7.280758351476669526e-11
2.745000000000000284e+01,8.500000000186614946e-01,8.500000000000000888e-01,7.462731982935604763e-11
2.750000000000000000e+01,8.500000000191277882e-01,8.500000000000000888e-01,7.649255308349454410e-11
2.755000000000000071e+01,8.500000000196057393e-01,8.500000000000000888e-01,7.840441570466729713e-11
2.760000000000000142e+01,8.500000000200956807e-01,8.500000000000000888e-01,8.036407342705016316e-11
2.765000000000000213e+01,8.500000000205978345e-01,8.500000000000000888e-01,8.237272529150972959e-11
2.770000000000000284e+01,8.500000000211125339e-01,8.500000000000000888e-01,8.443159254337309701e-11
2.775000000000000000e+01,8.500000000216401119e-01,8.500000000000000888e-01,8.654192973465808412e-11
2.780000000000000071e+01,8.500000000221809016e-01,8.500000000000000888e-01,8.870502472407325349e-11
2.785000000000000142e+01,8.500000000227352359e-01,8.500000000000000888e-01,9.092219867701792457e-11
2.790000000000000213e+01,8.500000000233033370e-01,8.500000000000000888e-01,9.319479496335187830e-11
2.795000000000000284e+01,8.500000000238856490e-01,8.500000000000000888e-01,9.552421246408615271e-11
2.800000000000000000e+01,8.500000000244826159e-01,8.500000000000000888e-01,9.791187226469226025e-11
2.805000000000000071e+01,8.500000000250944598e-01,8.500000000000000888e-01,1.003592176551022136e-10
2.810000000000000142e+01,8.500000000257216248e-01,8.500000000000000888e-01,1.028677474363992568e-10
2.815000000000000213e+01,8.500000000263644440e-01,8.500000000000000888e-01,1.054389826141271340e-10
2.820000000000000284e+01,8.500000000270233613e-01,8.500000000000000888e-01,1.080744997049808077e-10
2.825000000000000000e+01,8.500000000276987100e-01,8.500000000000000888e-01,1.107758974301157408e-10
2.830000000000000071e+01,8.500000000283909340e-01,8.500000000000000888e-01,1.135448300218386144e-10
2.835000000000000142e+01,8.500000000291004776e-01,8.500000000000000888e-01,1.163829850191468666e-10
2.840000000000000213e+01,8.500000000298277847e-01,8.500000000000000888e-01,1.192920943699589228e-10
2.845000000000000284e+01,8.500000000305732994e-01,8.500000000000000888e-01,1.222739344311141704e-10
2.850000000000000000e+01,8.500000000313373549e-01,8.500000000000000888e-01,1.253303148661427408e-10
2.855000000000000071e+01,8.500000000321205063e-01,8.500000000000000888e-01,1.284631119519562658e-10
2.860000000000000142e+01,8.500000000329233085e-01,8.500000000000000888e-01,1.316742241699268390e-10
2.865000000000000213e+01,8.500000000337462058e-01,8.500000000000000888e-01,1.349656166148080676e-10
2.870000000000000284e+01,8.500000000345896423e-01,8.500000000000000888e-01,1.383392876880442770e-10
2.875000000000000000e+01,8.500000000354541729e-01,8.500000000000000888e-01,1.417973024044612542e-10
2.880000000000000071e+01,8.500000000363402419e-01,8.500000000000000888e-01,1.453417590855755307e-10
2.885000000000000142e+01,8.500000000372485154e-01,8.500000000000000888e-01,1.489748337685154079e-10
2.890000000000000213e+01,8.500000000381794374e-01,8.500000000000000888e-01,1.526987357970998536e-10
2.895000000000000284e+01,8.500000000391336741e-01,8.500000000000000888e-01,1.565157411285293752e-10
2.900000000000000000e+01,8.500000000401117806e-01,8.500000000000000888e-01,1.604281701289254291e-10
2.905000000000000071e+01,8.500000000411143120e-01,8.500000000000000888e-01,1.644384097777909592e-10
2.910000000000000142e+01,8.500000000421419344e-01,8.500000000000000888e-01,1.685489136680103718e-10
2.915000000000000213e+01,8.500000000431952030e-01,8.500000000000000888e-01,1.727621798013890991e-10
2.920000000000000284e+01,8.500000000442748949e-01,8.500000000000000888e-01,1.770807838953442665e-10
2.925000000000000000e+01,8.500000000453815652e-01,8.500000000000000888e-01,1.815073460762139738e-10
2.930000000000000071e+01,8.500000000465158800e-01,8.500000000000000888e-01,1.860445641859480652e-10
2.935000000000000142e+01,8.500000000476785056e-01,8.500000000000000888e-01,1.906952137821081296e-10
2.940000000000000213e+01,8.500000000488702190e-01,8.500000000000000888e-01,1.954621370356371659e-10
2.945000000000000284e+01,8.500000000500917974e-01,8.500000000000000888e-01,2.003482316286294821e-10
2.950000000000000000e+01,8.500000000513439069e-01,8.500000000000000888e-01,2.053564729587910528e-10
2.955000000000000071e+01,8.500000000526272137e-01,8.500000000000000888e-01,2.104899141394395972e-10
2.960000000000000142e+01,8.500000000539426059e-01,8.500000000000000888e-01,2.157516971017348098e-10
2.965000000000000213e+01,8.500000000552909718e-01,8.500000000000000888e-01,2.211450303902178726e-10
2.970000000000000284e+01,8.500000000566729774e-01,8.500000000000000888e-01,2.266732002650416607e-10
2.975000000000000000e+01,8.500000000580896220e-01,8.500000000000000888e-01,2.323395707019707676e-10
2.980000000000000071e+01,8.500000000595416827e-01,8.500000000000000888e-01,2.381475944946118138e-10
2.985000000000000142e+01,8.500000000610299367e-01,8.500000000000000888e-01,2.441008132544133430e-10
2.990000000000000213e+01,8.500000000625554941e-01,8.500000000000000888e-01,2.502028685128961312e-10
2.995000000000000284e+01,8.500000000641191322e-01,8.500000000000000888e-01,2.564574795171926207e-10
3.000000000000000000e+01,8.500000000657218502e-01,8.500000000000000888e-01,2.628684543322773586e-10
3.005000000000000071e+01,8.500000000673646472e-01,8.500000000000000888e-01,2.694397009431969427e-10
3.010000000000000142e+01,8.500000000690485225e-01,8.500000000000000888e-01,2.761752383573005886e-10
3.015000000000000213e+01,8.500000000707744752e-01,8.500000000000000888e-01,2.830791632975491009e-10
3.020000000000000284e+01,8.500000000725436156e-01,8.500000000000000888e-01,2.901556835092058504e-10
3.025000000000000000e+01,8.500000000743569428e-01,8.500000000000000888e-01,2.974091177598366186e-10
3.030000000000000071e+01,8.500000000762156782e-01,8.500000000000000888e-01,3.048438958393096495e-10
3.035000000000000142e+01,8.500000000781208209e-01,8.500000000000000888e-01,3.124645363553351882e-10
3.040000000000000213e+01,8.500000000800735922e-01,8.500000000000000888e-01,3.202756911423864038e-10
3.045000000000000284e+01,8.500000000820752133e-01,8.500000000000000888e-01,3.282821230572389278e-10
3.050000000000000000e+01,8.500000000841269054e-01,8.500000000000000888e-01,3.364887170812011626e-10
3.055000000000000071e+01,8.500000000862298899e-01,8.500000000000000888e-01,3.449004692178838698e-10
3.060000000000000142e+01,8.500000000883853879e-01,8.500000000000000888e-01,3.535225197998910431e-10
3.065000000000000213e+01,8.500000000905948427e-01,8.500000000000000888e-01,3.623601201821291906e-10
3.070000000000000284e+01,8.500000000928594757e-01,8.500000000000000888e-01,3.714186549462677442e-10
3.075000000000000000e+01,8.500000000951807300e-01,8.500000000000000888e-01,3.807036530029693683e-10
3.080000000000000071e+01,8.500000000975600489e-01,8.500000000000000888e-01,3.902207764896595994e-10
3.085000000000000142e+01,8.500000000999987648e-01,8.500000000000000888e-01,3.999758207705270015e-10
3.090000000000000213e+01,8.500000001024985430e-01,8.500000000000000888e-01,4.099747477432138325e-10
3.095000000000000284e+01,8.500000001050607157e-01,8.500000000000000888e-01,4.202236414298950175e-10
3.100000000000000000e+01,8.500000001076869482e-01,8.500000000000000888e-01,4.307287634884294320e-10
3.105000000000000071e+01,8.500000001103789060e-01,8.500000000000000888e-01,4.414965199056691839e-10
3.110000000000000142e+01,8.500000001131381433e-01,8.500000000000000888e-01,4.525334720996897664e-10
3.115000000000000213e+01,8.500000001159663254e-01,8.500000000000000888e-01,4.638463480220204702e-10
3.120000000000000284e+01,8.500000001188652288e-01,8.500000000000000888e-01,4.754420421576442276e-10
3.125000000000000000e+01,8.500000001218366297e-01,8.500000000000000888e-01,4.873276377294580233e-10
3.130000000000000071e+01,8.500000001248823045e-01,8.500000000000000888e-01,4.995103733915825372e-10
3.135000000000000142e+01,8.500000001280041406e-01,8.500000000000000888e-01,5.119976765360524496e-10
3.140000000000000213e+01,8.500000001312040254e-01,8.500000000000000888e-01,5.247971632928167511e-10
3.145000000000000284e+01,8.500000001344838463e-01,8.500000000000000888e-01,5.379166274275082276e-10
3.150000000000000000e+01,8.500000001378457126e-01,8.500000000000000888e-01,5.513640847503646935e-10
3.155000000000000071e+01,8.500000001412916228e-01,8.500000000000000888e-01,5.651477287073079650e-10
3.160000000000000142e+01,8.500000001448236864e-01,8.500000000000000888e-01,5.792759636866343720e-10
3.165000000000000213e+01,8.500000001484440126e-01,8.500000000000000888e-01,5.937574050190149642e-10
3.170000000000000284e+01,8.500000001521549331e-01,8.500000000000000888e-01,6.086008900797259234e-10
3.175000000000000000e+01,8.500000001559585572e-01,8.500000000000000888e-01,6.238154560841875328e-10
3.180000000000000071e+01,8.500000001598573274e-01,8.500000000000000888e-01,6.394103844968857209e-10
3.185000000000000142e+01,8.500000001638535752e-01,8.500000000000000888e-01,6.553951788269113410e-10
3.190000000000000213e+01,8.500000001679496320e-01,8.500000000000000888e-01,6.717795868324204779e-10
3.195000000000000284e+01,8.500000001721481624e-01,8.500000000000000888e-01,6.885736116228650663e-10
3.200000000000000000e+01,8.500000001764516089e-01,8.500000000000000888e-01,7.057874894545321708e-10
3.205000000000000426e+01,8.500000001808626360e-01,8.500000000000000888e-01,7.234317119350044992e-10
3.210000000000000142e+01,8.500000001853840192e-01,8.500000000000000888e-01,7.415170482276208120e-10
3.214999999999999858e+01,8.500000001900184232e-01,8.500000000000000888e-01,7.600545117447855150e-10
3.220000000000000284e+01,8.500000001947686235e-01,8.500000000000000888e-01,7.790554045568892715e-10
3.225000000000000000e+01,8.500000001996376175e-01,8.500000000000000888e-01,7.985313284945394144e-10
3.230000000000000426e+01,8.500000002046282921e-01,8.500000000000000888e-01,8.184941407396389197e-10
3.235000000000000142e+01,8.500000002097437557e-01,8.500000000000000888e-01,8.389560315409981510e-10
3.239999999999999858e+01,8.500000002149871170e-01,8.500000000000000888e-01,8.599294687031836280e-10
3.245000000000000284e+01,8.500000002203615956e-01,8.500000000000000888e-01,8.814272419954390532e-10
3.250000000000000000e+01,8.500000002258704113e-01,8.500000000000000888e-01,9.034624520494551070e-10
3.255000000000000426e+01,8.500000002315168945e-01,8.500000000000000888e-01,9.260485436660598551e-10
3.260000000000000142e+01,8.500000002373045982e-01,8.500000000000000888e-01,9.491992947129890613e-10
3.264999999999999858e+01,8.500000002432369639e-01,8.500000000000000888e-01,9.729288161248854630e-10
3.270000000000000284e+01,8.500000002493176554e-01,8.500000000000000888e-01,9.972515741077601123e-10
3.275000000000000000e+01,8.500000002555503364e-01,8.500000000000000888e-01,1.022182401241221960e-09
3.280000000000000426e+01,8.500000002619388928e-01,8.500000000000000888e-01,1.047736496478478165e-09
3.285000000000000142e+01,8.500000002684870992e-01,8.500000000000000888e-01,1.073929447350794507e-09
3.289999999999999858e+01,8.500000002751990635e-01,8.500000000000000888e-01,1.100777218865264972e-09
3.295000000000000284e+01,8.500000002820787826e-01,8.500000000000000888e-01,1.128296186811502779e-09
3.300000000000000000e+01,8.500000002891304751e-01,8.500000000000000888e-01,1.156503126659409975e-09
3.305000000000000426e+01,8.500000002963584711e-01,8.500000000000000888e-01,1.185415246865868455e-09
3.310000000000000142e+01,8.500000003037672114e-01,8.500000000000000888e-01,1.215050177772509144e-09
3.314999999999999858e+01,8.500000003113611369e-01,8.500000000000000888e-01,1.245425982707942609e-09
3.320000000000000284e+01,8.500000003191449105e-01,8.500000000000000888e-01,1.276561180192219681e-09
3.325000000000000000e+01,8.500000003271233062e-01,8.500000000000000888e-01,1.308474755039061451e-09
3.330000000000000426e+01,8.500000003353012090e-01,8.500000000000000888e-01,1.341186169458089679e-09
3.335000000000000142e+01,8.500000003436835039e-01,8.500000000000000888e-01,1.374715374157056798e-09
3.339999999999999858e+01,8.500000003522754088e-01,8.500000000000000888e-01,1.409082808341846115e-09
3.345000000000000284e+01,8.500000003610820309e-01,8.500000000000000888e-01,1.444309421920932431e-09
3.350000000000000000e+01,8.500000003701088103e-01,8.500000000000000888e-01,1.480416697709842035e-09
3.355000000000000426e+01,8.500000003793612979e-01,8.500000000000000888e-01,1.517426662533383740e-09
3.360000000000000142e+01,8.500000003888451561e-01,8.500000000000000888e-01,1.555361876123417639e-09
3.364999999999999858e+01,8.500000003985660468e-01,8.500000000000000888e-01,1.594245464425546962e-09
3.370000000000000284e+01,8.500000004085299654e-01,8.500000000000000888e-01,1.634101141803577457e-09
3.375000000000000000e+01,8.500000004187430180e-01,8.500000000000000888e-01,1.674953211039518414e-09
3.380000000000000426e+01,8.500000004292113109e-01,8.500000000000000888e-01,1.716826585538042258e-09
3.385000000000000142e+01,8.500000004399413944e-01,8.500000000000000888e-01,1.759746800428715367e-09
3.389999999999999858e+01,8.500000004509397078e-01,8.500000000000000888e-01,1.803740012565998075e-09
3.395000000000000284e+01,8.500000004622130234e-01,8.500000000000000888e-01,1.848833056040395283e-09
3.400000000000000000e+01,8.500000004737681136e-01,8.500000000000000888e-01,1.895053419973997082e-09
3.405000000000000426e+01,8.500000004856120839e-01,8.500000000000000888e-01,1.942429292929398331e-09
3.410000000000000142e+01,8.500000004977521506e-01,8.500000000000000888e-01,1.990989562909700110e-09
3.414999999999999858e+01,8.500000005101957523e-01,8.500000000000000888e-01,2.040763839562968673e-09
3.420000000000000284e+01,8.500000005229504385e-01,8.500000000000000888e-01,2.091782465284467524e-09
3.425000000000000000e+01,8.500000005360239808e-01,8.500000000000000888e-01,2.144076559625576574e-09
3.430000000000000426e+01,8.500000005494243727e-01,8.500000000000000888e-01,2.197677997089332978e-09
3.435000000000000142e+01,8.500000005631597189e-01,8.500000000000000888e-01,2.252619473743811945e-09
3.439999999999999858e+01,8.500000005772384570e-01,8.500000000000000888e-01,2.308934485017666748e-09
3.445000000000000284e+01,8.500000005916691359e-01,8.500000000000000888e-01,2.366657370109048712e-09
3.450000000000000000e+01,8.500000006064606373e-01,8.500000000000000888e-01,2.425823334190068453e-09
3.455000000000000426e+01,8.500000006216219539e-01,8.500000000000000888e-01,2.486468448406796290e-09
3.460000000000000142e+01,8.500000006371623007e-01,8.500000000000000888e-01,2.548629683185952240e-09
3.464999999999999858e+01,8.500000006530911145e-01,8.500000000000000888e-01,2.612344952643827253e-09
3.470000000000000284e+01,8.500000006694181653e-01,8.500000000000000888e-01,2.677653103484053212e-09
3.475000000000000000e+01,8.500000006861533342e-01,8.500000000000000888e-01,2.744593959406522924e-09
3.480000000000000426e+01,8.500000007033069460e-01,8.500000000000000888e-01,2.813208332209621775e-09
3.485000000000000142e+01,8.500000007208893260e-01,8.500000000000000888e-01,2.883538066199148137e-09
3.489999999999999858e+01,8.500000007389113543e-01,8.500000000000000888e-01,2.955626049290542947e-09
3.495000000000000284e+01,8.500000007573839111e-01,8.500000000000000888e-01,3.029516224111121365e-09
3.500000000000000000e+01,8.500000007763183207e-01,8.500000000000000888e-01,3.105253654613452349e-09
3.505000000000000426e+01,8.500000007957260184e-01,8.500000000000000888e-01,3.182884514973130305e-09
3.510000000000000142e+01,8.500000008156188835e-01,8.500000000000000888e-01,3.262456156202155498e-09
3.514999999999999858e+01,8.500000008360091286e-01,8.500000000000000888e-01,3.344017083944474048e-09
3.520000000000000284e+01,8.500000008569090770e-01,8.500000000000000888e-01,3.427617036191588749e-09
3.525000000000000000e+01,8.500000008783316074e-01,8.500000000000000888e-01,3.513306994384790719e-09
3.530000000000000426e+01,8.500000009002897094e-01,8.500000000000000888e-01,3.601139194517388158e-09
3.535000000000000142e+01,8.500000009227967057e-01,8.500000000000000888e-01,3.691167193748089232e-09
3.539999999999999858e+01,8.500000009458663630e-01,8.500000000000000888e-01,3.783445892605461654e-09
3.545000000000000284e+01,8.500000009695127812e-01,8.500000000000000888e-01,3.878031568294623922e-09
3.550000000000000000e+01,8.500000009937503931e-01,8.500000000000000888e-01,3.974981885799474487e-09
3.555000000000000426e+01,8.500000010185939647e-01,8.500000000000000888e-01,4.074355953393845055e-09
3.560000000000000142e+01,8.500000010440585951e-01,8.500000000000000888e-01,4.176214367050419336e-09
3.564999999999999858e+01,8.500000010701598274e-01,8.500000000000000888e-01,4.280619232645194696e-09
3.570000000000000284e+01,8.500000010969135378e-01,8.500000000000000888e-01,4.387634221468633386e-09
3.575000000000000000e+01,8.500000011243361575e-01,8.500000000000000888e-01,4.497324592430123372e-09
3.580000000000000426e+01,8.500000011524443400e-01,8.500000000000000888e-01,4.609757214262437494e-09
3.585000000000000142e+01,8.500000011812551826e-01,8.500000000000000888e-01,4.725000654339576767e-09
3.589999999999999858e+01,8.500000012107863379e-01,8.500000000000000888e-01,4.843125178676769553e-09
3.595000000000000284e+01,8.500000012410557915e-01,8.500000000000000888e-01,4.964202818543853201e-09
3.600000000000000000e+01,8.500000012720819731e-01,8.500000000000000888e-01,5.088307392669735699e-09
3.605000000000000426e+01,8.500000013038837565e-01,8.500000000000000888e-01,5.215514573855774836e-09
3.610000000000000142e+01,8.500000013364805707e-01,8.500000000000000888e-01,5.345901933384701503e-09
3.614999999999999858e+01,8.500000013698922885e-01,8.500000000000000888e-01,5.479548985429539684e-09
3.620000000000000284e+01,8.500000014041393381e-01,8.500000000000000888e-01,5.616537220360296039e-09
3.625000000000000000e+01,8.500000014392425918e-01,8.500000000000000888e-01,5.756950160255113614e-09
3.630000000000000426e+01,8.500000014752233657e-01,8.500000000000000888e-01,5.900873425513651832e-09
3.635000000000000142e+01,8.500000015121037533e-01,8.500000000000000888e-01,6.048394768163776900e-09
3.639999999999999858e+01,8.500000015499060702e-01,8.500000000000000888e-01,6.199604138474943453e-09
3.645000000000000284e+01,8.500000015886535198e-01,8.500000000000000888e-01,6.354593751571577021e-09
3.650000000000000000e+01,8.500000016283696391e-01,8.500000000000000888e-01,6.513458098535303616e-09
3.655000000000000426e+01,8.500000016690786309e-01,8.500000000000000888e-01,6.676294046325021784e-09
3.660000000000000142e+01,8.500000017108053640e-01,8.500000000000000888e-01,6.843200893288053833e-09
3.664999999999999858e+01,8.500000017535752628e-01,8.500000000000000888e-01,7.014280413569067482e-09
3.670000000000000284e+01,8.500000017974144173e-01,8.500000000000000888e-01,7.189636923723456676e-09
3.675000000000000000e+01,8.500000018423494730e-01,8.500000000000000888e-01,7.369377338228491990e-09
3.680000000000000426e+01,8.500000018884079633e-01,8.500000000000000888e-01,7.553611269403395991e-09
3.685000000000000142e+01,8.500000019356178660e-01,8.500000000000000888e-01,7.742451049613799092e-09
3.689999999999999858e+01,8.500000019840080467e-01,8.500000000000000888e-01,7.936011831191815747e-09
3.695000000000000284e+01,8.500000020336080375e-01,8.500000000000000888e-01,8.134411630844963609e-09
3.700000000000000000e+01,8.500000020844480364e-01,8.500000000000000888e-01,8.337771418474005173e-09
3.705000000000000426e+01,8.500000021365590186e-01,8.500000000000000888e-01,8.546215194888561486e-09
3.710000000000000142e+01,8.500000021899727365e-01,8.500000000000000888e-01,8.759870069522722542e-09
3.714999999999999858e+01,8.500000022447218306e-01,8.500000000000000888e-01,8.978866315946196866e-09
3.720000000000000284e+01,8.500000023008396077e-01,8.500000000000000888e-01,9.203337460682156456e-09
3.725000000000000000e+01,8.500000023583603737e-01,8.500000000000000888e-01,9.433420383127308008e-09
3.730000000000000426e+01,8.500000024173191004e-01,8.500000000000000888e-01,9.669255382165272081e-09
3.735000000000000142e+01,8.500000024777518703e-01,8.500000000000000888e-01,9.910986253882198456e-09
3.739999999999999858e+01,8.500000025396954317e-01,8.500000000000000888e-01,1.015876039148683736e-08
3.745000000000000284e+01,8.500000026031875322e-01,8.500000000000000888e-01,1.041272888523060904e-08
3.750000000000000000e+01,8.500000026682669185e-01,8.500000000000000888e-01,1.067304658902098954e-08
3.755000000000000426e+01,8.500000027349733367e-01,8.500000000000000888e-01,1.093987224254603777e-08
3.760000000000000142e+01,8.500000028033474209e-01,8.500000000000000888e-01,1.121336853788778296e-08
3.764999999999999858e+01,8.500000028734308044e-01,8.500000000000000888e-01,1.149370223054452548e-08
3.770000000000000284e+01,8.500000029452663419e-01,8.500000000000000888e-01,1.178104427265759512e-08
3.775000000000000000e+01,8.500000030188977762e-01,8.500000000000000888e-01,1.207556986852250895e-08
3.780000000000000426e+01,8.500000030943699603e-01,8.500000000000000888e-01,1.237745859671350012e-08
3.785000000000000142e+01,8.500000031717289684e-01,8.500000000000000888e-01,1.268689454331028104e-08
3.789999999999999858e+01,8.500000032510219850e-01,8.500000000000000888e-01,1.300406639071588677e-08
3.795000000000000284e+01,8.500000033322973048e-01,8.500000000000000888e-01,1.332916752867897742e-08
3.800000000000000000e+01,8.500000034156044437e-01,8.500000000000000888e-01,1.366239618752059981e-08
3.805000000000000426e+01,8.500000035009942501e-01,8.500000000000000888e-01,1.400395556025871952e-08
3.810000000000000142e+01,8.500000035885187932e-01,8.500000000000000888e-01,1.435405392473275789e-08
3.814999999999999858e+01,8.500000036782314750e-01,8.500000000000000888e-01,1.471290475462588949e-08
3.820000000000000284e+01,8.500000037701870292e-01,8.500000000000000888e-01,1.508072685269180549e-08
3.825000000000000000e+01,8.500000038644414113e-01,8.500000000000000888e-01,1.545774450618594262e-08
3.830000000000000426e+01,8.500000039610521307e-01,8.500000000000000888e-01,1.584418759788778078e-08
3.835000000000000142e+01,8.500000040600781404e-01,8.500000000000000888e-01,1.624029177263429335e-08
3.840000000000000568e+01,8.500000041615798363e-01,8.500000000000000888e-01,1.664629855944449082e-08
3.845000000000000284e+01,8.500000042656190580e-01,8.500000000000000888e-01,1.706245551584840215e-08
3.850000000000000000e+01,8.500000043722593102e-01,8.500000000000000888e-01,1.748901639442053829e-08
3.855000000000000426e+01,8.500000044815655409e-01,8.500000000000000888e-01,1.792624129821110645e-08
3.860000000000000142e+01,8.500000045936044746e-01,8.500000000000000888e-01,1.837439682507500788e-08
3.865000000000000568e+01,8.500000047084442789e-01,8.500000000000000888e-01,1.883375623420529490e-08
3.870000000000000284e+01,8.500000048261551200e-01,8.500000000000000888e-01,1.930459963487108373e-08
3.875000000000000000e+01,8.500000049468087182e-01,8.500000000000000888e-01,1.978721411964430955e-08
3.880000000000000426e+01,8.500000050704786814e-01,8.500000000000000888e-01,2.028189396423987885e-08
3.885000000000000142e+01,8.500000051972403936e-01,8.500000000000000888e-01,2.078894080515135269e-08
3.890000000000000568e+01,8.500000053271711264e-01,8.500000000000000888e-01,2.130866381728662670e-08
3.895000000000000284e+01,8.500000054603501498e-01,8.500000000000000888e-01,2.184137990270585386e-08
3.900000000000000000e+01,8.500000055968586210e-01,8.500000000000000888e-01,2.238741389046157701e-08
3.905000000000000426e+01,8.500000057367798068e-01,8.500000000000000888e-01,2.294709873643888124e-08
3.910000000000000142e+01,8.500000058801990832e-01,8.500000000000000888e-01,2.352077570099107383e-08
3.915000000000000568e+01,8.500000060272038249e-01,8.500000000000000888e-01,2.410879459318875501e-08
3.920000000000000284e+01,8.500000061778836269e-01,8.500000000000000888e-01,2.471151394845549789e-08
3.925000000000000000e+01,8.500000063323304156e-01,8.500000000000000888e-01,2.532930129502137505e-08
3.930000000000000426e+01,8.500000064906384489e-01,8.500000000000000888e-01,2.596253333155864178e-08
3.935000000000000142e+01,8.500000066529042053e-01,8.500000000000000888e-01,2.661159616032857068e-08
3.940000000000000568e+01,8.500000068192266056e-01,8.500000000000000888e-01,2.727688556473721101e-08
3.945000000000000284e+01,8.500000069897070132e-01,8.500000000000000888e-01,2.795880719807330164e-08
3.950000000000000000e+01,8.500000071644494559e-01,8.500000000000000888e-01,2.865777687216625345e-08
3.955000000000000426e+01,8.500000073435604042e-01,8.500000000000000888e-01,2.937422077943076086e-08
3.960000000000000142e+01,8.500000075271491040e-01,8.500000000000000888e-01,3.010857579262701057e-08
3.965000000000000568e+01,8.500000077153275768e-01,8.500000000000000888e-01,3.086128968690529637e-08
3.970000000000000284e+01,8.500000079082105087e-01,8.500000000000000888e-01,3.163282142846400162e-08
3.975000000000000000e+01,8.500000081059154722e-01,8.500000000000000888e-01,3.242364146320757834e-08
3.980000000000000426e+01,8.500000083085631486e-01,8.500000000000000888e-01,3.323423200540453956e-08
3.985000000000000142e+01,8.500000085162769947e-01,8.500000000000000888e-01,3.406508730414099585e-08
3.990000000000000568e+01,8.500000087291836870e-01,8.500000000000000888e-01,3.491671397638753624e-08
3.995000000000000284e+01,8.500000089474130105e-01,8.500000000000000888e-01,3.578963131786170284e-08
4.000000000000000000e+01,8.500000091710980810e-01,8.500000000000000888e-01,3.668437159168596015e-08
4.005000000000000426e+01,8.500000094003752338e-01,8.500000000000000888e-01,3.760148037255683523e-08
4.010000000000000142e+01,8.500000096353843571e-01,8.500000000000000888e-01,3.854151687981183839e-08
4.015000000000000568e+01,8.500000098762686696e-01,8.500000000000000888e-01,3.950505429939411781e-08
4.020000000000000284e+01,8.500000101231751648e-01,8.500000000000000888e-01,4.049268016132831175e-08
4.025000000000000000e+01,8.500000103762542780e-01,8.500000000000000888e-01,4.150499666168520316e-08
4.030000000000000426e+01,8.500000106356603302e-01,8.500000000000000888e-01,4.254262107336425075e-08
4.035000000000000142e+01,8.500000109015516392e-01,8.500000000000000888e-01,4.360618610136496210e-08
4.040000000000000568e+01,8.500000111740901865e-01,8.500000000000000888e-01,4.469634024916047995e-08
4.045000000000000284e+01,8.500000114534421725e-01,8.500000000000000888e-01,4.581374825168456570e-08
4.050000000000000000e+01,8.500000117397780164e-01,8.500000000000000888e-01,4.695909146390966472e-08
4.055000000000000426e+01,8.500000120332722453e-01,8.500000000000000888e-01,4.813306824942495829e-08
4.060000000000000142e+01,8.500000123341038272e-01,8.500000000000000888e-01,4.933639444673003265e-08
4.065000000000000568e+01,8.500000126424561708e-01,8.500000000000000888e-01,5.056980380222186257e-08
4.070000000000000284e+01,8.500000129585173481e-01,8.500000000000000888e-01,5.183404839207956201e-08
4.075000000000000000e+01,8.500000132824799826e-01,8.500000000000000888e-01,5.312989908855804656e-08
4.080000000000000426e+01,8.500000136145416940e-01,8.500000000000000888e-01,5.445814605958840112e-08
4.085000000000000142e+01,8.500000139549049871e-01,8.500000000000000888e-01,5.581959920176486347e-08
4.090000000000000568e+01,8.500000143037773626e-01,8.500000000000000888e-01,5.721508867325185754e-08
4.095000000000000284e+01,8.500000146613715390e-01,8.500000000000000888e-01,5.864546538228215474e-08
4.100000000000000000e+01,8.500000150279055644e-01,8.500000000000000888e-01,6.011160150896167433e-08
4.105000000000000426e+01,8.500000154036029265e-01,8.500000000000000888e-01,6.161439103817652991e-08
4.110000000000000142e+01,8.500000157886927754e-01,8.500000000000000888e-01,6.315475031470454841e-08
4.115000000000000568e+01,8.500000161834098122e-01,8.500000000000000888e-01,6.473361856502011018e-08
4.120000000000000284e+01,8.500000165879948444e-01,8.500000000000000888e-01,6.635195851901901890e-08
4.125000000000000000e+01,8.500000170026944524e-01,8.500000000000000888e-01,6.801075697623226009e-08
4.130000000000000426e+01,8.500000174277615450e-01,8.500000000000000888e-01,6.971102539424417239e-08
4.135000000000000142e+01,8.500000178634553594e-01,8.500000000000000888e-01,7.145380052151961654e-08
4.140000000000000568e+01,8.500000183100414608e-01,8.500000000000000888e-01,7.324014501912884542e-08
4.145000000000000284e+01,8.500000187677921870e-01,8.500000000000000888e-01,7.507114813798355164e-08
4.150000000000000000e+01,8.500000192369867591e-01,8.500000000000000888e-01,7.694792634056176406e-08
4.155000000000000426e+01,8.500000197179111705e-01,8.500000000000000888e-01,7.887162398924610182e-08
4.160000000000000142e+01,8.500000202108587422e-01,8.500000000000000888e-01,8.084341407907101298e-08
4.165000000000000568e+01,8.500000207161299004e-01,8.500000000000000888e-01,8.286449892606100210e-08
4.170000000000000284e+01,8.500000212340328432e-01,8.500000000000000888e-01,8.493611088887564925e-08
4.175000000000000000e+01,8.500000217648834289e-01,8.500000000000000888e-01,8.705951315706789391e-08
4.180000000000000426e+01,8.500000223090052875e-01,8.500000000000000888e-01,8.923600048383130005e-08
4.185000000000000142e+01,8.500000228667301538e-01,8.500000000000000888e-01,9.146689999646280591e-08
4.190000000000000568e+01,8.500000234383982001e-01,8.500000000000000888e-01,9.375357199572333347e-08
4.195000000000000284e+01,8.500000240243579253e-01,8.500000000000000888e-01,9.609741078850505691e-08
4.200000000000000000e+01,8.500000246249665992e-01,8.500000000000001998e-01,9.849984554270311041e-08
4.205000000000000426e+01,8.500000252405904844e-01,8.500000000000003109e-01,1.009623411753940211e-07
4.210000000000000142e+01,8.500000258716049473e-01,8.500000000000004219e-01,1.034863991966052235e-07
4.215000000000000568e+01,8.500000265183947912e-01,8.500000000000005329e-01,1.060735586752090570e-07
4.220000000000000284e+01,8.500000271813543673e-01,8.500000000000006439e-01,1.087253971382034441e-07
4.225000000000000000e+01,8.500000278608880189e-01,8.500000000000007550e-01,1.114435315699126004e-07
4.230000000000000426e+01,8.500000285574099701e-01,8.500000000000008660e-01,1.142296193556766044e-07
4.235000000000000142e+01,8.500000292713449923e-01,8.500000000000009770e-01,1.170853593365632852e-07
4.240000000000000568e+01,8.500000300031284040e-01,8.500000000000010880e-01,1.200124928196711502e-07
4.245000000000000284e+01,8.500000307532064037e-01,8.500000000000011990e-01,1.230128046328412855e-07
4.250000000000000000e+01,8.500000315220362923e-01,8.500000000000013101e-01,1.260881242348803407e-07
4.255000000000000426e+01,8.500000323100869171e-01,8.500000000000014211e-01,1.292403268257836196e-07
4.260000000000000142e+01,8.500000331178387825e-01,8.500000000000015321e-01,1.324713344902647240e-07
4.265000000000000568e+01,8.500000339457844944e-01,8.500000000000016431e-01,1.357831173523875369e-07
4.270000000000000284e+01,8.500000347944288714e-01,8.500000000000017542e-01,1.391776947857093292e-07
4.275000000000000000e+01,8.500000356642893884e-01,8.500000000000018652e-01,1.426571366456282806e-07
4.280000000000000426e+01,8.500000365558963988e-01,8.500000000000019762e-01,1.462235645461399838e-07
4.285000000000000142e+01,8.500000374697935790e-01,8.500000000000020872e-01,1.498791531476961696e-07
4.290000000000000568e+01,8.500000384065381498e-01,8.500000000000021982e-01,1.536261314561655975e-07
4.295000000000000284e+01,8.500000393667013210e-01,8.500000000000023093e-01,1.574667842217151095e-07
4.300000000000000000e+01,8.500000403508686242e-01,8.500000000000024203e-01,1.614034533154861644e-07
4.305000000000000426e+01,8.500000413596400239e-01,8.500000000000025313e-01,1.654385391284758385e-07
4.310000000000000142e+01,8.500000423936308058e-01,8.500000000000027534e-01,1.695745020925423744e-07
4.315000000000000568e+01,8.500000434534713545e-01,8.500000000000029754e-01,1.738138641236951398e-07
4.320000000000000284e+01,8.500000445398079307e-01,8.500000000000031974e-01,1.781592102097135206e-07
4.325000000000000000e+01,8.500000456533028936e-01,8.500000000000034195e-01,1.826131899422547164e-07
4.330000000000000426e+01,8.500000467946351446e-01,8.500000000000036415e-01,1.871785191599837849e-07
4.335000000000000142e+01,8.500000479645007934e-01,8.500000000000038636e-01,1.918579816139082055e-07
4.340000000000000568e+01,8.500000491636130473e-01,8.500000000000040856e-01,1.966544306327124159e-07
4.345000000000000284e+01,8.500000503927030993e-01,8.500000000000043077e-01,2.015707908769101863e-07
4.350000000000000000e+01,8.500000516525204608e-01,8.500000000000045297e-01,2.066100601263037044e-07
4.355000000000000426e+01,8.500000529438331842e-01,8.500000000000047518e-01,2.117753111007492936e-07
4.360000000000000142e+01,8.500000542674287507e-01,8.500000000000050848e-01,2.170696933475365816e-07
4.365000000000000568e+01,8.500000556241141814e-01,8.500000000000054179e-01,2.224964351509721340e-07
4.370000000000000284e+01,8.500000570147168144e-01,8.500000000000057510e-01,2.280588454974741341e-07
4.375000000000000000e+01,8.500000584400844161e-01,8.500000000000060840e-01,2.337603161072805922e-07
4.380000000000000426e+01,8.500000599010862912e-01,8.500000000000064171e-01,2.396043234883618880e-07
4.385000000000000142e+01,8.500000613986131714e-01,8.500000000000067502e-01,2.455944310458445437e-07
4.390000000000000568e+01,8.500000629335782154e-01,8.500000000000070832e-01,2.517342912913550805e-07
4.395000000000000284e+01,8.500000645069174521e-01,8.500000000000075273e-01,2.580276480412614958e-07
4.400000000000000000e+01,8.500000661195901142e-01,8.500000000000079714e-01,2.644783387148350357e-07
4.405000000000000426e+01,8.500000677725796372e-01,8.500000000000084155e-01,2.710902966546162736e-07
4.410000000000000142e+01,8.500000694668938817e-01,8.500000000000088596e-01,2.778675535355990531e-07
4.415000000000000568e+01,8.500000712035659101e-01,8.500000000000093037e-01,2.848142418410278535e-07
4.420000000000000284e+01,8.500000729836547642e-01,8.500000000000098588e-01,2.919345973492973760e-07
4.425000000000000000e+01,8.500000748082459090e-01,8.500000000000104139e-01,2.992329617540788710e-07
4.430000000000000426e+01,8.500000766784517880e-01,8.500000000000109690e-01,3.067137852622420262e-07
4.435000000000000142e+01,8.500000785954128224e-01,8.500000000000115241e-01,3.143816293583103089e-07
4.440000000000000568e+01,8.500000805602978549e-01,8.500000000000121902e-01,3.222411695578139819e-07
4.445000000000000284e+01,8.500000825743050381e-01,8.500000000000128564e-01,3.302971982605633618e-07
4.450000000000000000e+01,8.500000846386623898e-01,8.500000000000135225e-01,3.385546276816376147e-07
4.455000000000000426e+01,8.500000867546286809e-01,8.500000000000141887e-01,3.470184928378845966e-07
4.460000000000000142e+01,8.500000889234941015e-01,8.500000000000149658e-01,3.556939546232387698e-07
4.465000000000000568e+01,8.500000911465811493e-01,8.500000000000157430e-01,3.645863029506522248e-07
4.470000000000000284e+01,8.500000934252454066e-01,8.500000000000165201e-01,3.737009599939460499e-07
4.475000000000000000e+01,8.500000957608763175e-01,8.500000000000174083e-01,3.830434834629681475e-07
4.480000000000000426e+01,8.500000981548979651e-01,8.500000000000182965e-01,3.926195700119778993e-07
4.485000000000000142e+01,8.500001006087701816e-01,8.500000000000192957e-01,4.024350587257465795e-07
4.490000000000000568e+01,8.500001031239892146e-01,8.500000000000202949e-01,4.124959346611687082e-07
4.495000000000000284e+01,8.500001057020887263e-01,8.500000000000214051e-01,4.228083324887936466e-07
4.500000000000000000e+01,8.500001083446406813e-01,8.500000000000225153e-01,4.333785402564815017e-07
4.505000000000000426e+01,8.500001110532564574e-01,8.500000000000237366e-01,4.442130032085706066e-07
4.510000000000000142e+01,8.500001138295876224e-01,8.500000000000249578e-01,4.553183277382711602e-07
4.515000000000000568e+01,8.500001166753270443e-01,8.500000000000262901e-01,4.667012853733661074e-07
4.520000000000000284e+01,8.500001195922098907e-01,8.500000000000276223e-01,4.783688169506496484e-07
4.525000000000000000e+01,8.500001225820148498e-01,8.500000000000290656e-01,4.903280368236725660e-07
4.530000000000000426e+01,8.500001256465649080e-01,8.500000000000306200e-01,5.025862371926118089e-07
4.535000000000000142e+01,8.500001287877287925e-01,8.500000000000321743e-01,5.151508925784695149e-07
4.540000000000000568e+01,8.500001320074217492e-01,8.500000000000338396e-01,5.280296643416806993e-07
4.545000000000000284e+01,8.500001353076069854e-01,8.500000000000356160e-01,5.412304054005608979e-07
4.550000000000000000e+01,8.500001386902968914e-01,8.500000000000373923e-01,5.547611649830610517e-07
4.555000000000000426e+01,8.500001421575540395e-01,8.500000000000392797e-01,5.686301935561573753e-07
4.560000000000000142e+01,8.500001457114926273e-01,8.500000000000412781e-01,5.828459478440596198e-07
4.565000000000000568e+01,8.500001493542796993e-01,8.500000000000433875e-01,5.974170959907482424e-07
4.570000000000000284e+01,8.500001530881363676e-01,8.500000000000456080e-01,6.123525228335335621e-07
4.575000000000000000e+01,8.500001569153394776e-01,8.500000000000479394e-01,6.276613353542508529e-07
4.580000000000000426e+01,8.500001608382227181e-01,8.500000000000503819e-01,6.433528681859665879e-07
4.585000000000000142e+01,8.500001648591779535e-01,8.500000000000529354e-01,6.594366893306271225e-07
4.590000000000000568e+01,8.500001689806571115e-01,8.500000000000556000e-01,6.759226060099338010e-07
4.595000000000000284e+01,8.500001732051732928e-01,8.500000000000584865e-01,6.928206706161386226e-07
4.600000000000000000e+01,8.500001775353023259e-01,8.500000000000614842e-01,7.101411868293729381e-07
4.605000000000000426e+01,8.500001819736846542e-01,8.500000000000645928e-01,7.278947159459185837e-07
4.610000000000000142e+01,8.500001865230264464e-01,8.500000000000679234e-01,7.460920832841951360e-07
4.615000000000000568e+01,8.500001911861018167e-01,8.500000000000713651e-01,7.647443848127909244e-07
4.620000000000000284e+01,8.500001959657540462e-01,8.500000000000750289e-01,7.838629938784148136e-07
4.625000000000000000e+01,8.500002008648975815e-01,8.500000000000789147e-01,8.034595681780967147e-07
4.630000000000000426e+01,8.500002058865196997e-01,8.500000000000829115e-01,8.235460568424106084e-07
4.635000000000000142e+01,8.500002110336823957e-01,8.500000000000871303e-01,8.441347077296394786e-07
4.640000000000000568e+01,8.500002163095241592e-01,8.500000000000915712e-01,8.652380748864745456e-07
4.645000000000000284e+01,8.500002217172619723e-01,8.500000000000962341e-01,8.868690262307581524e-07
4.650000000000000000e+01,8.500002272601933084e-01,8.500000000001011191e-01,9.090407513563517541e-07
4.655000000000000426e+01,8.500002329416979086e-01,8.500000000001063372e-01,9.317667696044574985e-07
4.660000000000000142e+01,8.500002387652401126e-01,8.500000000001117773e-01,9.550609383014729407e-07
4.665000000000000568e+01,8.500002447343708578e-01,8.500000000001174394e-01,9.789374612188901527e-07
4.670000000000000284e+01,8.500002508527298994e-01,8.500000000001234346e-01,1.003410897210831617e-06
4.675000000000000000e+01,8.500002571240479199e-01,8.500000000001297629e-01,1.028496169095833683e-06
4.680000000000000426e+01,8.500002635521488603e-01,8.500000000001364242e-01,1.054208572771778063e-06
4.685000000000000142e+01,8.500002701409522521e-01,8.500000000001434186e-01,1.080563786541764819e-06
4.690000000000000568e+01,8.500002768944757703e-01,8.500000000001507461e-01,1.107577880650928734e-06
4.695000000000000284e+01,8.500002838168373431e-01,8.500000000001584066e-01,1.135267327123014720e-06
4.700000000000000000e+01,8.500002909122580386e-01,8.500000000001665112e-01,1.163649009752385247e-06
4.705000000000000426e+01,8.500002981850641737e-01,8.500000000001749489e-01,1.192740234451299234e-06
4.710000000000000142e+01,8.500003056396905343e-01,8.500000000001838307e-01,1.222558739763723540e-06
4.715000000000000568e+01,8.500003132806824846e-01,8.500000000001931566e-01,1.253122707712212632e-06
4.720000000000000284e+01,8.500003211126992975e-01,8.500000000002029266e-01,1.284450774866831170e-06
4.725000000000000000e+01,8.500003291405164862e-01,8.500000000002132516e-01,1.316562043691634249e-06
4.730000000000000426e+01,8.500003373690291353e-01,8.500000000002241318e-01,1.349476094235315550e-06
4.735000000000000142e+01,8.500003458032545645e-01,8.500000000002355671e-01,1.383212996043899889e-06
4.740000000000000568e+01,8.500003544483356599e-01,8.500000000002475575e-01,1.417793320406503941e-06
4.745000000000000284e+01,8.500003633095437605e-01,8.500000000002601031e-01,1.453238152867549384e-06
4.750000000000000000e+01,8.500003723922820997e-01,8.500000000002733147e-01,1.489569106149758657e-06
4.755000000000000426e+01,8.500003817020889141e-01,8.500000000002871925e-01,1.526808333254787073e-06
4.760000000000000142e+01,8.500003912446408849e-01,8.500000000003017364e-01,1.564978541041250322e-06
4.765000000000000568e+01,8.500004010257565801e-01,8.500000000003170575e-01,1.604103004013694103e-06
4.770000000000000284e+01,8.500004110514002287e-01,8.500000000003331557e-01,1.644205578566756075e-06
4.775000000000000000e+01,8.500004213276849407e-01,8.500000000003500311e-01,1.685310717484677971e-06
4.780000000000000426e+01,8.500004318608768150e-01,8.500000000003677947e-01,1.727443484873805913e-06
4.785000000000000142e+01,8.500004426573984917e-01,8.500000000003864464e-01,1.770629571450360694e-06
4.790000000000000568e+01,8.500004537238331492e-01,8.500000000004059864e-01,1.814895310183481008e-06
4.795000000000000284e+01,8.500004650669287232e-01,8.500000000004265255e-01,1.860267692393456664e-06
4.800000000000000000e+01,8.500004766936016809e-01,8.500000000004481748e-01,1.906774384149722962e-06
4.805000000000000426e+01,8.500004886109414626e-01,8.500000000004709344e-01,1.954443743201761814e-06
4.810000000000000142e+01,8.500005008262146999e-01,8.500000000004948042e-01,2.003304836231967720e-06
4.815000000000000568e+01,8.500005133468697682e-01,8.500000000005198952e-01,2.053387456585908706e-06
4.820000000000000284e+01,8.500005261805412271e-01,8.500000000005462075e-01,2.104722142446678594e-06
4.825000000000000000e+01,8.500005393350544836e-01,8.500000000005738521e-01,2.157340195453335302e-06
4.830000000000000426e+01,8.500005528184305659e-01,8.500000000006029399e-01,2.211273699785636504e-06
4.835000000000000142e+01,8.500005666388910086e-01,8.500000000006334711e-01,2.266555541726168135e-06
4.840000000000000568e+01,8.500005808048629596e-01,8.500000000006655565e-01,2.323219429722074955e-06
4.845000000000000284e+01,8.500005953249842872e-01,8.500000000006993073e-01,2.381299914924186082e-06
4.850000000000000000e+01,8.500006102081085757e-01,8.500000000007347234e-01,2.440832412259048339e-06
4.855000000000000426e+01,8.500006254633110103e-01,8.500000000007719159e-01,2.501853222022763654e-06
4.860000000000000142e+01,8.500006410998934836e-01,8.500000000008109957e-01,2.564399552029939256e-06
4.865000000000000568e+01,8.500006571273905909e-01,8.500000000008520740e-01,2.628509540295543555e-06
4.870000000000000284e+01,8.500006735555750703e-01,8.500000000008952616e-01,2.694222278260771480e-06
4.875000000000000000e+01,8.500006903944641312e-01,8.500000000009406698e-01,2.761577834673942414e-06
4.880000000000000426e+01,8.500007076543254492e-01,8.500000000009882983e-01,2.830617280004303832e-06
4.885000000000000142e+01,8.500007253456832723e-01,8.500000000010383694e-01,2.901382711466458865e-06
4.890000000000000568e+01,8.500007434793250827e-01,8.500000000010909940e-01,2.973917278722028900e-06
4.895000000000000284e+01,8.500007620663079244e-01,8.500000000011462831e-01,3.048265210158632654e-06
4.900000000000000000e+01,8.500007811179653983e-01,8.500000000012043477e-01,3.124471839890510221e-06
4.905000000000000426e+01,8.500008006459142118e-01,8.500000000012654100e-01,3.202583635358667716e-06
4.910000000000000142e+01,8.500008206620618401e-01,8.500000000013294699e-01,3.282648225719279252e-06
4.915000000000000568e+01,8.500008411786130758e-01,8.500000000013968604e-01,3.364714430831611218e-06
4.920000000000000284e+01,8.500008622080781340e-01,8.500000000014675816e-01,3.448832291078611697e-06
4.925000000000000000e+01,8.500008837632798686e-01,8.500000000015419666e-01,3.535053097831431286e-06
4.930000000000000426e+01,8.500009058573615439e-01,8.500000000016200152e-01,3.623429424746608631e-06
4.935000000000000142e+01,8.500009285037952722e-01,8.500000000017020607e-01,3.714015159840414625e-06
4.940000000000000568e+01,8.500009517163898964e-01,8.500000000017883250e-01,3.806865538318147754e-06
4.945000000000000284e+01,8.500009755092994279e-01,8.500000000018789192e-01,3.902037176258300413e-06
4.950000000000000000e+01,8.500009998970315950e-01,8.500000000019740654e-01,3.999588105140493276e-06
4.955000000000000426e+01,8.500010248944571689e-01,8.500000000020740965e-01,4.099577807250488989e-06
4.960000000000000142e+01,8.500010505168182906e-01,8.500000000021791235e-01,4.202067251906770654e-06
4.965000000000000568e+01,8.500010767797384625e-01,8.500000000022894797e-01,4.307118932686318062e-06
4.970000000000000284e+01,8.500011036992316527e-01,8.500000000024053870e-01,4.414796905483052470e-06
4.975000000000000000e+01,8.500011312917121753e-01,8.500000000025271785e-01,4.525166827598791670e-06
4.980000000000000426e+01,8.500011595740046833e-01,8.500000000026551872e-01,4.638295997777890396e-06
4.985000000000000142e+01,8.500011885633544928e-01,8.500000000027896352e-01,4.754253397207776109e-06
4.990000000000000568e+01,8.500012182774381309e-01,8.500000000029308556e-01,4.873109731629710361e-06
4.995000000000000284e+01,8.500012487343738821e-01,8.500000000030792924e-01,4.994937474415440452e-06
5.000000000000000000e+01,8.500012799527330021e-01,8.500000000032352787e-01,5.119810910765179564e-06
5.005000000000000426e+01,8.500013119515510418e-01,8.500000000033991476e-01,5.247806183015807385e-06
5.010000000000000142e+01,8.500013447503395048e-01,8.500000000035712322e-01,5.379001337070395807e-06
5.015000000000000568e+01,8.500013783690977265e-01,8.500000000037520875e-01,5.513476369982370137e-06
5.020000000000000284e+01,8.500014128283248649e-01,8.500000000039420467e-01,5.651313278716503150e-06
5.025000000000000000e+01,8.500014481490327789e-01,8.500000000041416648e-01,5.792596110175564413e-06
5.030000000000000426e+01,8.500014843527583519e-01,8.500000000043513859e-01,5.937411012414909591e-06
5.035000000000000142e+01,8.500015214615770365e-01,8.500000000045717652e-01,6.085846287211538129e-06
5.040000000000000568e+01,8.500015594981161771e-01,8.500000000048032467e-01,6.237992443876605452e-06
5.045000000000000284e+01,8.500015984855687767e-01,8.500000000050464966e-01,6.393942254466814319e-06
5.050000000000000000e+01,8.500016384477077080e-01,8.500000000053019589e-01,6.553790810328071270e-06
5.055000000000000426e+01,8.500016794089001460e-01,8.500000000055704108e-01,6.717635580082437230e-06
5.060000000000000142e+01,8.500017213941224448e-01,8.500000000058524074e-01,6.885576469080569630e-06
5.065000000000000568e+01,8.500017644289752372e-01,8.500000000061487260e-01,7.057715880297455314e-06
5.070000000000000284e+01,8.500018085396993106e-01,8.500000000064600325e-01,7.234158776804659788e-06
5.075000000000000000e+01,8.500018537531915941e-01,8.500000000067871042e-01,7.415012745730275505e-06
5.080000000000000426e+01,8.500019000970211458e-01,8.500000000071307182e-01,7.600388063873104311e-06
5.085000000000000142e+01,8.500019475994463614e-01,8.500000000074917628e-01,7.790397764959966923e-06
5.090000000000000568e+01,8.500019962894322934e-01,8.500000000078711260e-01,7.985157708579450700e-06
5.095000000000000284e+01,8.500020461966678598e-01,8.500000000082696960e-01,8.184786650792093155e-06
5.100000000000000000e+01,8.500020973515842737e-01,8.500000000086883611e-01,8.389406316561333105e-06
5.105000000000000426e+01,8.500021497853735841e-01,8.500000000091282315e-01,8.599141473971919864e-06
5.110000000000000142e+01,8.500022035300076606e-01,8.500000000095904173e-01,8.814120010313497461e-06
5.115000000000000568e+01,8.500022586182576223e-01,8.500000000100759179e-01,9.034473010062667514e-06
5.120000000000000284e+01,8.500023150837138219e-01,8.500000000105860654e-01,9.260334834807949184e-06
5.125000000000000000e+01,8.500023729608063849e-01,8.500000000111220810e-01,9.491843205162029182e-06
5.130000000000000426e+01,8.500024322848263036e-01,8.500000000116851862e-01,9.729139284783442309e-06
5.135000000000000142e+01,8.500024930919467536e-01,8.500000000122768240e-01,9.972367766396653436e-06
5.140000000000000568e+01,8.500025554192451871e-01,8.500000000128983269e-01,1.022167696004367997e-05
5.145000000000000284e+01,8.500026193047260925e-01,8.500000000135513600e-01,1.047721888352286690e-05
5.150000000000000000e+01,8.500026847873439761e-01,8.500000000142374779e-01,1.073914935509250257e-05
5.155000000000000426e+01,8.500027519070273430e-01,8.500000000149582347e-01,1.100762808845040352e-05
5.160000000000000142e+01,8.500028207047027884e-01,8.500000000157155178e-01,1.128281879013377739e-05
5.165000000000000568e+01,8.500028912223200894e-01,8.500000000165111036e-01,1.156488925936157985e-05
5.170000000000000284e+01,8.500029635028778507e-01,8.500000000173469905e-01,1.185401149031936222e-05
5.175000000000000000e+01,8.500030375904494839e-01,8.500000000182251769e-01,1.215036177705314317e-05
5.180000000000000426e+01,8.500031135302104079e-01,8.500000000191478833e-01,1.245412082096120160e-05
5.185000000000000142e+01,8.500031913684653606e-01,8.500000000201173300e-01,1.276547384097260895e-05
5.190000000000000568e+01,8.500032711526767093e-01,8.500000000211358486e-01,1.308461068647911663e-05
5.195000000000000284e+01,8.500033529314933167e-01,8.500000000222058816e-01,1.341172595313141576e-05
5.200000000000000000e+01,8.500034367547804059e-01,8.500000000233300934e-01,1.374701910145536787e-05
5.205000000000000426e+01,8.500035226736496474e-01,8.500000000245112597e-01,1.409069457848803504e-05
5.210000000000000142e+01,8.500036107404905783e-01,8.500000000257521560e-01,1.444296194244462607e-05
5.215000000000000568e+01,8.500037010090025769e-01,8.500000000270558909e-01,1.480403599050516659e-05
5.220000000000000284e+01,8.500037935342273920e-01,8.500000000284256840e-01,1.517413688976530316e-05
5.225000000000000000e+01,8.500038883725827832e-01,8.500000000298647551e-01,1.555349031149557562e-05
5.230000000000000426e+01,8.500039855818970480e-01,8.500000000313766568e-01,1.594232756877576515e-05
5.235000000000000142e+01,8.500040852214442166e-01,8.500000000329651639e-01,1.634088575749321671e-05
5.240000000000000568e+01,8.500041873519800228e-01,8.500000000346340512e-01,1.674940790092718212e-05
5.245000000000000284e+01,8.500042920357793186e-01,8.500000000363874264e-01,1.716814309795249612e-05
5.250000000000000000e+01,8.500043993366734885e-01,8.500000000382296195e-01,1.759734667490697637e-05
5.255000000000000426e+01,8.500045093200900848e-01,8.500000000401650713e-01,1.803728034128911333e-05
5.260000000000000142e+01,8.500046220530921293e-01,8.500000000421984447e-01,1.848821234933041070e-05
5.265000000000000568e+01,8.500047376044191916e-01,8.500000000443347359e-01,1.895041765755344949e-05
5.270000000000000284e+01,8.500048560445293555e-01,8.500000000465792738e-01,1.942417809848217546e-05
5.275000000000000000e+01,8.500049774456422957e-01,8.500000000489373875e-01,1.990978255043781265e-05
5.280000000000000426e+01,8.500051018817831316e-01,8.500000000514148502e-01,2.040752711369794525e-05
5.285000000000000142e+01,8.500052294288273913e-01,8.500000000540177680e-01,2.091771529104098724e-05
5.290000000000000568e+01,8.500053601645477519e-01,8.500000000567524694e-01,2.144065817280926446e-05
5.295000000000000284e+01,8.500054941686612242e-01,8.500000000596256156e-01,2.197667462663501983e-05
5.300000000000000000e+01,8.500056315228774473e-01,8.500000000626442009e-01,2.252609149179605336e-05
5.305000000000000426e+01,8.500057723109490926e-01,8.500000000658155530e-01,2.308924377860068795e-05
5.310000000000000142e+01,8.500059166187226012e-01,8.500000000691475543e-01,2.366647487256886968e-05
5.315000000000000568e+01,8.500060645341903642e-01,8.500000000726481986e-01,2.425813674387574808e-05
5.320000000000000284e+01,8.500062161475447908e-01,8.500000000763260344e-01,2.486459016195779025e-05
5.325000000000000000e+01,8.500063715512331530e-01,8.500000000801900546e-01,2.548620491550346979e-05
5.330000000000000426e+01,8.500065308400136521e-01,8.500000000842496961e-01,2.612336003789514805e-05
5.335000000000000142e+01,8.500066941110137053e-01,8.500000000885148399e-01,2.677644403833531224e-05
5.340000000000000568e+01,8.500068614637887876e-01,8.500000000929959221e-01,2.744585513879036452e-05
5.345000000000000284e+01,8.500070330003831609e-01,8.500000000977039338e-01,2.813200151675199264e-05
5.350000000000000000e+01,8.500072088253924907e-01,8.500000001026501995e-01,2.883530155417137784e-05
5.355000000000000426e+01,8.500073890460270176e-01,8.500000001078469314e-01,2.955618409251072225e-05
5.360000000000000142e+01,8.500075737721773939e-01,8.500000001133067862e-01,3.029508869431180016e-05
5.365000000000000568e+01,8.500077631164815184e-01,8.500000001190429755e-01,3.105246591114827832e-05
5.370000000000000284e+01,8.500079571943932599e-01,8.500000001250695991e-01,3.182877755840592127e-05
5.375000000000000000e+01,8.500081561242527339e-01,8.500000001314013121e-01,3.262449699684624315e-05
5.380000000000000426e+01,8.500083600273586892e-01,8.500000001380535464e-01,3.344010942124229504e-05
5.385000000000000142e+01,8.500085690280423378e-01,8.500000001450425113e-01,3.427611215625309766e-05
5.390000000000000568e+01,8.500087832537430721e-01,8.500000001523853044e-01,3.513301495963664213e-05
5.395000000000000284e+01,8.500090028350862914e-01,8.500000001600999111e-01,3.601134033310125087e-05
5.400000000000000000e+01,8.500092279059631162e-01,8.500000001682049833e-01,3.691162384089516731e-05
5.405000000000000426e+01,8.500094586036118782e-01,8.500000001767203939e-01,3.783441443636753870e-05
5.410000000000000142e+01,8.500096950687018316e-01,8.500000001856669041e-01,3.878027479672289094e-05
5.415000000000000568e+01,8.500099374454189727e-01,8.500000001950663853e-01,3.974978166608002293e-05
5.420000000000000284e+01,8.500101858815540812e-01,8.500000002049417080e-01,4.074352620716845488e-05
5.425000000000000000e+01,8.500104405285925369e-01,8.500000002153169643e-01,4.176211436177343280e-05
5.430000000000000426e+01,8.500107015418069123e-01,8.500000002262174670e-01,4.280616722024036371e-05
5.435000000000000142e+01,8.500109690803516749e-01,8.500000002376697505e-01,4.387632140016077623e-05
5.440000000000000568e+01,8.500112433073599982e-01,8.500000002497017926e-01,4.497322943457290748e-05
5.445000000000000284e+01,8.500115243900435713e-01,8.500000002623430140e-01,4.609756016983230939e-05
5.450000000000000000e+01,8.500118124997941838e-01,8.500000002756241679e-01,4.724999917347450298e-05
5.455000000000000426e+01,8.500121078122885310e-01,8.500000002895776730e-01,4.843124915219171420e-05
5.460000000000000142e+01,8.500124105075952397e-01,8.500000003042376129e-01,4.964203038036788223e-05
5.465000000000000568e+01,8.500127207702845578e-01,8.500000003196397369e-01,5.088308113923844931e-05
5.470000000000000284e+01,8.500130387895411532e-01,8.500000003358215706e-01,5.215515816706361172e-05
5.475000000000000000e+01,8.500133647592791331e-01,8.500000003528225268e-01,5.345903712057029382e-05
5.480000000000000426e+01,8.500136988782605041e-01,8.500000003706842389e-01,5.479551304789606381e-05
5.485000000000000142e+01,8.500140413502164094e-01,8.500000003894501166e-01,5.616540087339020292e-05
5.490000000000000568e+01,8.500143923839711402e-01,8.500000004091661232e-01,5.756953589450512635e-05
5.495000000000000284e+01,8.500147521935697004e-01,8.500000004298802203e-01,5.900877429112229538e-05
5.500000000000000000e+01,8.500151209984081468e-01,8.500000004516429231e-01,6.048399364764568063e-05
5.505000000000000426e+01,8.500154990233675933e-01,8.500000004745074111e-01,6.199609348806264927e-05
5.510000000000000142e+01,8.500158864989509899e-01,8.500000004985294177e-01,6.354599582447184938e-05
5.515000000000000568e+01,8.500162836614238993e-01,8.500000005237674516e-01,6.513464571926682396e-05
5.520000000000000284e+01,8.500166907529586036e-01,8.500000005502832412e-01,6.676301186140836460e-05
5.525000000000000000e+01,8.500171080217815422e-01,8.500000005781414014e-01,6.843208715707428040e-05
5.530000000000000426e+01,8.500175357223250794e-01,8.500000006074098780e-01,7.014288933511948385e-05
5.535000000000000142e+01,8.500179741153821578e-01,8.500000006381600581e-01,7.189646156757965281e-05
5.540000000000000568e+01,8.500184234682656159e-01,8.500000006704669930e-01,7.369387310581789700e-05
5.545000000000000284e+01,8.500188840549710578e-01,8.500000007044093975e-01,7.553621993246990352e-05
5.550000000000000000e+01,8.500193561563440525e-01,8.500000007400702051e-01,7.742462542975379967e-05
5.555000000000000426e+01,8.500198400602513304e-01,8.500000007775362354e-01,7.936024106443330677e-05
5.560000000000000142e+01,8.500203360617561987e-01,8.500000008168990817e-01,8.134424708993390760e-05
5.565000000000000568e+01,8.500208444632985083e-01,8.500000008582546673e-01,8.337785326601156936e-05
5.570000000000000284e+01,8.500213655748792840e-01,8.500000009017038005e-01,8.546229959645151831e-05
5.575000000000000000e+01,8.500218997142494626e-01,8.500000009473526186e-01,8.759885708510792052e-05
5.580000000000000426e+01,8.500224472071038484e-01,8.500000009953123659e-01,8.978882851092830856e-05
5.585000000000000142e+01,8.500230083872793996e-01,8.500000010457000599e-01,9.203354922232929579e-05
5.590000000000000568e+01,8.500235835969592868e-01,8.500000010986386023e-01,9.433438795145627392e-05
5.595000000000000284e+01,8.500241731868809492e-01,8.500000011542572231e-01,9.669274764873806056e-05
5.600000000000000000e+01,8.500247775165505892e-01,8.500000012126914806e-01,9.911006633838032335e-05
5.605000000000000426e+01,8.500253969544617760e-01,8.500000012740840383e-01,1.015878179951752724e-04
5.610000000000000142e+01,8.500260318783205982e-01,8.500000013385845543e-01,1.041275134433049092e-04
5.615000000000000568e+01,8.500266826752757021e-01,8.500000014063504583e-01,1.067307012775374269e-04
5.620000000000000284e+01,8.500273497421544366e-01,8.500000014775469515e-01,1.093989688075273914e-04
5.625000000000000000e+01,8.500280334857048814e-01,8.500000015523477837e-01,1.121339430256414812e-04
5.630000000000000426e+01,8.500287343228438708e-01,8.500000016309353645e-01,1.149372915990981944e-04
5.635000000000000142e+01,8.500294526809111240e-01,8.500000017135015407e-01,1.178107238867655380e-04
5.640000000000000568e+01,8.500301889979297032e-01,8.500000018002475954e-01,1.207559919814827606e-04
5.645000000000000284e+01,8.500309437228734666e-01,8.500000018913851374e-01,1.237748917784279559e-04
5.650000000000000000e+01,8.500317173159405160e-01,8.500000019871365442e-01,1.268692640701309094e-04
5.655000000000000426e+01,8.500325102488338613e-01,8.500000020877354068e-01,1.300409956689640740e-04
5.660000000000000142e+01,8.500333230050491906e-01,8.500000021934270844e-01,1.332920205575889399e-04
5.665000000000000568e+01,8.500341560801695229e-01,8.500000023044693709e-01,1.366243210682236960e-04
5.670000000000000284e+01,8.500350099821674110e-01,8.500000024211331606e-01,1.400399290914095798e-04
5.675000000000000000e+01,8.500358852317148051e-01,8.500000025437030038e-01,1.435409273149420629e-04
5.680000000000000426e+01,8.500367823625003538e-01,8.500000026724779945e-01,1.471294504938103534e-04
5.685000000000000142e+01,8.500377019215550334e-01,8.500000028077722147e-01,1.508076867518894678e-04
5.690000000000000568e+01,8.500386444695854360e-01,8.500000029499157339e-01,1.545778789161173297e-04
5.695000000000000284e+01,8.500396105813159409e-01,8.500000030992552746e-01,1.584423258841451208e-04
5.700000000000000000e+01,8.500406008458391005e-01,8.500000032561551011e-01,1.624033840260602837e-04
5.705000000000000426e+01,8.500416158669745759e-01,8.500000034209980182e-01,1.664634686211482833e-04
5.710000000000000142e+01,8.500426562636376193e-01,8.500000035941860377e-01,1.706250553307364800e-04
5.715000000000000568e+01,8.500437226702164395e-01,8.500000037761417104e-01,1.748906817076533002e-04
5.720000000000000284e+01,8.500448157369587809e-01,8.500000039673089036e-01,1.792629487435347087e-04
5.725000000000000000e+01,8.500459361303687178e-01,8.500000041681539109e-01,1.837445224548442879e-04
5.730000000000000426e+01,8.500470845336128844e-01,8.500000043791666737e-01,1.883381355084172567e-04
5.735000000000000142e+01,8.500482616469369201e-01,8.500000046008620025e-01,1.930465888877605713e-04
5.740000000000000568e+01,8.500494681880929049e-01,8.500000048337806868e-01,1.978727536009977726e-04
5.745000000000000284e+01,8.500507048927764542e-01,8.500000050784908279e-01,2.028195724314127879e-04
5.750000000000000000e+01,8.500519725150756933e-01,8.500000053355893925e-01,2.078900617319032163e-04
5.755000000000000426e+01,8.500532718279308897e-01,8.500000056057036568e-01,2.130873132641422348e-04
5.760000000000000142e+01,8.500546036236057423e-01,8.500000058894924271e-01,2.184144960838813032e-04
5.765000000000000568e+01,8.500559687141707732e-01,8.500000061876480384e-01,2.238748584732486971e-04
5.770000000000000284e+01,8.500573679319979314e-01,8.500000065008976868e-01,2.294717299214091484e-04
5.775000000000000000e+01,8.500588021302687425e-01,8.500000068300056499e-01,2.352085231547618497e-04
5.780000000000000426e+01,8.500602721834941145e-01,8.500000071757747300e-01,2.410887362178642938e-04
5.785000000000000142e+01,8.500617789880476893e-01,8.500000075390483634e-01,2.471159546063701968e-04
5.790000000000000568e+01,8.500633234627125168e-01,8.500000079207127301e-01,2.532938534533357559e-04
5.795000000000000284e+01,8.500649065492412726e-01,8.500000083216988633e-01,2.596261997701265994e-04
5.800000000000000000e+01,8.500665292129302442e-01,8.500000087429848694e-01,2.661168547433577416e-04
5.805000000000000426e+01,8.500681924432081926e-01,8.500000091855984818e-01,2.727697760893539863e-04
5.810000000000000142e+01,8.500698972542396481e-01,8.500000096506193925e-01,2.795890204673080878e-04
5.815000000000000568e+01,8.500716446855431929e-01,8.500000101391820273e-01,2.865787459528790627e-04
5.820000000000000284e+01,8.500734358026252879e-01,8.500000106524780996e-01,2.937432145736300869e-04
5.825000000000000000e+01,8.500752716976300860e-01,8.500000111917598300e-01,3.010867949077823355e-04
5.830000000000000426e+01,8.500771534900053439e-01,8.500000117583427217e-01,3.086139647480166167e-04
5.835000000000000142e+01,8.500790823271849872e-01,8.500000123536087804e-01,3.163293138317996994e-04
5.840000000000000568e+01,8.500810593852887731e-01,8.500000129790102887e-01,3.242375466400335376e-04
5.845000000000000284e+01,8.500830858698392722e-01,8.500000136360726932e-01,3.323434852656373785e-04
5.850000000000000000e+01,8.500851630164972805e-01,8.500000143263989338e-01,3.406520723538058798e-04
5.855000000000000426e+01,8.500872920918149944e-01,8.500000150516728858e-01,3.491683741158971852e-04
5.860000000000000142e+01,8.500894743940083931e-01,8.500000158136638007e-01,3.578975834184828283e-04
5.865000000000000568e+01,8.500917112537488274e-01,8.500000166142305247e-01,3.668450229498023524e-04
5.870000000000000284e+01,8.500940040349743709e-01,8.500000174553259402e-01,3.760161484652880365e-04
5.875000000000000000e+01,8.500963541357214881e-01,8.500000183390018504e-01,3.854165521142355940e-04
5.880000000000000426e+01,8.500987629889775743e-01,8.500000192674138644e-01,3.950519658496193546e-04
5.885000000000000142e+01,8.501012320635544794e-01,8.500000202428267260e-01,4.049282649232280318e-04
5.890000000000000568e+01,8.501037628649844580e-01,8.500000212676198652e-01,4.150514714681414856e-04
5.895000000000000284e+01,8.501063569364379902e-01,8.500000223442930603e-01,4.254277581707136338e-04
5.900000000000000000e+01,8.501090158596648072e-01,8.500000234754728767e-01,4.360634520344371600e-04
5.905000000000000426e+01,8.501117412559581199e-01,8.500000246639186630e-01,4.469650382378218315e-04
5.910000000000000142e+01,8.501145347871436053e-01,8.500000259125295443e-01,4.581391640888286647e-04
5.915000000000000568e+01,8.501173981565922633e-01,8.500000272243513066e-01,4.695926430780804372e-04
5.920000000000000284e+01,8.501203331102594740e-01,8.500000286025840568e-01,4.813324590334242870e-04
5.925000000000000000e+01,8.501233414377493691e-01,8.500000300505898831e-01,4.933657703783442912e-04
5.930000000000000426e+01,8.501264249734060696e-01,8.500000315719009603e-01,5.056999144968663332e-04
5.935000000000000142e+01,8.501295855974321247e-01,8.500000331702284306e-01,5.183424122075423832e-04
5.940000000000000568e+01,8.501328252370350391e-01,8.500000348494711755e-01,5.313009723493558297e-04
5.945000000000000284e+01,8.501361458676024441e-01,8.500000366137255847e-01,5.445834964822012306e-04
5.950000000000000000e+01,8.501395495139064673e-01,8.500000384672953269e-01,5.581980837048816603e-04
5.955000000000000426e+01,8.501430382513385231e-01,8.500000404147021182e-01,5.721530355936195727e-04
5.960000000000000142e+01,8.501466142071744114e-01,8.500000424606963811e-01,5.864568612639357772e-04
5.965000000000000568e+01,8.501502795618718356e-01,8.500000446102690121e-01,6.011182825591708176e-04
5.970000000000000284e+01,8.501540365503995611e-01,8.500000468686638166e-01,6.161462393686470071e-04
5.975000000000000000e+01,8.501578874636006589e-01,8.500000492413898323e-01,6.315498950788343141e-04
5.980000000000000426e+01,8.501618346495888323e-01,8.500000517342350959e-01,6.473386421607512384e-04
5.985000000000000142e+01,8.501658805151804943e-01,8.500000543532806319e-01,6.635221078970758709e-04
5.990000000000000568e+01,8.501700275273620377e-01,8.500000571049153297e-01,6.801101602524083946e-04
5.995000000000000284e+01,8.501742782147945210e-01,8.500000599958514869e-01,6.971129138903707717e-04
6.000000000000000000e+01,8.501786351693551014e-01,8.500000630331412399e-01,7.145407363410080778e-04
6.005000000000000426e+01,8.501831010477174377e-01,8.500000662241937732e-01,7.324042543224431809e-04
6.010000000000000142e+01,8.501876785729718389e-01,8.500000695767933045e-01,7.507143602206155794e-04
6.015000000000000568e+01,8.501923705362854911e-01,8.500000730991181808e-01,7.694822187309227407e-04
6.020000000000000284e+01,8.501971797986042079e-01,8.500000767997607509e-01,7.887192736659502613e-04
6.025000000000000000e+01,8.502021092923972567e-01,8.500000806877483495e-01,8.084372549333981341e-04
6.030000000000000426e+01,8.502071620234450400e-01,8.500000847725652786e-01,8.286481856884105827e-04
6.035000000000000142e+01,8.502123410726719621e-01,8.500000890641760121e-01,8.493643896648061945e-04
6.040000000000000568e+01,8.502176495980251492e-01,8.500000935730495089e-01,8.705984986894606996e-04
6.045000000000000284e+01,8.502230908363995754e-01,8.500000983101846375e-01,8.923634603846371726e-04
6.050000000000000000e+01,8.502286681056122619e-01,8.500001032871372653e-01,9.146725460628725999e-04
6.055000000000000426e+01,8.502343848064247700e-01,8.500001085160480141e-01,9.375393588191824118e-04
6.060000000000000142e+01,8.502402444246169866e-01,8.500001140096723473e-01,9.609778418255904764e-04
6.065000000000000568e+01,8.502462505331127574e-01,8.500001197814113230e-01,9.850022868330803039e-04
6.070000000000000284e+01,8.502524067941579222e-01,8.500001258453444564e-01,1.009627342885985367e-03
6.075000000000000000e+01,8.502587169615537510e-01,8.500001322162641371e-01,1.034868025254280207e-03
6.080000000000000426e+01,8.502651848829454462e-01,8.500001389097116000e-01,1.060739724589269441e-03
6.085000000000000142e+01,8.502718145021683771e-01,8.500001459420146732e-01,1.087258216307990634e-03
6.090000000000000568e+01,8.502786098616528232e-01,8.500001533303279677e-01,1.114439670212393017e-03
6.095000000000000284e+01,8.502855751048883359e-01,8.500001610926745110e-01,1.142300660348844355e-03
6.100000000000000000e+01,8.502927144789504954e-01,8.500001692479897120e-01,1.170858175114269754e-03
6.105000000000000426e+01,8.503000323370905056e-01,8.500001778161676569e-01,1.200129627614841040e-03
6.110000000000000142e+01,8.503075331413892934e-01,8.500001868181094045e-01,1.230132866283622627e-03
6.115000000000000568e+01,8.503152214654781105e-01,8.500001962757742779e-01,1.260886185763722238e-03
6.120000000000000284e+01,8.503231019973273019e-01,8.500002062122332669e-01,1.292408338063487459e-03
6.125000000000000000e+01,8.503311795421046870e-01,8.500002166517253155e-01,1.324718543990529608e-03
6.130000000000000426e+01,8.503394590251051044e-01,8.500002276197163864e-01,1.357836504871681640e-03
6.135000000000000142e+01,8.503479454947535654e-01,8.500002391429617443e-01,1.391782414565859985e-03
6.140000000000000568e+01,8.503566441256835695e-01,8.500002512495711260e-01,1.426576971777336915e-03
6.145000000000000284e+01,8.503655602218916920e-01,8.500002639690772410e-01,1.462241392676726396e-03
6.150000000000000000e+01,8.503746992199718857e-01,8.500002773325080474e-01,1.498797423837600713e-03
6.155000000000000426e+01,8.503840666924300518e-01,8.500002913724621356e-01,1.536267355496419426e-03
6.160000000000000142e+01,8.503936683510813221e-01,8.500003061231884427e-01,1.574674035144017553e-03
6.165000000000000568e+01,8.504035100505331624e-01,8.500003216206698520e-01,1.614040881456860156e-03
6.170000000000000284e+01,8.504135977917541833e-01,8.500003379027106787e-01,1.654391898576485853e-03
6.175000000000000000e+01,8.504239377257336585e-01,8.500003550090292626e-01,1.695751690746100408e-03
6.180000000000000426e+01,8.504345361572310802e-01,8.500003729813546682e-01,1.738145477312867584e-03
6.185000000000000142e+01,8.504453995486205287e-01,8.500003918635282707e-01,1.781599108105422647e-03
6.190000000000000568e+01,8.504565345238304097e-01,8.500004117016111138e-01,1.826139079195710163e-03
6.195000000000000284e+01,8.504679478723821129e-01,8.500004325439960429e-01,1.871792549054872475e-03
6.200000000000000000e+01,8.504796465535293670e-01,8.500004544415258323e-01,1.918587355113023866e-03
6.205000000000000426e+01,8.504916377005009576e-01,8.500004774476169755e-01,1.966552030733067016e-03
6.210000000000000142e+01,8.505039286248500252e-01,8.500005016183903583e-01,2.015715822608699428e-03
6.215000000000000568e+01,8.505165268209112783e-01,8.500005270128079271e-01,2.066108708597498046e-03
6.220000000000000284e+01,8.505294399703701158e-01,8.500005536928164629e-01,2.117761415999731747e-03
6.225000000000000000e+01,8.505426759469457698e-01,8.500005817234989047e-01,2.170705440294096091e-03
6.230000000000000426e+01,8.505562428211916881e-01,8.500006111732328895e-01,2.224973064341943980e-03
6.235000000000000142e+01,8.505701488654154874e-01,8.500006421138577295e-01,2.280597378071452276e-03
6.240000000000000568e+01,8.505844025587222523e-01,8.500006746208497166e-01,2.337612298653969807e-03
6.245000000000000284e+01,8.505990125921835121e-01,8.500007087735058642e-01,2.396052591184671173e-03
6.250000000000000000e+01,8.506139878741355576e-01,8.500007446551376411e-01,2.455953889880253989e-03
6.255000000000000426e+01,8.506293375356104303e-01,8.500007823532742535e-01,2.517352719806572898e-03
6.260000000000000142e+01,8.506450709359019147e-01,8.500008219598759185e-01,2.580286519149293644e-03
6.265000000000000568e+01,8.506611976682713072e-01,8.500008635715583516e-01,2.644793662041421568e-03
6.270000000000000284e+01,8.506777275657952941e-01,8.500009072898284668e-01,2.710913481961424887e-03
6.275000000000000000e+01,8.506946707073601566e-01,8.500009532213318453e-01,2.778686295716236918e-03
6.280000000000000426e+01,8.507120374238056337e-01,8.500010014781130829e-01,2.848153428023846370e-03
6.285000000000000142e+01,8.507298383042225520e-01,8.500010521778887940e-01,2.919357236710367481e-03
6.290000000000000568e+01,8.507480842024072176e-01,8.500011054443350478e-01,2.992341138536958305e-03
6.295000000000000284e+01,8.507667862434775685e-01,8.500011614073889055e-01,3.067149635672420001e-03
6.300000000000000000e+01,8.507859558306545278e-01,8.500012202035656106e-01,3.143828342827496413e-03
6.305000000000000426e+01,8.508056046522124438e-01,8.500012819762912120e-01,3.222424015067455738e-03
6.310000000000000142e+01,8.508257446886033915e-01,8.500013468762527280e-01,3.302984576319967138e-03
6.315000000000000568e+01,8.508463882197594419e-01,8.500014150617657416e-01,3.385559148595546249e-03
6.320000000000000284e+01,8.508675478325773422e-01,8.500014866991602025e-01,3.470198081938467155e-03
6.325000000000000000e+01,8.508892364285897125e-01,8.500015619631865471e-01,3.556952985126322041e-03
6.330000000000000426e+01,8.509114672318286443e-01,8.500016410374420239e-01,3.645876757136996913e-03
6.335000000000000142e+01,8.509342537968846987e-01,8.500017241148180025e-01,3.737023619402194373e-03
6.340000000000000568e+01,8.509576100171678537e-01,8.500018113979711520e-01,3.830449148867190803e-03
6.345000000000000284e+01,8.509815501333746202e-01,8.500019030998173797e-01,3.926210311877007149e-03
6.350000000000000000e+01,8.510060887421661002e-01,8.500019994440513038e-01,4.024365498909474731e-03
6.355000000000000426e+01,8.510312408050634270e-01,8.500021006656919287e-01,4.124974560176682820e-03
6.360000000000000142e+01,8.510570216575646940e-01,8.500022070116558526e-01,4.228098842116133349e-03
6.365000000000000568e+01,8.510834470184897027e-01,8.500023187413595638e-01,4.333801224794102576e-03
6.370000000000000284e+01,8.511105329995580782e-01,8.500024361273523787e-01,4.442146160243880780e-03
6.375000000000000000e+01,8.511382961152061943e-01,8.500025594559811326e-01,4.553199711762264540e-03
6.380000000000000426e+01,8.511667532926492363e-01,8.500026890280887315e-01,4.667029594188313625e-03
6.385000000000000142e+01,8.511959218821943951e-01,8.500028251597476769e-01,4.783705215188811290e-03
6.390000000000000568e+01,8.512258196678115230e-01,8.500029681830316708e-01,4.903297717575606611e-03
6.395000000000000284e+01,8.512564648779670229e-01,8.500031184468249679e-01,5.025880022680666304e-03
6.400000000000000000e+01,8.512878761967287433e-01,8.500032763176736950e-01,5.151526874815235899e-03
6.404999999999999716e+01,8.513200727751473185e-01,8.500034421806799134e-01,5.280314886840177177e-03
6.410000000000000853e+01,8.513530742429217257e-01,8.500036164404410899e-01,5.412322586875187996e-03
6.415000000000000568e+01,8.513869007203556105e-01,8.500037995220366405e-01,5.547630466175500555e-03
6.420000000000000284e+01,8.514215728306117059e-01,8.500039918720651011e-01,5.686321028205047930e-03
6.425000000000000000e+01,8.514571117122720079e-01,8.500041939597333673e-01,5.828478838936121745e-03
6.429999999999999716e+01,8.514935390322109221e-01,8.500044062780010012e-01,5.974190578406069450e-03
6.435000000000000853e+01,8.515308769987893767e-01,8.500046293447829360e-01,6.123545093562395882e-03
6.440000000000000568e+01,8.515691483753777824e-01,8.500048637042125765e-01,6.276633452428585259e-03
6.445000000000000284e+01,8.516083764942157242e-01,8.500051099279689604e-01,6.433548999623483686e-03
6.450000000000000000e+01,8.516485852706174864e-01,8.500053686166713085e-01,6.594387413268063165e-03
6.454999999999999716e+01,8.516897992175307408e-01,8.500056404013437428e-01,6.759246763314272904e-03
6.460000000000000853e+01,8.517320434604584989e-01,8.500059259449546101e-01,6.928227571331440834e-03
6.465000000000000568e+01,8.517753437527522120e-01,8.500062259440335222e-01,7.101432871786597309e-03
6.470000000000000284e+01,8.518197264912857891e-01,8.500065411303702190e-01,7.278968274856032275e-03
6.475000000000000000e+01,8.518652187325198577e-01,8.500068722727992521e-01,7.460942030806306212e-03
6.479999999999999716e+01,8.519118482089653721e-01,8.500072201790754844e-01,7.647465095983899640e-03
6.485000000000000853e+01,8.519596433460574492e-01,8.500075856978438482e-01,7.838651200453603668e-03
6.490000000000000568e+01,8.520086332794482020e-01,8.500079697207094664e-01,8.034616917326849531e-03
6.495000000000000284e+01,8.520588478727303405e-01,8.500083731844120249e-01,8.235481733822113543e-03
6.500000000000000000e+01,8.521103177356007530e-01,8.500087970731107223e-01,8.441368124100611173e-03
6.504999999999999716e+01,8.521630742424759486e-01,8.500092424207842390e-01,8.652401623921612828e-03
6.510000000000000853e+01,8.522171495515696860e-01,8.500097103137526089e-01,8.868710907162678445e-03
6.515000000000000568e+01,8.522725766244448886e-01,8.500102018933266557e-01,9.090427864251458476e-03
6.520000000000000284e+01,8.523293892460502841e-01,8.500107183585914328e-01,9.317687682556578810e-03
6.525000000000000000e+01,8.523876220452554220e-01,8.500112609693304400e-01,9.550628928786622507e-03
6.529999999999999716e+01,8.524473105158940633e-01,8.500118310490981655e-01,9.789393633447131954e-03
6.535000000000000853e+01,8.525084910383305958e-01,8.500124299884477264e-01,1.003412737740704171e-02
6.540000000000000568e+01,8.525712009015601334e-01,8.500130592483220449e-01,1.028497938062702607e-02
6.545000000000000284e+01,8.526354783258570658e-01,8.500137203636168870e-01,1.054210259310380156e-02
6.550000000000000000e+01,8.527013624859842711e-01,8.500144149469234245e-01,1.080565378808537140e-02
6.554999999999999716e+01,8.527688935349768684e-01,8.500151446924611998e-01,1.107579365761399495e-02
6.560000000000000853e+01,8.528381126285149438e-01,8.500159113802093769e-01,1.135268691045475745e-02
6.565000000000000568e+01,8.529090619498986836e-01,8.500167168802470474e-01,1.163650237246918392e-02
6.570000000000000284e+01,8.529817847356412353e-01,8.500175631573138046e-01,1.192741308949475838e-02
6.575000000000000000e+01,8.530563253016935077e-01,8.500184522756003558e-01,1.222559643279277214e-02
6.579999999999999716e+01,8.531327290703171196e-01,8.500193864037818292e-01,1.253123420712841385e-02
6.585000000000000853e+01,8.532110425976195955e-01,8.500203678203057667e-01,1.284451276154853321e-02
6.590000000000000568e+01,8.532913136017692413e-01,8.500213989189476793e-01,1.316562310292434743e-02
6.595000000000000284e+01,8.533735909919051288e-01,8.500224822146473791e-01,1.349476101232766415e-02
6.600000000000000000e+01,8.534579248977587351e-01,8.500236203496409626e-01,1.383212716431128468e-02
6.604999999999999716e+01,8.535443667000044421e-01,8.500248160999029912e-01,1.417792724916552664e-02
6.610000000000000853e+01,8.536329690613566612e-01,8.500260723819140773e-01,1.453237209822515891e-02
6.615000000000000568e+01,8.537237859584297928e-01,8.500273922597714193e-01,1.489567781230219899e-02
6.620000000000000284e+01,8.538168727143812253e-01,8.500287789526586035e-01,1.526806589332248103e-02
6.625000000000000000e+01,8.539122860323536957e-01,8.500302358426933269e-01,1.564976337924531280e-02
6.629999999999999716e+01,8.540100840297372153e-01,8.500317664831723574e-01,1.604100298234786837e-02
6.635000000000000853e+01,8.541103262732692158e-01,8.500333746072330499e-01,1.644202323095774257e-02
6.640000000000000568e+01,8.542130738149922298e-01,8.500350641369529558e-01,1.685306861471913553e-02
6.645000000000000284e+01,8.543183892290898696e-01,8.500368391929100653e-01,1.727438973348037823e-02
6.650000000000000000e+01,8.544263366496201995e-01,8.500387041042261060e-01,1.770624344989236640e-02
6.654999999999999716e+01,8.545369818091683722e-01,8.500406634191175481e-01,1.814889304581002172e-02
6.660000000000000853e+01,8.546503920784388475e-01,8.500427219159806258e-01,1.860260838259072264e-02
6.665000000000000568e+01,8.547666365068091743e-01,8.500448846150364668e-01,1.906766606538635306e-02
6.670000000000000284e+01,8.548857858638665430e-01,8.500471567905648618e-01,1.954434961152748396e-02
6.675000000000000000e+01,8.550079126819498665e-01,8.500495439837567613e-01,2.003294962310104427e-02
6.679999999999999716e+01,8.551330912997200384e-01,8.500520520162164750e-01,2.053376396382500246e-02
6.685000000000000853e+01,8.552613979067806849e-01,8.500546870041461034e-01,2.104709794032610243e-02
6.690000000000000568e+01,8.553929105893737228e-01,8.500574553732468397e-01,2.157326448792936183e-02
6.695000000000000284e+01,8.555277093771722630e-01,8.500603638743736701e-01,2.211258436107047670e-02
6.700000000000000000e+01,8.556658762911957261e-01,8.500634195999812182e-01,2.266538632844514178e-02
6.704999999999999716e+01,8.558074953928714868e-01,8.500666300013999255e-01,2.323200737301183913e-02
6.710000000000000853e+01,8.559526528342672469e-01,8.500700029069856445e-01,2.381279289696749610e-02
6.715000000000000568e+01,8.561014369095196752e-01,8.500735465411861647e-01,2.440809693181826209e-02
6.720000000000000284e+01,8.562539381074842915e-01,8.500772695445705240e-01,2.501828235367051928e-02
6.725000000000000000e+01,8.564102491656323535e-01,8.500811809948700670e-01,2.564372110387020537e-02
6.729999999999999716e+01,8.565704651252206148e-01,8.500852904290822076e-01,2.628479441512161438e-02
6.735000000000000853e+01,8.567346833877595991e-01,8.500896078666901889e-01,2.694189304321967238e-02
6.740000000000000568e+01,8.569030037728078142e-01,8.500941438340551271e-01,2.761541750453325866e-02
6.745000000000000284e+01,8.570755285771168852e-01,8.500989093900398474e-01,2.830577831937984221e-02
6.750000000000000000e+01,8.572523626351553627e-01,8.501039161529254651e-01,2.901339626143537714e-02
6.754999999999999716e+01,8.574336133810376293e-01,8.501091763286865444e-01,2.973870261332651685e-02
6.760000000000000853e+01,8.576193909118846603e-01,8.501147027406933399e-01,3.048213942855551931e-02
6.765000000000000568e+01,8.578098080526435076e-01,8.501205088609120608e-01,3.124415979991202602e-02
6.770000000000000284e+01,8.580049804223923715e-01,8.501266088426792100e-01,3.202522813452889777e-02
6.775000000000000000e+01,8.582050265021582414e-01,8.501330175551287116e-01,3.282582043574332892e-02
6.779999999999999716e+01,8.584100677042736383e-01,8.501397506193546505e-01,3.364642459192782042e-02
6.785000000000000853e+01,8.586202284432987719e-01,8.501468244463977753e-01,3.448754067245934918e-02
6.790000000000000568e+01,8.588356362085355356e-01,8.501542562771456923e-01,3.534968123099885978e-02
6.795000000000000284e+01,8.590564216381589846e-01,8.501620642242444514e-01,3.623337161625709429e-02
6.800000000000000000e+01,8.592827185949926116e-01,8.501702673161207757e-01,3.713915029042647031e-02
6.804999999999999716e+01,8.595146642439507323e-01,8.501788855432219627e-01,3.806756915546271464e-02
6.810000000000000853e+01,8.597523991311741831e-01,8.501879399065841447e-01,3.901919388740405364e-02
6.815000000000000568e+01,8.599960672648814253e-01,8.501974524688449275e-01,3.999460427891971676e-02
6.820000000000000284e+01,8.602458161979590345e-01,8.502074464078236415e-01,4.099439459028355465e-02
6.825000000000000000e+01,8.605017971123125609e-01,8.502179460727969929e-01,4.201917390897273730e-02
6.829999999999999716e+01,8.607641649049985189e-01,8.502289770436046723e-01,4.306956651809578512e-02
6.835000000000000853e+01,8.610330782761577151e-01,8.502405661927269209e-01,4.414621227385830821e-02
6.840000000000000568e+01,8.613086998187671206e-01,8.502527417504817109e-01,4.524976699227901272e-02
6.845000000000000284e+01,8.615911961102268313e-01,8.502655333734977505e-01,4.638090284537308566e-02
6.850000000000000000e+01,8.618807378057971036e-01,8.502789722166252950e-01,4.754030876702403097e-02
6.854999999999999716e+01,8.621774997338970126e-01,8.502930910084579574e-01,4.872869086876989442e-02
6.860000000000000853e+01,8.624816609932768330e-01,8.503079241306430447e-01,4.994677286573352692e-02
6.865000000000000568e+01,8.627934050520698062e-01,8.503235077011700449e-01,5.119529651293160122e-02
6.870000000000000284e+01,8.631129198487296206e-01,8.503398796618343303e-01,5.247502205220085092e-02
6.875000000000000000e+01,8.634403978948551606e-01,8.503570798700833544e-01,5.378672866998492758e-02
6.879999999999999716e+01,8.637760363799011909e-01,8.503751501954620595e-01,5.513121496622932355e-02
6.885000000000000853e+01,8.641200372777693151e-01,8.503941346208856444e-01,5.650929943463608301e-02
6.890000000000000568e+01,8.644726074552699924e-01,8.504140793489781691e-01,5.792182095453481117e-02
6.895000000000000284e+01,8.648339587824422914e-01,8.504350329137272402e-01,5.936963929463014156e-02
6.900000000000000000e+01,8.652043082447113953e-01,8.504570462977163459e-01,6.085363562889048450e-02
6.904999999999999716e+01,8.655838780568607671e-01,8.504801730552101757e-01,6.237471306484700800e-02
6.910000000000000853e+01,8.659728957787874437e-01,8.505044694413806949e-01,6.393379718457550820e-02
6.915000000000000568e+01,8.663715944330050434e-01,8.505299945479746215e-01,6.553183659863826005e-02
6.920000000000000284e+01,8.667802126238495219e-01,8.505568104457394973e-01,6.716980351326644338e-02
6.925000000000000000e+01,8.671989946583364972e-01,8.505849823339376448e-01,6.884869431106760418e-02
6.929999999999999716e+01,8.676281906686099665e-01,8.506145786972949541e-01,7.056953014554619152e-02
6.935000000000000853e+01,8.680680567359134736e-01,8.506456714707469891e-01,7.233335754972837484e-02
6.940000000000000568e+01,8.685188550160041210e-01,8.506783362123618852e-01,7.414124905918574593e-02
6.945000000000000284e+01,8.689808538659192783e-01,8.507126522848361683e-01,7.599430384975530695e-02
6.950000000000000000e+01,8.694543279719946227e-01,8.507487030459803812e-01,7.789364839025585130e-02
6.954999999999999716e+01,8.699395584790179381e-01,8.507865760486273965e-01,7.984043711050305137e-02
6.960000000000000853e+01,8.704368331203908848e-01,8.508263632504191598e-01,8.183585308492792587e-02
6.965000000000000568e+01,8.709464463491544128e-01,8.508681612339453748e-01,8.388110873210470608e-02
6.970000000000000284e+01,8.714686994697184996e-01,8.509120714377323980e-01,8.597744653049552155e-02
6.975000000000000000e+01,8.720039007701173572e-01,8.509582003985992626e-01,8.812613975072008943e-02
6.979999999999999716e+01,8.725523656545948192e-01,8.510066600059237318e-01,9.032849320465893839e-02
6.985000000000000853e+01,8.731144167763008612e-01,8.510575677683841489e-01,9.258584401169835110e-02
6.990000000000000568e+01,8.736903841698607787e-01,8.511110470937673922e-01,9.489956238242450159e-02
6.995000000000000284e+01,8.742806053835512348e-01,8.511672275824593292e-01,9.727105242007243191e-02
7.000000000000000000e+01,8.748854256107946314e-01,8.512262453352612557e-01,9.970175294003372213e-02
7.004999999999999716e+01,8.755051978206520591e-01,8.512882432762013396e-01,1.021931383077231831e-01
7.010000000000000853e+01,8.761402828869661041e-01,8.513533714910412886e-01,1.047467192951011122e-01
7.015000000000000568e+01,8.767910497157724858e-01,8.514217875822047699e-01,1.073640439561428656e-01
7.020000000000000284e+01,8.774578753705618572e-01,8.514936570408860872e-01,1.100466985215415028e-01
7.025000000000000000e+01,8.781411451949378000e-01,8.515691536371274850e-01,1.127963083129218530e-01
7.029999999999999716e+01,8.788412529321724120e-01,8.516484598286847563e-01,1.156145386768364647e-01
7.035000000000000853e+01,8.795586008411202528e-01,8.517317671895346942e-01,1.185030959388039401e-01
7.040000000000000568e+01,8.802935998079007840e-01,8.518192768589092356e-01,1.214637283776390103e-01
7.045000000000000284e+01,8.810466694527091525e-01,8.519112000117758932e-01,1.244982272203108559e-01
7.050000000000000000e+01,8.818182382310596479e-01,8.520077583517180475e-01,1.276084276575519538e-01
7.054999999999999716e+01,8.826087435287069960e-01,8.521091846272037529e-01,1.307962098804230644e-01
7.060000000000000853e+01,8.834186317494260310e-01,8.522157231722659043e-01,1.340635001380214020e-01
7.065000000000000568e+01,8.842483583947624570e-01,8.523276304726540298e-01,1.374122718164990931e-01
7.070000000000000284e+01,8.850983881347923576e-01,8.524451757585510547e-01,1.408445465395349872e-01
7.075000000000000000e+01,8.859691948688502849e-01,8.525686416249865784e-01,1.443623952903781982e-01
7.079999999999999716e+01,8.868612617750991634e-01,8.526983246811111750e-01,1.479679395555527355e-01
7.085000000000000853e+01,8.877750813477250924e-01,8.528345362295334242e-01,1.516633524902814001e-01
7.090000000000000568e+01,8.887111554204423225e-01,8.529776029769542411e-01,1.554508601056525108e-01
7.095000000000000284e+01,8.896699951748872071e-01,8.531278677773668218e-01,1.593327424775145829e-01
7.100000000000000000e+01,8.906521211323702447e-01,8.532856904091237205e-01,1.633113349770424771e-01
7.104999999999999716e+01,8.916580631273322011e-01,8.534514483872021051e-01,1.673890295228720737e-01
7.110000000000000853e+01,8.926883602607235124e-01,8.536255378120277681e-01,1.715682758546504261e-01
7.115000000000000568e+01,8.937435608313878399e-01,8.538083742562445622e-01,1.758515828277930904e-01
7.120000000000000284e+01,8.948242222433826498e-01,8.540003936908393545e-01,1.802415197291799276e-01
7.125000000000000000e+01,8.959309108870147087e-01,8.542020534520535779e-01,1.847407176134552298e-01
7.129999999999999716e+01,8.970642019911968523e-01,8.544138332505273326e-01,1.893518706595262446e-01
7.135000000000000853e+01,8.982246794445575278e-01,8.546362362241340938e-01,1.940777375467766519e-01
7.140000000000000568e+01,8.994129355825397631e-01,8.548697900359701896e-01,1.989211428504264190e-01
7.145000000000000284e+01,9.006295709375248260e-01,8.551150480189625425e-01,2.038849784553782019e-01
7.150000000000000000e+01,9.018751939487990033e-01,8.553725903685498455e-01,2.089722049877903720e-01
7.154999999999999716e+01,9.031504206289504566e-01,8.556430253848779088e-01,2.141858532635093348e-01
7.160000000000000853e+01,9.044558741830386328e-01,8.559269907659232679e-01,2.195290257523764277e-01
7.165000000000000568e+01,9.057921845766188085e-01,8.562251549529232841e-01,2.250048980572992297e-01
7.170000000000000284e+01,9.071599880484276790e-01,8.565382185294430073e-01,2.306167204068397258e-01
7.175000000000000000e+01,9.085599265632436916e-01,8.568669156753463412e-01,2.363678191599254685e-01
7.179999999999999716e+01,9.099926472001252931e-01,8.572120156768630039e-01,2.422615983211303670e-01
7.185000000000000853e+01,9.114588014709041897e-01,8.575743244938462961e-01,2.483015410648008459e-01
7.190000000000000568e+01,9.129590445634631068e-01,8.579546863852050009e-01,2.544912112661191772e-01
7.195000000000000284e+01,9.144940345039637153e-01,8.583539855933545182e-01,2.608342550369970314e-01
7.200000000000000000e+01,9.160644312318054761e-01,8.587731480883760149e-01,2.673344022644796869e-01
7.204999999999999716e+01,9.176708955806924806e-01,8.592131433723826373e-01,2.739954681491122424e-01
7.210000000000000853e+01,9.193140881587616997e-01,8.596749863443791106e-01,2.808213547404742050e-01
7.215000000000000568e+01,9.209946681202797469e-01,8.601597392256503660e-01,2.878160524668250120e-01
7.220000000000000284e+01,9.227132918209536294e-01,8.606685135454310576e-01,2.949836416555212670e-01
7.225000000000000000e+01,9.244706113484127963e-01,8.612024721862820975e-01,3.023282940405653263e-01
7.229999999999999716e+01,9.262672729189180831e-01,8.617628314882321838e-01,3.098542742533211825e-01
7.235000000000000853e+01,9.281039151308280166e-01,8.623508634103248527e-01,3.175659412920901481e-01
7.240000000000000568e+01,9.299811670648109319e-01,8.629678977477404089e-01,3.254677499658699125e-01
7.245000000000000284e+01,9.318996462202326914e-01,8.636153244021351760e-01,3.335642523072293586e-01
7.250000000000000000e+01,9.338599562765758089e-01,8.642945957022464265e-01,3.418600989488130293e-01
7.254999999999999716e+01,9.358626846681569189e-01,8.650072287711516594e-01,3.503600404575453742e-01
7.260000000000000853e+01,9.379083999598115673e-01,8.657548079358330373e-01,3.590689286201328434e-01
7.265000000000000568e+01,9.399976490106084492e-01,8.665389871738786720e-01,3.679917176729595729e-01
7.270000000000000284e+01,9.421309539120458210e-01,8.673614925912456197e-01,3.771334654689426080e-01
7.275000000000000000e+01,9.443088086865720765e-01,8.682241249240039149e-01,3.864993345733490071e-01
7.279999999999999716e+01,9.465316757316686314e-01,8.691287620558728610e-01,3.960945932799824765e-01
7.285000000000000853e+01,9.487999819941435042e-01,8.700773615421422136e-01,4.059246165385199667e-01
7.290000000000000568e+01,9.511141148587094474e-01,8.710719631292281884e-01,4.159948867831161357e-01
7.295000000000000284e+01,9.534744177343795757e-01,8.721146912576467347e-01,4.263109946516973614e-01
7.300000000000000000e+01,9.558811853217054066e-01,8.732077575345790210e-01,4.368786395846362414e-01
7.304999999999999716e+01,9.583346585434266984e-01,8.743534631604502616e-01,4.477036302907296816e-01
7.310000000000000853e+01,9.608350191207082336e-01,8.755542012920339845e-01,4.587918850676021565e-01
7.315000000000000568e+01,9.633823837768208387e-01,8.768124593225214980e-01,4.701494319628185536e-01
7.320000000000000284e+01,9.659767980498989992e-01,8.781308210567474459e-01,4.817824087611187189e-01
7.325000000000000000e+01,9.686182296962950744e-01,8.795119687573367262e-01,4.936970627822820368e-01
7.329999999999999716e+01,9.713065616660710999e-01,8.809586850349184761e-01,5.058997504731912453e-01
7.335000000000000853e+01,9.740415846323434712e-01,8.824738545527397449e-01,5.183969367766997349e-01
7.340000000000000568e+01,9.768229890565568452e-01,8.840604655129957745e-01,5.311951942589117071e-01
7.345000000000000284e+01,9.796503567723285899e-01,8.857216108889705009e-01,5.443012019754661646e-01
7.350000000000000000e+01,9.825231520713205713e-01,8.874604893636485192e-01,5.577217440563784212e-01
7.354999999999999716e+01,9.854407122756791981e-01,8.892804059318167864e-01,5.714637079879415493e-01
7.360000000000000853e+01,9.884022377829919659e-01,8.911847721188237426e-01,5.855340825691284223e-01
7.365000000000000568e+01,9.914067815714654452e-01,8.931771057651075596e-01,5.999399555188733579e-01
7.370000000000000284e+01,9.944532381551918210e-01,8.952610303213585086e-01,6.146885107095595435e-01
7.375000000000000000e+01,9.975403319819809989e-01,8.974402735947483167e-01,6.297870250009993676e-01
7.379999999999999716e+01,1.000666605269345366e+00,8.997186658820673921e-01,6.452428646481894736e-01
7.385000000000000853e+01,1.003830405277889692e+00,9.021001374208796886e-01,6.610634812551539063e-01
7.390000000000000568e+01,1.007029871025635792e+00,9.045887150849659664e-01,6.772564072462825546e-01
7.395000000000000284e+01,1.010262919451763608e+00,9.071885182454219043e-01,6.938292508257380975e-01
7.400000000000000000e+01,1.013527231043932275e+00,9.099037537138484621e-01,7.107896903947643619e-01
7.404999999999999716e+01,1.016820234949831869e+00,9.127387096791866883e-01,7.281454683961087193e-01
7.410000000000000853e+01,1.020139093600958224e+00,9.156977485449653287e-01,7.459043845542872031e-01
7.415000000000000568e+01,1.023480686884878477e+00,9.187852985691380425e-01,7.640742884801091650e-01
7.420000000000000284e+01,1.026841595911514915e+00,9.220058442043767011e-01,7.826630716077649375e-01
7.425000000000000000e+01,1.030218086429281366e+00,9.253639150327672702e-01,8.016786584329004262e-01
7.429999999999999716e+01,1.033606091958317208e+00,9.288640731854550525e-01,8.211289970204921351e-01
7.435000000000000853e+01,1.037001196720619856e+00,9.325108991350429255e-01,8.410220487520405630e-01
7.440000000000000568e+01,1.040398618460618430e+00,9.363089757466198648e-01,8.613657772826593950e-01
7.445000000000000284e+01,1.043793191264677844e+00,9.402628704723702269e-01,8.821681366801047419e-01
7.450000000000000000e+01,1.047179348504191365e+00,9.443771155749719481e-01,9.034370587197133595e-01
7.454999999999999716e+01,1.050551106044284921e+00,9.486561862666643696e-01,9.251804393116646041e-01
7.460000000000000853e+01,1.054203315273514852e+00,9.535044043816894854e-01,9.466677203221731673e-01
7.465000000000000568e+01,1.057818508532193169e+00,9.585243885934469077e-01,9.685651295016549645e-01
7.470000000000000284e+01,1.061389658502336575e+00,9.637194133490418757e-01,9.908777533248642744e-01
7.475000000000000000e+01,1.064909356049841938e+00,9.690925701926466074e-01,1.013610571473886557e+00
7.479999999999999716e+01,1.068369804365409736e+00,9.746467409064661913e-01,1.036768444836365655e+00
7.485000000000000853e+01,1.071762814470376801e+00,9.803845690469823460e-01,1.060356103075960288e+00
7.490000000000000568e+01,1.075079802271491136e+00,9.863084298883775247e-01,1.084378131795543654e+00
7.495000000000000284e+01,1.078311787358291918e+00,9.924203988005386723e-01,1.108838959318931838e+00
7.500000000000000000e+01,1.081449393745578469e+00,9.987222181063993842e-01,1.133742843122763411e+00
7.504999999999999716e+01,1.084482852771208927e+00,1.005215262482643590e+00,1.159093855956595753e+00
7.510000000000000853e+01,1.087402008365893069e+00,1.011900502988981598e+00,1.184895871696393765e+00
7.515000000000000568e+01,1.090196324916434811e+00,1.018778469834310973e+00,1.211152550984405440e+00
7.520000000000000284e+01,1.092854897946729853e+00,1.025849214013046851e+00,1.237867326717027261e+00
7.525000000000000000e+01,1.095542019214877705e+00,1.033619934153231723e+00,1.263209521556479586e+00
7.529999999999999716e+01,1.098066892481405432e+00,1.041568066667390990e+00,1.288912386690049816e+00
7.535000000000000853e+01,1.100419377426203660e+00,1.049691424145975827e+00,1.314976902931438651e+00
7.540000000000000568e+01,1.102589165679128902e+00,1.057987305335651440e+00,1.341403851805592184e+00
7.545000000000000284e+01,1.104565803869928864e+00,1.066452470197311042e+00,1.368193809148588569e+00
7.550000000000000000e+01,1.106338719073147514e+00,1.075083115573471915e+00,1.395347139137317782e+00
7.554999999999999716e+01,1.107897246692015392e+00,1.083874851665560968e+00,1.422863988833009685e+00
7.560000000000000853e+01,1.109303131090567884e+00,1.093308988767902834e+00,1.448049015089621028e+00
7.565000000000000568e+01,1.110483174713329690e+00,1.102874258351780323e+00,1.473498398684998767e+00
7.570000000000000284e+01,1.111429044901030894e+00,1.112564942472065832e+00,1.499211159869838106e+00
7.575000000000000000e+01,1.112132491226788034e+00,1.122374856405866872e+00,1.525186186742446326e+00
7.579999999999999716e+01,1.112585371280910174e+00,1.132297342287249764e+00,1.551422236598561488e+00
7.585000000000000853e+01,1.112779677454866389e+00,1.142325264119466999e+00,1.577917938044828716e+00
7.590000000000000568e+01,1.112704513443314225e+00,1.152879440443296710e+00,1.601235761827560999e+00
7.595000000000000284e+01,1.112380980745090620e+00,1.163504892842037286e+00,1.624726337042910806e+00
7.600000000000000000e+01,1.111803917314112544e+00,1.174194745619937974e+00,1.648388286269501180e+00
7.604999999999999716e+01,1.110968352323563169e+00,1.184941831783415944e+00,1.672220188385055595e+00
7.610000000000000853e+01,1.109834211270787740e+00,1.196085654070803805e+00,1.692500354015481268e+00
7.615000000000000568e+01,1.108467700316312365e+00,1.207258311647501969e+00,1.712886021318817731e+00
7.620000000000000284e+01,1.106866128235590274e+00,1.218453910650593830e+00,1.733376230389330308e+00
7.625000000000000000e+01,1.105026967656244530e+00,1.229666413202808117e+00,1.753970029171313172e+00
7.629999999999999716e+01,1.102897785259412400e+00,1.241159961277185309e+00,1.770817667781462657e+00
7.635000000000000853e+01,1.100568109454804322e+00,1.252651353318369631e+00,1.787724805188287025e+00
7.640000000000000568e+01,1.098036876931410610e+00,1.264136256247101020e+00,1.804691006699949973e+00
7.645000000000000284e+01,1.095303129490436733e+00,1.275610280463869595e+00,1.821715868091509538e+00
7.650000000000000000e+01,1.092314533077371808e+00,1.287269835769999649e+00,1.834965361125872274e+00
7.654999999999999716e+01,1.089166093722387485e+00,1.298909572853274241e+00,1.848245766450070438e+00
7.660000000000000853e+01,1.085857582568699353e+00,1.310526744865921245e+00,1.861557044490919077e+00
7.665000000000000568e+01,1.082388822787724525e+00,1.322118588040024356e+00,1.874899190433884755e+00
7.670000000000000284e+01,1.078715666530832840e+00,1.333822596783280856e+00,1.884585130198872305e+00
7.675000000000000000e+01,1.074925861208141376e+00,1.345501137672993508e+00,1.894285916521207369e+00
7.680000000000001137e+01,1.071019467098134115e+00,1.357152738938773862e+00,1.904001707107645824e+00
7.685000000000000853e+01,1.066996563165459433e+00,1.368775924871775018e+00,1.913732689497702255e+00
7.690000000000000568e+01,1.062825286753722676e+00,1.380458728964814252e+00,1.920052360934707769e+00
7.695000000000000284e+01,1.058578664228083221e+00,1.392119327863650780e+00,1.926378677275723428e+00
7.700000000000000000e+01,1.054256772811480447e+00,1.403757098083427524e+00,1.932711828293200762e+00
7.705000000000001137e+01,1.049840976452700136e+00,1.415420852962774756e+00,1.936132023989392215e+00
7.710000000000000853e+01,1.045384819308698532e+00,1.427070729201615817e+00,1.939554903866270053e+00
7.715000000000000568e+01,1.040888325874969045e+00,1.438706542874824912e+00,1.942980587001272186e+00
7.720000000000000284e+01,1.036351520197748011e+00,1.450328109437763136e+00,1.946409203354281248e+00
7.725000000000000000e+01,1.031766668845177648e+00,1.461954914549396856e+00,1.947295484360308526e+00
7.730000000000001137e+01,1.027171480882896004e+00,1.473577737108310748e+00,1.948182387029764318e+00
7.735000000000000853e+01,1.022565953404279249e+00,1.485196562896277772e+00,1.949069945430467854e+00
7.740000000000000568e+01,1.017950692572123117e+00,1.496809843993793354e+00,1.947921695009068088e+00
7.745000000000000284e+01,1.013348711812954051e+00,1.508428563145203238e+00,1.946772663230864175e+00
7.750000000000000000e+01,1.008760028049520141e+00,1.520052705110418678e+00,1.945622808593820974e+00
7.755000000000001137e+01,1.004184658670072894e+00,1.531682254795340148e+00,1.944472086079493733e+00
7.760000000000000853e+01,9.996287154565387523e-01,1.543301655520425530e+00,1.941657577058029327e+00
7.765000000000000568e+01,9.951051521747721340e-01,1.554934709829306039e+00,1.938840969085291466e+00
7.770000000000000284e+01,9.906140424672402744e-01,1.566581315062328894e+00,1.936022163128111595e+00
7.775000000000000000e+01,9.861554607826952257e-01,1.578241368596635441e+00,1.933201051355674549e+00
7.780000000000001137e+01,9.817385969178965555e-01,1.589890728792337393e+00,1.929073461434994252e+00
7.785000000000000853e+01,9.773691464467533230e-01,1.601560111212327664e+00,1.924942441662931270e+00
7.790000000000000568e+01,9.730472568973308478e-01,1.613249290686826543e+00,1.920807853894425987e+00
7.795000000000000284e+01,9.687730762615359703e-01,1.624958041493499872e+00,1.916669546916961009e+00
7.800000000000000000e+01,9.645568878287981152e-01,1.636658013539937562e+00,1.911554479445913390e+00
7.805000000000001137e+01,9.603995653445857039e-01,1.648382317647169693e+00,1.906434733775772550e+00
7.810000000000000853e+01,9.563013276447860367e-01,1.660130604468422755e+00,1.901310148278628986e+00
7.815000000000000568e+01,9.522623932273882597e-01,1.671902523226460380e+00,1.896180545029494624e+00
7.820000000000000284e+01,9.482927228667248354e-01,1.683668844662684849e+00,1.890368527617152461e+00
7.825000000000000000e+01,9.443902489781689225e-01,1.695461835341840695e+00,1.884550793021701365e+00
7.830000000000001137e+01,9.405552455004713153e-01,1.707281039697527758e+00,1.878727167137376197e+00
7.835000000000000853e+01,9.367879850941122077e-01,1.719125999844871355e+00,1.872897457309438352e+00
7.840000000000000568e+01,9.330972457617399130e-01,1.730968959971221910e+00,1.866640826971154077e+00
7.845000000000000284e+01,9.294793234065616971e-01,1.742839214942687676e+00,1.860377740091944565e+00
7.850000000000000000e+01,9.259345244840037070e-01,1.754736230760629567e+00,1.854108016860562369e+00
7.855000000000001137e+01,9.224631533536730155e-01,1.766659470433229906e+00,1.847831457524274912e+00
7.860000000000000853e+01,9.190724060560486741e-01,1.778584150534248787e+00,1.841344339069582947e+00
7.865000000000000568e+01,9.157577530739108296e-01,1.790535383063891040e+00,1.834850357567211709e+00
7.870000000000000284e+01,9.125195103707021138e-01,1.802512586609109624e+00,1.828349331284815360e+00
7.875000000000000000e+01,9.093579912747090654e-01,1.814515176411940933e+00,1.821841057875478675e+00
7.880000000000001137e+01,9.062787446175151196e-01,1.826522140088267854e+00,1.815301287616016168e+00
7.885000000000000853e+01,9.032768575505792930e-01,1.838553908263956149e+00,1.808754563174863161e+00
7.890000000000000568e+01,9.003526359732414441e-01,1.850609882080236801e+00,1.802200702984215974e+00
7.895000000000000284e+01,8.975063829429162920e-01,1.862689459307333317e+00,1.795639504770232708e+00
7.900000000000000000e+01,8.947421440018410443e-01,1.874775659482383672e+00,1.789191615773333188e+00
7.905000000000001137e+01,8.920548226950256732e-01,1.886884251966676196e+00,1.782736945831057129e+00
7.910000000000000853e+01,8.894447005737819989e-01,1.899014646747785751e+00,1.776275314907529879e+00
7.915000000000000568e+01,8.869120564516133065e-01,1.911166250675065736e+00,1.769806522627393797e+00
7.920000000000000284e+01,8.844596824840444960e-01,1.923325992945859486e+00,1.763565184809040343e+00
7.925000000000000000e+01,8.820823619247747382e-01,1.935505348211354448e+00,1.757317437221306733e+00
7.930000000000001137e+01,8.797803433061832656e-01,1.947703756490907656e+00,1.751063102605157740e+00
7.935000000000000853e+01,8.775538727695388896e-01,1.959920655062388883e+00,1.744801984080971646e+00
7.940000000000000568e+01,8.754047702821992072e-01,1.972146512882018143e+00,1.738855524491183191e+00
7.945000000000000284e+01,8.733277025882485445e-01,1.984389079644145237e+00,1.732903156645734466e+00
7.950000000000000000e+01,8.713228815014357753e-01,1.996647840933005069e+00,1.726944707452883643e+00
7.955000000000001137e+01,8.693905169453530757e-01,2.008922280060044585e+00,1.720979985183020533e+00
7.960000000000000853e+01,8.675317219582387995e-01,2.021205898837166615e+00,1.715393782100303799e+00
7.965000000000000568e+01,8.657410394850724167e-01,2.033503383067066128e+00,1.709802242927605631e+00
7.970000000000000284e+01,8.640186447717245199e-01,2.045814273880518730e+00,1.704205200317136626e+00
7.975000000000000000e+01,8.623647117412944763e-01,2.058138110604406101e+00,1.698602469456082176e+00
7.980000000000001137e+01,8.607798709720055896e-01,2.070470868472445325e+00,1.693422122647133987e+00
7.985000000000000853e+01,8.592585485492548747e-01,2.082814840133472067e+00,1.688237035211139103e+00
7.990000000000000568e+01,8.578008859121932783e-01,2.095169627243056887e+00,1.683047047218639847e+00
7.995000000000000284e+01,8.564070237370745575e-01,2.107534830075870946e+00,1.677851982576799239e+00
8.000000000000000000e+01,8.550772850550373283e-01,2.119908345328702648e+00,1.673106225017787718e+00
8.005000000000001137e+01,8.538060090905517097e-01,2.132290698089242209e+00,1.668356311525341029e+00
8.010000000000000853e+01,8.525933077164172813e-01,2.144681551333570635e+00,1.663602091220255597e+00
8.015000000000000568e+01,8.514392925414605573e-01,2.157080567011322003e+00,1.658843398439415306e+00
8.020000000000000284e+01,8.503441058316735246e-01,2.169487057749783343e+00,1.654546746825187764e+00
8.025000000000000000e+01,8.493020516500754402e-01,2.181900328899573083e+00,1.650246491219808487e+00
8.030000000000001137e+01,8.483132171177780734e-01,2.194320102315638454e+00,1.645942491244361650e+00
8.035000000000000853e+01,8.473776894981381869e-01,2.206746099107296466e+00,1.641634593151102273e+00
8.040000000000000568e+01,8.464955158339692032e-01,2.219178610735137891e+00,1.637789747938155349e+00
8.045000000000000284e+01,8.456610318927020309e-01,2.231616177475558516e+00,1.633941805746425446e+00
8.050000000000000000e+01,8.448743047900275638e-01,2.244058575334513250e+00,1.630090637856597580e+00
8.055000000000001137e+01,8.441354020848123030e-01,2.256505579785359927e+00,1.626236103596599980e+00
8.060000000000000853e+01,8.434443288860725696e-01,2.268958101658550497e+00,1.622836112878008219e+00
8.065000000000000568e+01,8.427955265128770357e-01,2.281414274786992991e+00,1.619433482305500327e+00
8.070000000000000284e+01,8.421890463563356244e-01,2.293873923185508534e+00,1.616028095622016769e+00
8.075000000000000000e+01,8.416249404484965613e-01,2.306336870492714741e+00,1.612619826006774559e+00
8.080000000000001137e+01,8.411032019483651867e-01,2.318804365208930740e+00,1.609650026748216556e+00
8.085000000000000853e+01,8.406184508940987010e-01,2.331274402861704953e+00,1.606677994735582260e+00
8.090000000000000568e+01,8.401707265716505946e-01,2.343746848658249782e+00,1.603703626597249521e+00
8.095000000000000284e+01,8.397600690143248725e-01,2.356221567541782580e+00,1.600726809737615053e+00
8.100000000000000000e+01,8.393864738548115767e-01,2.368699935961029457e+00,1.598166557951510969e+00
8.105000000000001137e+01,8.390448063123334688e-01,2.381179999374128720e+00,1.595604433195977334e+00
8.110000000000000853e+01,8.387350964763351513e-01,2.393661657273501220e+00,1.593040345041965677e+00
8.115000000000000568e+01,8.384573752156178061e-01,2.406144808967001225e+00,1.590474195109706779e+00
8.120000000000000284e+01,8.382116455759668350e-01,2.418630811916125722e+00,1.588298394929850588e+00
8.125000000000000000e+01,8.379930736905377708e-01,2.431117882899247906e+00,1.586121038341866019e+00
8.130000000000001137e+01,8.378016826951514284e-01,2.443605949121261389e+00,1.583942047589989022e+00
8.135000000000000853e+01,8.376374964810475721e-01,2.456094937658451549e+00,1.581761338161735919e+00
8.140000000000000568e+01,8.375005253409253392e-01,2.468586092120759190e+00,1.579941779037661309e+00
8.145000000000000284e+01,8.373862792086985696e-01,2.481077868800695363e+00,1.578120941333316152e+00
8.150000000000000000e+01,8.372947759395810152e-01,2.493570216657229111e+00,1.576298759425855733e+00
8.155000000000001137e+01,8.372260340818155067e-01,2.506063084560225196e+00,1.574475162041521825e+00
8.160000000000000853e+01,8.371800687998427470e-01,2.518557548576430882e+00,1.572981673396719016e+00
8.165000000000000568e+01,8.371527633227918708e-01,2.531052332497750079e+00,1.571487149570178543e+00
8.170000000000000284e+01,8.371441314429315383e-01,2.543547401849953538e+00,1.569991536322458581e+00
8.175000000000000000e+01,8.371541875597880988e-01,2.556042722097747966e+00,1.568494774775195166e+00
8.180000000000001137e+01,8.371829488562969601e-01,2.568539179044389442e+00,1.567296208219309595e+00
8.185000000000000853e+01,8.372266885616607146e-01,2.581035763318070497e+00,1.566096819284633179e+00
8.190000000000000568e+01,8.372854172794010896e-01,2.593532452654765397e+00,1.564896564217904462e+00
8.195000000000000284e+01,8.373591461231716382e-01,2.606029224749381257e+00,1.563695395542336719e+00
8.200000000000000000e+01,8.374478918557489715e-01,2.618526774408794555e+00,1.562760445781885776e+00
8.205000000000001137e+01,8.375483229638548410e-01,2.631024339534699941e+00,1.561824859130265253e+00
8.210000000000000853e+01,8.376604474903025510e-01,2.643521906535468258e+00,1.560888601331668735e+00
8.215000000000000568e+01,8.377842738885034057e-01,2.656019461792655356e+00,1.559951635225183209e+00
8.220000000000000284e+01,8.379198168195708396e-01,2.668517522852313917e+00,1.559249511897917273e+00
8.225000000000000000e+01,8.380641355732778575e-01,2.681015544253226413e+00,1.558546912614691138e+00
8.230000000000001137e+01,8.382172360913143772e-01,2.693513518297103726e+00,1.557843811585177374e+00
8.235000000000000853e+01,8.383791246302076949e-01,2.706011437268906139e+00,1.557140180836991350e+00
8.240000000000000568e+01,8.385498128446666755e-01,2.718509663656234920e+00,1.556641144392704179e+00
8.245000000000000284e+01,8.387267385270179565e-01,2.731007832902541121e+00,1.556141770714138506e+00
8.250000000000000000e+01,8.389099058666948938e-01,2.743505941093878242e+00,1.555642041440453482e+00
8.255000000000001137e+01,8.390993192798793521e-01,2.756003984306512500e+00,1.555141936659647728e+00
8.260000000000000853e+01,8.392949871466258704e-01,2.768502196076102706e+00,1.554817711998689900e+00
8.265000000000000568e+01,8.394947074311026602e-01,2.781000356239820892e+00,1.554493268634947301e+00
8.270000000000000284e+01,8.396984828486976360e-01,2.793498463127085607e+00,1.554168594627352240e+00
8.275000000000000000e+01,8.399063162632732782e-01,2.805996515062176844e+00,1.553843677026902625e+00
8.280000000000001137e+01,8.401182129545764488e-01,2.818494643357891238e+00,1.553667758834304857e+00
8.285000000000000853e+01,8.403323083537213023e-01,2.830992737860923647e+00,1.553491722086713489e+00
8.290000000000000568e+01,8.405486039354934658e-01,2.843490798066957925e+00,1.553315560301565146e+00
8.295000000000000284e+01,8.407671012555689716e-01,2.855988823469479687e+00,1.553139266449346412e+00
8.300000000000000000e+01,8.409878029242064956e-01,2.868486868311486582e+00,1.553087130031251428e+00
8.305000000000001137e+01,8.412091562015551194e-01,2.880984901952882815e+00,1.553034958488819006e+00
8.310000000000000853e+01,8.414311615258882604e-01,2.893482924343828255e+00,1.552982749900360337e+00
8.315000000000000568e+01,8.416538193594924611e-01,2.905980935433986279e+00,1.552930502182073180e+00
8.320000000000000284e+01,8.418771301813238184e-01,2.918478934648109036e+00,1.552979733163383891e+00
8.325000000000000000e+01,8.420998257192503500e-01,2.930976945128867861e+00,1.553028997312597248e+00
8.330000000000001137e+01,8.423219055580427606e-01,2.943474966846142848e+00,1.553078296444405648e+00
8.335000000000000853e+01,8.425433692597934510e-01,2.955972999770154708e+00,1.553127632526590363e+00
8.340000000000000568e+01,8.427642157140481372e-01,2.968471007202851286e+00,1.553257988065747552e+00
8.345000000000000284e+01,8.429834330173465728e-01,2.980969045336881340e+00,1.553388431446906193e+00
8.350000000000000000e+01,8.432010200667038324e-01,2.993467113928549583e+00,1.553518967474803558e+00
8.355000000000001137e+01,8.434169756991243272e-01,3.005965212734766911e+00,1.553649601359550880e+00
8.360000000000000853e+01,8.436312976987002665e-01,3.018463283908074501e+00,1.553843014646219656e+00
8.365000000000000568e+01,8.438432024766197026e-01,3.030961400745049161e+00,1.554036558304212612e+00
8.370000000000000284e+01,8.440526883919730050e-01,3.043459562694440734e+00,1.554230239461744878e+00
8.375000000000000000e+01,8.442597537148978093e-01,3.055957769205524865e+00,1.554424065848518666e+00
8.380000000000001137e+01,8.444643955215574982e-01,3.068455952699808975e+00,1.554664604638178238e+00
8.385000000000000853e+01,8.446660311353038075e-01,3.080954191931402963e+00,1.554905305609325827e+00
8.390000000000000568e+01,8.448646585114414354e-01,3.093452486037677307e+00,1.555146177625957860e+00
8.395000000000000284e+01,8.450602754947614814e-01,3.105950834156265827e+00,1.555387230300123935e+00
8.400000000000000000e+01,8.452528787590380954e-01,3.118449167214139006e+00,1.555661019163528280e+00
8.405000000000001137e+01,8.454420602465514412e-01,3.130947561442852134e+00,1.555934992669173011e+00
8.410000000000000853e+01,8.456278176271934122e-01,3.143446015717362485e+00,1.556209160905312805e+00
8.415000000000000568e+01,8.458101484451742147e-01,3.155944528912559832e+00,1.556483534811665903e+00
8.420000000000000284e+01,8.459890491936294943e-01,3.168443035996284962e+00,1.556778649683776772e+00
8.425000000000000000e+01,8.461642615840980763e-01,3.180941605680403850e+00,1.557073963612044309e+00
8.430000000000001137e+01,8.463357831037346957e-01,3.193440236652058228e+00,1.557369487469693281e+00
8.435000000000000853e+01,8.465036111043071632e-01,3.205938927597998589e+00,1.557665233047734077e+00
8.440000000000000568e+01,8.466677420510404506e-01,3.218437620877074856e+00,1.557971575585993751e+00
8.445000000000000284e+01,8.468280442517244211e-01,3.230936375000942995e+00,1.558278124771374840e+00
8.450000000000000000e+01,8.469845150981516468e-01,3.243435188550467529e+00,1.558584891890258062e+00
8.455000000000001137e+01,8.471371518416271895e-01,3.255934060105848182e+00,1.558891889181722057e+00
8.460000000000000853e+01,8.472859510195703825e-01,3.268432941082418441e+00,1.559201047413442343e+00
8.465000000000000568e+01,8.474308861902174472e-01,3.280931878821260916e+00,1.559510414195633299e+00
8.470000000000000284e+01,8.475719547228199868e-01,3.293430871873492372e+00,1.559820000918224814e+00
8.475000000000000000e+01,8.477091538448650043e-01,3.305929918789360933e+00,1.560129819932594586e+00
8.480000000000001137e+01,8.478424802285209338e-01,3.318428980475032208e+00,1.560434920703302808e+00
8.485000000000000853e+01,8.479719932472900012e-01,3.330928093318055616e+00,1.560740227279801218e+00
8.490000000000000568e+01,8.480976903071875128e-01,3.343427255904516393e+00,1.561045750902638085e+00
8.495000000000000284e+01,8.482195686743089214e-01,3.355926466819501908e+00,1.561351503761182258e+00
8.500000000000000000e+01,8.483376251928893552e-01,3.368425696052288920e+00,1.561647061600796915e+00
8.505000000000001137e+01,8.484519875561515878e-01,3.380924970011813357e+00,1.561942818793129684e+00
8.510000000000000853e+01,8.485626532539006783e-01,3.393424287368983716e+00,1.562238786227465148e+00
8.515000000000000568e+01,8.486696196403599179e-01,3.405923646793652892e+00,1.562534975712223329e+00
8.520000000000000284e+01,8.487728837530876813e-01,3.418423026426330225e+00,1.562816741919638819e+00
8.525000000000000000e+01,8.488726260342505103e-01,3.430922444093277957e+00,1.563098698156698774e+00
8.530000000000001137e+01,8.489688440935320157e-01,3.443421898584760221e+00,1.563380854805012765e+00
8.535000000000000853e+01,8.490615354113092428e-01,3.455921388689986884e+00,1.563663223122428780e+00
8.540000000000000568e+01,8.491506972299418532e-01,3.468420899492339338e+00,1.563928038133439724e+00
8.545000000000000284e+01,8.492365490446318610e-01,3.480920441801012455e+00,1.564193031719418370e+00
8.550000000000000000e+01,8.493190886114595495e-01,3.493420014546019470e+00,1.564458213637922812e+00
8.555000000000001137e+01,8.493983135649213478e-01,3.505919616656365534e+00,1.564723594470028623e+00
8.560000000000000853e+01,8.494742213578193590e-01,3.518419238856685283e+00,1.564969245917911644e+00
8.565000000000000568e+01,8.495470586399518353e-01,3.530918886497542264e+00,1.565215062996224704e+00
8.570000000000000284e+01,8.496168233320743335e-01,3.543418558657065009e+00,1.565461054756923653e+00
8.575000000000000000e+01,8.496835132421013403e-01,3.555918254412454349e+00,1.565707231015882162e+00
8.580000000000001137e+01,8.497471260353136602e-01,3.568417968862061418e+00,1.565932319315956889e+00
8.585000000000000853e+01,8.498079253167458713e-01,3.580917703334097979e+00,1.566157559362076679e+00
8.590000000000000568e+01,8.498659091831211043e-01,3.593417457053656783e+00,1.566382959448941792e+00
8.595000000000000284e+01,8.499210756277165713e-01,3.605917229245004130e+00,1.566608528571220127e+00
8.600000000000000000e+01,8.499734225278301469e-01,3.618417018227980009e+00,1.566812341356758287e+00
8.605000000000001137e+01,8.500232218297288922e-01,3.630916822556554902e+00,1.567016291528446459e+00
8.610000000000000853e+01,8.500704718115638103e-01,3.643416641594658945e+00,1.567220386597370618e+00
8.615000000000000568e+01,8.501151706577739775e-01,3.655916474705505070e+00,1.567424634708420861e+00
8.620000000000000284e+01,8.501573164551661232e-01,3.668416322438432076e+00,1.567607031010992635e+00
8.625000000000000000e+01,8.501971823384691929e-01,3.680916181604041881e+00,1.567789550249746977e+00
8.630000000000001137e+01,8.502347667679314158e-01,3.693416051692334445e+00,1.567972199146844492e+00
8.635000000000000853e+01,8.502700681199009125e-01,3.705915932192703988e+00,1.568154984991648959e+00
8.640000000000000568e+01,8.503030846862759118e-01,3.718415825069992575e+00,1.568316289689582588e+00
8.645000000000000284e+01,8.503340849684535296e-01,3.730915726202324034e+00,1.568477703097365783e+00
8.650000000000000000e+01,8.503630676055872195e-01,3.743415635190361801e+00,1.568639231160096070e+00
8.655000000000001137e+01,8.503900311626048092e-01,3.755915551634270599e+00,1.568800880324483060e+00
8.660000000000000853e+01,8.504149741302104992e-01,3.768415478276995856e+00,1.568941789073446502e+00
8.665000000000000568e+01,8.504381557529246960e-01,3.780915410669768661e+00,1.569082792778839330e+00
8.670000000000000284e+01,8.504595748425718416e-01,3.793415348507482854e+00,1.569223896634234672e+00
8.675000000000000000e+01,8.504792301461151505e-01,3.805915291484631702e+00,1.569365106271392252e+00
8.680000000000001137e+01,8.504971203449777084e-01,3.818415242647566377e+00,1.569486600875969584e+00
8.685000000000000853e+01,8.505134918693856294e-01,3.830915197645893944e+00,1.569608177348545297e+00
8.690000000000000568e+01,8.505283436952721932e-01,3.843415156252493858e+00,1.569729840167272572e+00
8.695000000000000284e+01,8.505416747426318702e-01,3.855915118239931161e+00,1.569851594188117927e+00
8.700000000000000000e+01,8.505534838738620929e-01,3.868415086624887422e+00,1.569954868167370066e+00
8.705000000000001137e+01,8.505640020846224614e-01,3.880915057430175175e+00,1.570058211733067255e+00
8.710000000000000853e+01,8.505732285046869734e-01,3.893415030491451212e+00,1.570161628691867817e+00
8.715000000000000568e+01,8.505811622162696706e-01,3.905915005644132521e+00,1.570265123171582955e+00
8.720000000000000284e+01,8.505878022515697134e-01,3.918414985659533389e+00,1.570351517109776163e+00
8.725000000000000000e+01,8.505933623647400355e-01,3.930914967088902756e+00,1.570437969258121402e+00
8.730000000000001137e+01,8.505978418279519504e-01,3.943414949817041215e+00,1.570524482801146204e+00
8.735000000000000853e+01,8.506012398735839364e-01,3.955914933728572169e+00,1.570611061192038749e+00
8.740000000000000568e+01,8.506035556913299489e-01,3.968414921226571135e+00,1.570682007342903974e+00
8.745000000000000284e+01,8.506049846831403860e-01,3.980914909455538275e+00,1.570753001294052265e+00
8.750000000000000000e+01,8.506055262514196080e-01,3.993414898337638519e+00,1.570824045660637713e+00
8.755000000000001137e+01,8.506051797658900071e-01,4.005914887794907564e+00,1.570895143278436379e+00
8.760000000000000853e+01,8.506039445606308202e-01,4.018414879809202311e+00,1.570952118802634523e+00
8.765000000000000568e+01,8.506019971617164721e-01,4.030914872118588121e+00,1.571009132713448331e+00
8.770000000000000284e+01,8.505993370892789285e-01,4.043414864672747022e+00,1.571066187111083146e+00
8.775000000000000000e+01,8.505959638372015963e-01,4.055914857421272224e+00,1.571123284272921694e+00
8.780000000000001137e+01,8.505918768703788491e-01,4.068414851921512643e+00,1.571167772429170162e+00
8.785000000000000853e+01,8.505872338017644863e-01,4.080914846462754930e+00,1.571212290558317459e+00
8.790000000000000568e+01,8.505820342566882131e-01,4.093414841014226369e+00,1.571256840300278679e+00
8.795000000000000284e+01,8.505762778399825752e-01,4.105914835545096508e+00,1.571301423433314692e+00
8.800000000000000000e+01,8.505699641336511574e-01,4.118414831217708461e+00,1.571334882009541634e+00
8.805000000000001137e+01,8.505632321951936969e-01,4.130914826805105911e+00,1.571368363127484180e+00
8.810000000000000853e+01,8.505560817428393650e-01,4.143414822289811283e+00,1.571401868020493975e+00
8.815000000000000568e+01,8.505485124794012197e-01,4.155914817654308813e+00,1.571435398025969210e+00
8.820000000000000284e+01,8.505405240904430064e-01,4.168414813714720779e+00,1.571459234283838269e+00
8.825000000000000000e+01,8.505322377483128804e-01,4.180914809648685448e+00,1.571483086600560020e+00
8.830000000000001137e+01,8.505236532522778559e-01,4.193414805447275739e+00,1.571506955854790943e+00
8.835000000000000853e+01,8.505147703906220658e-01,4.205914801101543254e+00,1.571530842999311561e+00
8.840000000000000568e+01,8.505055889393261515e-01,4.218414797139184103e+00,1.571546394409797598e+00
8.845000000000000284e+01,8.504962130954403232e-01,4.230914793061268497e+00,1.571561956297464091e+00
8.850000000000000000e+01,8.504866427280017849e-01,4.243414788863954179e+00,1.571577529235571147e+00
8.855000000000001137e+01,8.504768776988821388e-01,4.255914784543389118e+00,1.571593113845739742e+00
8.860000000000000853e+01,8.504669178619416181e-01,4.268414780398243735e+00,1.571601633911750673e+00
8.865000000000000568e+01,8.504568515242046933e-01,4.280914776176412140e+00,1.571610159717824917e+00
8.870000000000000284e+01,8.504466786139214252e-01,4.293414771876713054e+00,1.571618691578031912e+00
8.875000000000000000e+01,8.504363990554159036e-01,4.305914767497960760e+00,1.571627229832935901e+00
8.880000000000001137e+01,8.504260127686497084e-01,4.318414763165837833e+00,1.571629878324259488e+00
8.885000000000000853e+01,8.504155933757527874e-01,4.330914758806996723e+00,1.571632528599899770e+00
8.890000000000000568e+01,8.504051408544213153e-01,4.343414754421310420e+00,1.571635180757486427e+00
8.895000000000000284e+01,8.503946551811309984e-01,4.355914750008650138e+00,1.571637834902885000e+00
8.900000000000000000e+01,8.503841363310322699e-01,4.368414745571379321e+00,1.571635671866296935e+00
8.905000000000001137e+01,8.503736445188807558e-01,4.380914741157387660e+00,1.571633507372448113e+00
8.910000000000000853e+01,8.503631797628924405e-01,4.393414736766618311e+00,1.571631341341603871e+00
8.915000000000000568e+01,8.503527420822797334e-01,4.405914732399015321e+00,1.571629173687303371e+00
8.920000000000000284e+01,8.503425859855380242e-01,4.418109163915906024e+00,1.559853136459571576e+00
8.925000000000000000e+01,8.504723157878377737e-01,4.429963533597362613e+00,1.543406579493672215e+00
8.930000000000001137e+01,8.507854376039951649e-01,4.441392755913705415e+00,1.523531399123659646e+00
8.935000000000000853e+01,8.513279326234733935e-01,4.452861957557813888e+00,1.503563324455334804e+00
8.940000000000000568e+01,8.520680263160933521e-01,4.463853259269409790e+00,1.481342973632180815e+00
8.945000000000000284e+01,8.530578285649385029e-01,4.474888739820478634e+00,1.458987152761848538e+00
8.950000000000000000e+01,8.542411294013785295e-01,4.485427819486139889e+00,1.435519910248206132e+00
8.955000000000001137e+01,8.556815799182130311e-01,4.496010988428701616e+00,1.411880334875235787e+00
8.960000000000000853e+01,8.573835790567798654e-01,4.506630733761510577e+00,1.388069839052674448e+00
8.965000000000000568e+01,8.593512979597678347e-01,4.517279271847917776e+00,1.364089875393494911e+00
8.970000000000000284e+01,8.614823875755331928e-01,4.527441754468966906e+00,1.339809001062130633e+00
8.975000000000000000e+01,8.638783965551903865e-01,4.537629514716313039e+00,1.315331244450912207e+00
8.980000000000001137e+01,8.665435816971489569e-01,4.547834245960995503e+00,1.290658076114695740e+00
8.985000000000000853e+01,8.693498430318259418e-01,4.557588233386815624e+00,1.266388234728138995e+00
8.990000000000000568e+01,8.724178487513229996e-01,4.567353579011176556e+00,1.241908465898071245e+00
8.995000000000000284e+01,8.757515865156058066e-01,4.577121837280410332e+00,1.217220121954414092e+00
9.000000000000000000e+01,8.793547677017696795e-01,4.586884266700608670e+00,1.192324635241152064e+00
9.005000000000001137e+01,8.832308081606010663e-01,4.596631837554661537e+00,1.167223513982635463e+00
9.010000000000000853e+01,8.872231741047047482e-01,4.605981398187818598e+00,1.142968216722597630e+00
9.015000000000000568e+01,8.914767858908071441e-01,4.615309598035984173e+00,1.118504189050940179e+00
9.020000000000000284e+01,8.959945319493680671e-01,4.624607568237350641e+00,1.093832790672407684e+00
9.025000000000000000e+01,9.007789899516119858e-01,4.633866182345832918e+00,1.068955460010748482e+00
9.030000000000001137e+01,9.058324088122509110e-01,4.643076066407027191e+00,1.043873709988489384e+00
9.035000000000000853e+01,9.109922174094471359e-01,4.651944907949782326e+00,1.019954211212830808e+00
9.040000000000000568e+01,9.164062075736612023e-01,4.660758685019403380e+00,9.958369069570166543e-01
9.045000000000000284e+01,9.220759637739187609e-01,4.669508472522593934e+00,9.715231561513572034e-01
9.050000000000000000e+01,9.280027418654983595e-01,4.678185145925379373e+00,9.470143867565626872e-01
9.055000000000001137e+01,9.341874539710940395e-01,4.686779393097607382e+00,9.223120913593000347e-01
9.060000000000000853e+01,9.404805892705676573e-01,4.695083704708546968e+00,8.989884199621983596e-01
9.065000000000000568e+01,9.470144825826070090e-01,4.703300360307341776e+00,8.754849353865656880e-01
9.070000000000000284e+01,9.537893668740901054e-01,4.711420753961487407e+00,8.518029739661155952e-01
9.075000000000000000e+01,9.608051485556916571e-01,4.719436147729680009e+00,8.279439256187512974e-01
9.080000000000001137e+01,9.680613961851450844e-01,4.727337684240783489e+00,8.039092292036391640e-01
9.085000000000000853e+01,9.754346405957922128e-01,4.734989082573391350e+00,7.814024538999825298e-01
9.090000000000000568e+01,9.830293749347958077e-01,4.742523365432970373e+00,7.587381806889712532e-01
9.095000000000000284e+01,9.908445809412722571e-01,4.749932592138153886e+00,7.359176821714489281e-01
9.100000000000000000e+01,9.988789356630646266e-01,4.757208756159702290e+00,7.129422662334261585e-01
9.105000000000001137e+01,1.007130804156931347e+00,4.764343797236898048e+00,6.898132711842259734e-01
9.110000000000000853e+01,1.015598232705385850e+00,4.771329614011386333e+00,6.665320601591188110e-01
9.115000000000000568e+01,1.024193976451497123e+00,4.778091240662591943e+00,6.449477961205181131e-01
9.120000000000000284e+01,1.032984331947280232e+00,4.784703899030999352e+00,6.232323462535196423e-01
9.125000000000000000e+01,1.041966968423162276e+00,4.791160618792691395e+00,6.013868763217554703e-01
9.130000000000001137e+01,1.051139286540106577e+00,4.797454431769564209e+00,5.794125629966813129e-01
9.135000000000000853e+01,1.060498415164861763e+00,4.803578382726858109e+00,5.573105881319496691e-01
9.140000000000000568e+01,1.069991165489816209e+00,4.809494353059918126e+00,5.370000380042694310e-01
9.145000000000000284e+01,1.079649312753823365e+00,4.815244418294829742e+00,5.165830512226252669e-01
9.150000000000000000e+01,1.089469853482158967e+00,4.820822814954790481e+00,4.960605957444034764e-01
9.155000000000001137e+01,1.099449568570967983e+00,4.826223820222396377e+00,4.754336329800514238e-01
9.160000000000000853e+01,1.109585022598446491e+00,4.831441760279106212e+00,4.547031120304068086e-01
9.165000000000000568e+01,1.119853154216603475e+00,4.836461530109949614e+00,4.358432407893029770e-01
9.170000000000000284e+01,1.130256011254208826e+00,4.841306269382394945e+00,4.168998727254651371e-01
9.175000000000000000e+01,1.140790279048461864e+00,4.845971467829538248e+00,3.978737384082329798e-01
9.180000000000001137e+01,1.151452481964690300e+00,4.850452675779600042e+00,3.787655477365982071e-01
9.185000000000000853e+01,1.162239419860044976e+00,4.854745683339921847e+00,3.615042104287745639e-01
9.190000000000000568e+01,1.173135036292158873e+00,4.858865546370873645e+00,3.441782005855287263e-01
9.195000000000000284e+01,1.184136139665481480e+00,4.862808835567971499e+00,3.267880321333894722e-01
9.200000000000000000e+01,1.195239424108049953e+00,4.866572182716080164e+00,3.093341933217159667e-01
9.205000000000001137e+01,1.206441470597020338e+00,4.870152284370632856e+00,2.918171417193735073e-01
9.210000000000000853e+01,1.217756825792799980e+00,4.873551335838236298e+00,2.761973616054945735e-01
9.215000000000000568e+01,1.229153519579566201e+00,4.876781634485602979e+00,2.605294605940572383e-01
9.220000000000000284e+01,1.240628583515278383e+00,4.879840755150758547e+00,2.448137250190641490e-01
9.225000000000000000e+01,1.252178974255316435e+00,4.882726328750893963e+00,2.290504088335160449e-01
9.230000000000001137e+01,1.263827712939255665e+00,4.885442138216294694e+00,2.151232904364347720e-01
9.235000000000000853e+01,1.275536993375758765e+00,4.888000667354184259e+00,2.011607416082910882e-01
9.240000000000000568e+01,1.287304274547314664e+00,4.890400236721780480e+00,1.871628861551337397e-01
9.245000000000000284e+01,1.299126968225545298e+00,4.892639211169295343e+00,1.731298160342223946e-01
9.250000000000000000e+01,1.311002439840280864e+00,4.894716000819049562e+00,1.590615870806181276e-01
9.255000000000001137e+01,1.322960184578745091e+00,4.896634223414299214e+00,1.468459261137887439e-01
9.260000000000000853e+01,1.334958502458507335e+00,4.898408902119478547e+00,1.346050101944197830e-01
9.265000000000000568e+01,1.346995306366258749e+00,4.900038972961925587e+00,1.223388069322178251e-01
9.270000000000000284e+01,1.359068482121811305e+00,4.901523403999019202e+00,1.100472505096998788e-01
9.275000000000000000e+01,1.371207834638214385e+00,4.902864725388027978e+00,9.950868561568061710e-02
9.280000000000001137e+01,1.383374100390192929e+00,4.904079386333139112e+00,8.895227896792923250e-02
9.285000000000000853e+01,1.395565667124286646e+00,4.905166723346510160e+00,7.837791777343139366e-02
9.290000000000000568e+01,1.407780907537786508e+00,4.906126093762394724e+00,6.778545938294985862e-02
9.295000000000000284e+01,1.420047748769870166e+00,4.906958883140611682e+00,5.883459170322763443e-02
9.300000000000000000e+01,1.432331254621800998e+00,4.907682413220148199e+00,4.987122280963830756e-02
9.305000000000001137e+01,1.444630231382680208e+00,4.908296287244907852e+00,4.089519643989265180e-02
9.310000000000000853e+01,1.456943477341983817e+00,4.908800120761808827e+00,3.190633042081784942e-02
9.315000000000000568e+01,1.469295698836789121e+00,4.909194368614601345e+00,2.443804344908286075e-02
9.320000000000000284e+01,1.481657262730538438e+00,4.909496521202848740e+00,1.696103107535937640e-02
9.325000000000000000e+01,1.494027323084362591e+00,4.909706350302272426e+00,9.475122129253140194e-03
9.330000000000001137e+01,1.506405029857617262e+00,4.909823634095482170e+00,1.980123522628071328e-03
9.335000000000000853e+01,1.518811193592205955e+00,4.909848199864224938e+00,-4.122319788002152402e-03
9.340000000000000568e+01,1.531221766895405345e+00,4.909797039222516979e+00,-1.023085055727892059e-02
9.345000000000000284e+01,1.543636178148339422e+00,4.909670024804654531e+00,-1.634563462235320494e-02
9.350000000000000000e+01,1.556053853670586573e+00,4.909467031938858028e+00,-2.246685589488871954e-02
9.355000000000001137e+01,1.568491531523085847e+00,4.909187549397462824e+00,-2.732775273099587870e-02
9.360000000000000853e+01,1.580930545418459676e+00,4.908847534455557771e+00,-3.219289815868224547e-02
9.365000000000000568e+01,1.593370529700403271e+00,4.908446916901210599e+00,-3.706243978457623989e-02
9.370000000000000284e+01,1.605811117672977462e+00,4.907985627126278061e+00,-4.193653970798563030e-02
9.375000000000000000e+01,1.618265145528439364e+00,4.907463041904432721e+00,-4.568393020442573782e-02
9.380000000000001137e+01,1.630718811972589277e+00,4.906893713353720266e+00,-4.943427448486271969e-02
9.385000000000000853e+01,1.643171898364213401e+00,4.906277602107632418e+00,-5.318769493553426181e-02
9.390000000000000568e+01,1.655624185523988601e+00,4.905614668407792145e+00,-5.694432517268327443e-02
9.395000000000000284e+01,1.668084999025282622e+00,4.904904327829073374e+00,-5.970657329282286208e-02
9.400000000000000000e+01,1.680544715918444565e+00,4.904159515564590954e+00,-6.247084211446189000e-02
9.405000000000001137e+01,1.693003216729650040e+00,4.903380208487386760e+00,-6.523722618347904678e-02
9.410000000000000853e+01,1.705460381698272521e+00,4.902566382751879281e+00,-6.800582835794162506e-02
9.415000000000000568e+01,1.717922536810121859e+00,4.901717574646244913e+00,-6.990870022468624601e-02
9.420000000000000284e+01,1.730383486681580374e+00,4.900845023922853372e+00,-7.181289761399023419e-02
9.425000000000000000e+01,1.742843174182252763e+00,4.899948716349791233e+00,-7.371848757748322711e-02
9.430000000000001137e+01,1.755301542029645390e+00,4.899028637012473375e+00,-7.562554291260627226e-02
9.435000000000000853e+01,1.767762471245351463e+00,4.898084471825002950e+00,-7.678982969882822140e-02
9.440000000000000568e+01,1.780222454420054223e+00,4.897125786745401221e+00,-7.795490494248066837e-02
9.445000000000000284e+01,1.792681469856075571e+00,4.896152573186646428e+00,-7.912081036309225046e-02
9.450000000000000000e+01,1.805139495781872494e+00,4.895164822078057476e+00,-8.028759120570017060e-02
9.455000000000001137e+01,1.817598512317321058e+00,4.894162362741939276e+00,-8.082727938872055762e-02
9.460000000000000853e+01,1.830057020729239703e+00,4.893153176756798395e+00,-8.136732830630985513e-02
9.465000000000000568e+01,1.842515016157357355e+00,4.892137259955379847e+00,-8.190775746152921533e-02
9.470000000000000284e+01,1.854972493714401871e+00,4.891114607931389635e+00,-8.244858799530176141e-02
9.475000000000000000e+01,1.867430030635987226e+00,4.890085167912464392e+00,-8.246954603361700276e-02
9.480000000000001137e+01,1.879887546032101397e+00,4.889055466803905681e+00,-8.249051803774649916e-02
9.485000000000000853e+01,1.892345039881588420e+00,4.888025504432291335e+00,-8.251150476743085438e-02
9.490000000000000568e+01,1.904802512162498074e+00,4.886995280614737425e+00,-8.253250704612385968e-02
9.495000000000000284e+01,1.917259568783283852e+00,4.885964827755629791e+00,-8.213163497796818757e-02
9.500000000000000000e+01,1.929717056615220638e+00,4.884939367090324502e+00,-8.173049504670518162e-02
9.505000000000001137e+01,1.942174973455396580e+00,4.883918902174927190e+00,-8.132907272193014292e-02
9.510000000000000853e+01,1.954633317111512891e+00,4.882903436745536396e+00,-8.092735225305186519e-02
9.515000000000000568e+01,1.967091078417885885e+00,4.881893056404465803e+00,-8.019212843117576317e-02
9.520000000000000284e+01,1.979549643569000983e+00,4.880891830406583587e+00,-7.945641064176585389e-02
9.525000000000000000e+01,1.992009004728134247e+00,4.879899765669645895e+00,-7.872017228288102908e-02
9.530000000000001137e+01,2.004469154070304349e+00,4.878916869435572679e+00,-7.798338451279186734e-02
9.535000000000000853e+01,2.016928747849637382e+00,4.877943253690759207e+00,-7.699173978464404766e-02
9.540000000000000568e+01,2.029389418078198393e+00,4.876981984879941834e+00,-7.599942472910319047e-02
9.545000000000000284e+01,2.041851150246169144e+00,4.876033072755690867e+00,-7.500640355375819135e-02
9.550000000000000000e+01,2.054313929850325682e+00,4.875096527497981391e+00,-7.401263744368480335e-02
9.555000000000001137e+01,2.066776288487245594e+00,4.874172467556421751e+00,-7.283308926464125699e-02
9.560000000000000853e+01,2.079239894149867318e+00,4.873263096115267423e+00,-7.165273934778464138e-02
9.565000000000000568e+01,2.091704726124517855e+00,4.872368425119846691e+00,-7.047154522097208440e-02
9.570000000000000284e+01,2.104170763696048052e+00,4.871488467012886403e+00,-6.928946081587576689e-02
9.575000000000000000e+01,2.116636561731190191e+00,4.870623333634795493e+00,-6.798144581040312107e-02
9.580000000000001137e+01,2.129103684568359522e+00,4.869774492563015755e+00,-6.667253798647723717e-02
9.585000000000000853e+01,2.141572106591814961e+00,4.868941957253392516e+00,-6.536269033973476916e-02
9.590000000000000568e+01,2.154041802175845621e+00,4.868125741703630105e+00,-6.405185187765601029e-02
9.595000000000000284e+01,2.166511445596795760e+00,4.867325943890231876e+00,-6.266620336042208472e-02
9.600000000000000000e+01,2.178982414148086910e+00,4.866543411021255316e+00,-6.127960647070443412e-02
9.605000000000001137e+01,2.191454678964943170e+00,4.865778157410645122e+00,-5.989201148291273952e-02
9.610000000000000853e+01,2.203928211165283813e+00,4.865030197939499423e+00,-5.850336444681435155e-02
9.615000000000000568e+01,2.216401859328506418e+00,4.864299613855116888e+00,-5.708288998668947789e-02
9.620000000000000284e+01,2.228876773285481505e+00,4.863586735251264948e+00,-5.566144213894676229e-02
9.625000000000000000e+01,2.241352922603840891e+00,4.862891576727052190e+00,-5.423896996519457503e-02
9.630000000000001137e+01,2.253830276828523882e+00,4.862214153459564869e+00,-5.281541819679298755e-02
9.635000000000000853e+01,2.266307882479791758e+00,4.861554530052026202e+00,-5.139554053764369690e-02
9.640000000000000568e+01,2.278786652622344810e+00,4.860912611606215350e+00,-4.997469000051229376e-02
9.645000000000000284e+01,2.291266556767074913e+00,4.860288412539400582e+00,-4.855281567453560015e-02
9.650000000000000000e+01,2.303747564398934689e+00,4.859681947846421046e+00,-4.712986232118035468e-02
9.655000000000001137e+01,2.316228921251199946e+00,4.859093267288055351e+00,-4.573929435679397609e-02
9.660000000000000853e+01,2.328711315367320900e+00,4.858521932907396312e+00,-4.434777470400715071e-02
9.665000000000000568e+01,2.341194717435580053e+00,4.857967958585568624e+00,-4.295525348365597518e-02
9.670000000000000284e+01,2.353679098117034574e+00,4.857431358771809649e+00,-4.156167657904874524e-02
9.675000000000000000e+01,2.366163888772304436e+00,4.856912170962345954e+00,-4.022310740811572971e-02
9.680000000000001137e+01,2.378649577066793697e+00,4.856409686762322764e+00,-3.888362391169973564e-02
9.685000000000000853e+01,2.391136135783904493e+00,4.855923919268047229e+00,-3.754317803884208576e-02
9.690000000000000568e+01,2.403623537680114719e+00,4.855454882126950977e+00,-3.620171766027767413e-02
9.695000000000000284e+01,2.416111377342124111e+00,4.855002603283877782e+00,-3.493249200940054533e-02
9.700000000000000000e+01,2.428599973304466531e+00,4.854566167966487100e+00,-3.366240151697481170e-02
9.705000000000001137e+01,2.441089301052084881e+00,4.854145588328208305e+00,-3.239140057430939246e-02
9.710000000000000853e+01,2.453579336044464210e+00,4.853740877050275238e+00,-3.111943970634212936e-02
9.715000000000000568e+01,2.466069809507994481e+00,4.853352054992027931e+00,-2.993221730207434525e-02
9.720000000000000284e+01,2.478560904084468053e+00,4.852978057135234558e+00,-2.874418812339263329e-02
9.725000000000000000e+01,2.491052598288221009e+00,4.852618894604858291e+00,-2.755530945802408052e-02
9.730000000000001137e+01,2.503544870610356909e+00,4.852274579025067425e+00,-2.636553497766293275e-02
9.735000000000000853e+01,2.516037561504553377e+00,4.851945126204024739e+00,-2.526891991687457359e-02
9.740000000000000568e+01,2.528530749779009490e+00,4.851629369621696775e+00,-2.417156172175936521e-02
9.745000000000000284e+01,2.541024417074094988e+00,4.851327319343510247e+00,-2.307342089116579120e-02
9.750000000000000000e+01,2.553518545009597851e+00,4.851038985901253042e+00,-2.197445458429012760e-02
9.755000000000001137e+01,2.566013057302551470e+00,4.850764381606894382e+00,-2.097358754673831968e-02
9.760000000000000853e+01,2.578507957818234164e+00,4.850502280283876644e+00,-1.997204408417669469e-02
9.765000000000000568e+01,2.591003231241038485e+00,4.850252690945739964e+00,-1.896978810071279012e-02
9.770000000000000284e+01,2.603498862237584976e+00,4.850015623036346923e+00,-1.796678045268976232e-02
9.775000000000000000e+01,2.615994834665884561e+00,4.849791086482142077e+00,-1.706388885645477790e-02
9.780000000000001137e+01,2.628491102102016086e+00,4.849577830864761907e+00,-1.616038857437344239e-02
9.785000000000000853e+01,2.640987652065054814e+00,4.849375864179465090e+00,-1.525624700698220183e-02
9.790000000000000568e+01,2.653484472059083554e+00,4.849185194813644628e+00,-1.435142880560081984e-02
9.795000000000000284e+01,2.665981586512758739e+00,4.849005831050988036e+00,-1.354633183671344505e-02
9.800000000000000000e+01,2.678478918744103154e+00,4.848836527685484121e+00,-1.274069332334388550e-02
9.805000000000001137e+01,2.690976458816295658e+00,4.848677291744029283e+00,-1.193448416710800319e-02
9.810000000000000853e+01,2.703474196780139671e+00,4.848528130606339026e+00,-1.112767281830692213e-02
9.815000000000000568e+01,2.715972181825663689e+00,4.848389051377316683e+00,-1.041823975670802191e-02
9.820000000000000284e+01,2.728470322511996837e+00,4.848258838039993357e+00,-9.708330423048708302e-03
9.825000000000000000e+01,2.740968611113305364e+00,4.848137496712297434e+00,-8.997919153468078579e-03
9.830000000000001137e+01,2.753467039893757740e+00,4.848025033825475560e+00,-8.286978124136425497e-03
9.835000000000000853e+01,2.765965670620102568e+00,4.847921455575009198e+00,-7.669539603047646932e-03
9.840000000000000568e+01,2.778464408455887824e+00,4.847825594130600102e+00,-7.051687245820543667e-03
9.845000000000000284e+01,2.790963247541171199e+00,4.847737454765481679e+00,-6.433398699479548830e-03
9.850000000000000000e+01,2.803462182008108705e+00,4.847657043027357560e+00,-5.814649731208481644e-03
9.855000000000001137e+01,2.815961277286255005e+00,4.847584364347263808e+00,-5.284362552513006614e-03
9.860000000000000853e+01,2.828460442938228070e+00,4.847518313609542773e+00,-4.753720425187643248e-03
9.865000000000000568e+01,2.840959674635477050e+00,4.847458895308948357e+00,-4.222704139285889981e-03
9.870000000000000284e+01,2.853458968043344424e+00,4.847406114177219116e+00,-3.691292870375043837e-03
9.875000000000000000e+01,2.865958386139841885e+00,4.847359974954756900e+00,-3.242459788613855261e-03
9.880000000000001137e+01,2.878457847750059972e+00,4.847319445811071326e+00,-2.793326599087667984e-03
9.885000000000000853e+01,2.890957349768298990e+00,4.847284530528797930e+00,-2.343877034339916180e-03
9.890000000000000568e+01,2.903456889084253145e+00,4.847255233092004012e+00,-1.894093460421336812e-03
9.895000000000000284e+01,2.915956522395604988e+00,4.847231557589978479e+00,-1.520439968080188444e-03
9.900000000000000000e+01,2.928456180358408378e+00,4.847212552595779655e+00,-1.146536841636859897e-03
9.905000000000001137e+01,2.940955860816482748e+00,4.847198221245346161e+00,-7.723705330748031374e-04
9.910000000000000853e+01,2.953455561610266233e+00,4.847188566842860702e+00,-3.979263567683538443e-04
9.915000000000000568e+01,2.965955331109211279e+00,4.847183592854861445e+00,-9.283697417656504910e-05
9.920000000000000284e+01,2.978455112662459658e+00,4.847182432412960651e+00,2.124561096037009796e-04
9.925000000000000000e+01,2.990954904829577821e+00,4.847185088070215642e+00,5.179639599028746082e-04
9.930000000000001137e+01,3.003454706167722588e+00,4.847191562517394026e+00,8.236985709192932732e-04
9.935000000000000853e+01,3.015954555989357910e+00,4.847201858628157112e+00,1.066981658894329554e-03
9.940000000000000568e+01,3.028454410006129027e+00,4.847215195748193040e+00,1.310427108548269624e-03
9.945000000000000284e+01,3.040954267299778024e+00,4.847231575909419554e+00,1.554043745504878060e-03
9.950000000000000000e+01,3.053454126950390535e+00,4.847251001253766844e+00,1.797841136088128289e-03
9.955000000000001137e+01,3.065954019404011799e+00,4.847273474098829027e+00,1.986054031152833469e-03
9.960000000000000853e+01,3.078453911637980767e+00,4.847298299592829984e+00,2.174392495940779581e-03
9.965000000000000568e+01,3.090953803100881192e+00,4.847325479305862217e+00,2.362863359359547964e-03
9.970000000000000284e+01,3.103453693240208366e+00,4.847355014893235392e+00,2.551474023355071105e-03
9.975000000000000000e+01,3.115953604415569345e+00,4.847386908161102070e+00,2.691198464435739113e-03
9.980000000000001137e+01,3.128453513344653825e+00,4.847420547978030569e+00,2.831016105837918725e-03
9.985000000000000853e+01,3.140953419722147810e+00,4.847455935508846459e+00,2.970932017711468056e-03
9.990000000000000568e+01,3.153453323242060069e+00,4.847493071981692658e+00,3.110951695618877424e-03
9.995000000000000284e+01,3.165953239287087939e+00,4.847531958742156810e+00,3.208510583529652037e-03
1.000000000000000000e+02,3.178453152615768662e+00,4.847572064983990181e+00,3.306134537629463587e-03
1.000500000000000114e+02,3.190953063078175500e+00,4.847613391520260606e+00,3.403827098260754896e-03
1.001000000000000085e+02,3.203452970523993137e+00,4.847655939208269871e+00,3.501592102801297842e-03
1.001500000000000057e+02,3.215952884603248574e+00,4.847699708987584621e+00,3.562970007705471617e-03
1.002000000000000028e+02,3.228452796422454973e+00,4.847744245986957523e+00,3.624388845136047171e-03
1.002500000000000000e+02,3.240952705921479549e+00,4.847789550717888751e+00,3.685850842545302687e-03
1.003000000000000114e+02,3.253452613039992780e+00,4.847835623719714881e+00,3.747358414262551892e-03
1.003500000000000085e+02,3.265952522936455438e+00,4.847882465581505151e+00,3.778143967191133039e-03
1.004000000000000057e+02,3.278452431498149799e+00,4.847929692260338541e+00,3.808950050082940582e-03
1.004500000000000028e+02,3.290952338709436820e+00,4.847977304012789368e+00,3.839777780194130168e-03
1.005000000000000000e+02,3.303452244554599737e+00,4.848025301109396779e+00,3.870628368513983307e-03
1.005500000000000114e+02,3.315952150848193281e+00,4.848073683842920367e+00,3.875975576534152704e-03
1.006000000000000085e+02,3.328452056886311183e+00,4.848122133416056023e+00,3.881326350410324501e-03
1.006500000000000057e+02,3.340951962668337494e+00,4.848170649873374316e+00,3.886680884202762219e-03
1.007000000000000028e+02,3.353451868193647378e+00,4.848219233261872319e+00,3.892039388252572368e-03
1.007500000000000000e+02,3.365951772934638431e+00,4.848267883629125308e+00,3.876645085797330356e-03
1.008000000000000114e+02,3.378451678451394269e+00,4.848316341569168131e+00,3.861240517405731699e-03
1.008500000000000085e+02,3.390951584740744096e+00,4.848364606953662559e+00,3.845825124388909527e-03
1.009000000000000057e+02,3.403451491799538431e+00,4.848412679647286616e+00,3.830398301186437818e-03
1.009500000000000028e+02,3.415951397590113015e+00,4.848460559499355504e+00,3.798493147556479196e-03
1.010000000000000000e+02,3.428451305023530793e+00,4.848508040540447261e+00,3.766566717222424084e-03
1.010500000000000114e+02,3.440951214085046228e+00,4.848555122504538240e+00,3.734617852288874863e-03
1.011000000000000085e+02,3.453451124759942203e+00,4.848601805111130147e+00,3.702645297717466633e-03
1.011500000000000057e+02,3.465951034159792332e+00,4.848648088053398197e+00,3.657995944115109265e-03
1.012000000000000028e+02,3.478450945851814247e+00,4.848693812883616339e+00,3.613316814631608361e-03
1.012500000000000000e+02,3.490950859806513318e+00,4.848738979229454849e+00,3.568606288870158471e-03
1.013000000000000114e+02,3.503450775994416677e+00,4.848783586698331760e+00,3.523862610488123596e-03
1.013500000000000085e+02,3.515950691173471032e+00,4.848827634864389502e+00,3.469782881689244432e-03
1.014000000000000057e+02,3.528450609065700405e+00,4.848871007039572412e+00,3.415667087594448457e-03
1.014500000000000028e+02,3.540950529627401977e+00,4.848913702772873258e+00,3.361513265574041058e-03
1.015000000000000000e+02,3.553450452814881810e+00,4.848955721588754209e+00,3.307319288339266063e-03
1.015500000000000114e+02,3.565950375386339299e+00,4.848997062974513383e+00,3.246688448032374399e-03
1.016000000000000085e+02,3.578450300880488655e+00,4.849037646480812924e+00,3.186017173139843797e-03
1.016500000000000057e+02,3.590950229242072744e+00,4.849077471601987099e+00,3.125303263293053441e-03
1.017000000000000028e+02,3.603450160415826886e+00,4.849116537804868621e+00,3.064544333517751819e-03
1.017500000000000000e+02,3.615950091393778099e+00,4.849154844517435059e+00,2.999830723360257315e-03
1.018000000000000114e+02,3.628450025324754691e+00,4.849192342315761906e+00,2.935073955532198353e-03
1.018500000000000085e+02,3.640949962145554775e+00,4.849229030660122675e+00,2.870271681503875228e-03
1.019000000000000057e+02,3.653449901792956034e+00,4.849264908981440136e+00,2.805421355709081764e-03
1.019500000000000028e+02,3.665949841630015804e+00,4.849299976671602508e+00,2.738709912239073539e-03
1.020000000000000000e+02,3.678449784310273696e+00,4.849334210474114393e+00,2.671953978587983131e-03
1.020500000000000114e+02,3.690949729766368925e+00,4.849367609832591519e+00,2.605151133726878523e-03
1.021000000000000085e+02,3.703449677930907846e+00,4.849400174160392929e+00,2.538298753507560197e-03
1.021500000000000057e+02,3.715949626601628530e+00,4.849431902832664676e+00,2.471321111097809185e-03
1.022000000000000028e+02,3.728449577905271539e+00,4.849462794289098433e+00,2.404298800964470555e-03
1.022500000000000000e+02,3.740949531773781978e+00,4.849492847971106357e+00,2.337229392419232655e-03
1.023000000000000114e+02,3.753449488139063650e+00,4.849522063289724905e+00,2.270110250844104699e-03
1.023500000000000085e+02,3.765949445244044735e+00,4.849550439619228825e+00,2.204276330610257292e-03
1.024000000000000057e+02,3.778449404707767467e+00,4.849577993028634459e+00,2.138398505504936209e-03
1.024500000000000028e+02,3.790949366464357428e+00,4.849604722968916981e+00,2.072474386345143308e-03
1.025000000000000000e+02,3.803449330447894017e+00,4.849630628861192783e+00,2.006501383500573256e-03
1.025500000000000114e+02,3.815949295321198864e+00,4.849655710091663963e+00,1.942931545885004689e-03
1.026000000000000085e+02,3.828449262246364615e+00,4.849679996702286111e+00,1.879319313497285378e-03
1.026500000000000057e+02,3.840949231161872035e+00,4.849703488162942833e+00,1.815662379316807136e-03
1.027000000000000028e+02,3.853449202006153040e+00,4.849726183914687461e+00,1.751958242769344198e-03
1.027500000000000000e+02,3.865949173814854145e+00,4.849748083365738260e+00,1.691515244431695359e-03
1.028000000000000114e+02,3.878449147360780280e+00,4.849769227281711892e+00,1.631031936829862401e-03
1.028500000000000085e+02,3.890949122588236886e+00,4.849789615158596412e+00,1.570506126415071495e-03
1.029000000000000057e+02,3.903449099441480552e+00,4.849809246464964474e+00,1.509935435605248930e-03
1.029500000000000028e+02,3.915949077270980627e+00,4.849828120638777662e+00,1.453255578762284710e-03
1.030000000000000000e+02,3.928449056533930506e+00,4.849846286316163990e+00,1.396537922512515809e-03
1.030500000000000114e+02,3.940949037181291637e+00,4.849863743024517504e+00,1.339780409870861694e-03
1.031000000000000085e+02,3.953449019163979283e+00,4.849880490265522148e+00,1.282980811276729794e-03
1.031500000000000057e+02,3.965949002086290420e+00,4.849896527512552069e+00,1.230503805671862537e-03
1.032000000000000028e+02,3.978448986161920331e+00,4.849911908798291371e+00,1.177991803732296189e-03
1.032500000000000000e+02,3.990948971348783125e+00,4.849926633685199384e+00,1.125442900994594406e-03
1.033000000000000114e+02,4.003448957604750724e+00,4.849940701711933144e+00,1.072855033216615385e-03
1.033500000000000085e+02,4.015948944729407444e+00,4.849954112391180239e+00,1.024852207708807760e-03
1.034000000000000057e+02,4.028448932758656120e+00,4.849966923035993638e+00,9.768173698434562575e-04
1.034500000000000028e+02,4.040948921657241399e+00,4.849979133246156593e+00,9.287487775266558719e-04
1.035000000000000000e+02,4.053448911389869735e+00,4.849990742599677773e+00,8.806445425084821277e-04
1.035500000000000114e+02,4.065948901898742029e+00,4.850001750650946519e+00,8.372451453659845739e-04
1.036000000000000085e+02,4.078448893098569172e+00,4.850012216210340732e+00,7.938168059878416031e-04
1.036500000000000057e+02,4.090948884960500465e+00,4.850022138916039616e+00,7.503579493414610189e-04
1.037000000000000028e+02,4.103448877455652344e+00,4.850031518386535012e+00,7.068668682544219234e-04
1.037500000000000000e+02,4.115948870623861389e+00,4.850040354219030903e+00,6.680822833334705817e-04
1.038000000000000114e+02,4.128448864305044097e+00,4.850048705244593528e+00,6.292718338403756936e-04
1.038500000000000085e+02,4.140948858476132699e+00,4.850056571139886863e+00,5.904341122180923815e-04
1.039000000000000057e+02,4.153448853114033668e+00,4.850063951563980957e+00,5.515675928206877077e-04
1.039500000000000028e+02,4.165948848319563247e+00,4.850070846156945947e+00,5.173133737624281648e-04
1.040000000000000000e+02,4.178448843894084774e+00,4.850077312572405042e+00,4.830363114336733935e-04
1.040500000000000114e+02,4.190948839819584215e+00,4.850083350524799108e+00,4.487351626893757708e-04
1.041000000000000085e+02,4.203448836078025330e+00,4.850088959713030334e+00,4.144085800893544886e-04
1.041500000000000057e+02,4.215948832802697943e+00,4.850094139819220551e+00,3.845242674488464556e-04
1.042000000000000028e+02,4.228448829783269858e+00,4.850098946371639741e+00,3.546200257928495622e-04
1.042500000000000000e+02,4.240948827006013389e+00,4.850103379121162739e+00,3.246947705658322168e-04
1.043000000000000114e+02,4.253448824457183086e+00,4.850107437805109889e+00,2.947473262225104194e-04
1.043500000000000085e+02,4.265948822281464992e+00,4.850111122146152809e+00,2.690140640713468978e-04
1.044000000000000057e+02,4.278448820275517761e+00,4.850114484821495431e+00,2.432636411778052584e-04
1.044500000000000028e+02,4.290948818429149547e+00,4.850117525616621350e+00,2.174951236340769655e-04
1.045000000000000000e+02,4.303448816732154292e+00,4.850120244305340833e+00,1.917074991813921575e-04
1.045500000000000114e+02,4.315948815325954868e+00,4.850122640648840466e+00,1.698635092691524258e-04
1.046000000000000085e+02,4.328448814026115699e+00,4.850124763942505801e+00,1.480049522898400026e-04
1.046500000000000057e+02,4.340948812825281777e+00,4.850126614004245162e+00,1.261310354836952760e-04
1.047000000000000028e+02,4.353448811716087441e+00,4.850128190642057469e+00,1.042408995817281105e-04
1.047500000000000000e+02,4.365948810827324778e+00,4.850129493653214219e+00,8.599490365606678123e-05
1.048000000000000114e+02,4.378448810000023173e+00,4.850130568589441360e+00,6.773674007534942270e-05
1.048500000000000085e+02,4.390948809229041849e+00,4.850131415298641002e+00,4.946574665719677242e-05
1.049000000000000057e+02,4.403448808509233814e+00,4.850132033620439209e+00,3.118120566502096856e-05
1.049500000000000028e+02,4.415948807835442302e+00,4.850132423385488778e+00,1.288233741642276058e-05
1.050000000000000000e+02,4.428448807202501669e+00,4.850132584414698300e+00,-5.431707054203749102e-06
1.050500000000000114e+02,4.440948806605237387e+00,4.850132516518363524e+00,-2.376185445276954365e-05
1.051000000000000085e+02,4.453448806038462493e+00,4.850132219495196573e+00,-4.210911901280025861e-05
1.051500000000000057e+02,4.465948805496979368e+00,4.850131693131231714e+00,-6.047461387269786350e-05
1.052000000000000028e+02,4.478448804975577957e+00,4.850130937198589010e+00,-7.885956436300059892e-05
1.052500000000000000e+02,4.490948804469034883e+00,4.850129951454072774e+00,-9.726532360166336723e-05
1.053000000000000114e+02,4.503448803972109893e+00,4.850128735637571964e+00,-1.156933908957421853e-04
1.053500000000000085e+02,4.515948803479547635e+00,4.850127289470235858e+00,-1.341454335772049387e-04
1.054000000000000057e+02,4.528448802986074107e+00,4.850125612652372631e+00,-1.526233130726143339e-04
1.054500000000000028e+02,4.540948802486394875e+00,4.850123704861021068e+00,-1.711291162299806445e-04
1.055000000000000000e+02,4.553448801975194193e+00,4.850121565747135044e+00,-1.896651932275116763e-04
1.055500000000000114e+02,4.565948801447130556e+00,4.850119194932291045e+00,-2.082342037968249685e-04
1.056000000000000085e+02,4.578448800896834037e+00,4.850116592004820149e+00,-2.268391740469088307e-04
1.056500000000000057e+02,4.590948800318903622e+00,4.850113756515226804e+00,-2.454835669452131689e-04
1.057000000000000028e+02,4.603448799707902772e+00,4.850110687970728307e+00,-2.641713705894300221e-04
1.057500000000000000e+02,4.615948799058354091e+00,4.850107385828690276e+00,-2.829072099414877989e-04
1.058000000000000114e+02,4.628448798364732220e+00,4.850103849488667684e+00,-3.016964899199155148e-04
1.058500000000000085e+02,4.640948797621459398e+00,4.850100078282653548e+00,-3.205455810295904768e-04
1.059000000000000057e+02,4.653448796822893030e+00,4.850096071463009473e+00,-3.394620636420405410e-04
1.059500000000000028e+02,4.665948795963317686e+00,4.850091828187342635e+00,-3.584550546350951500e-04
1.060000000000000000e+02,4.678448795036927343e+00,4.850087347499299817e+00,-3.775356520710671415e-04
1.060500000000000114e+02,4.690948794037809400e+00,4.850082628303802323e+00,-3.967175529977209555e-04
1.061000000000000085e+02,4.703448792959920688e+00,4.850077669334557307e+00,-4.160179319146550076e-04
