time_s,x_m,y_m,theta_rad,v_m_s,w_rad_s
0.000000000000000000e+00,6.750000000000000000e+00,3.350000000000000089e+00,2.873918337131550871e+00,0.000000000000000000e+00,0.000000000000000000e+00
5.000000000000000278e-02,6.752410971591666922e+00,3.349338776762024406e+00,2.873918337131550871e+00,-5.000000074505805969e-02,0.000000000000000000e+00
1.000000000000000056e-01,6.754821943183333843e+00,3.348677553524048722e+00,2.873918337131550871e+00,-5.000000074505805969e-02,0.000000000000000000e+00
1.500000000000000222e-01,6.757232914775000765e+00,3.348016330286073039e+00,2.873918337131550871e+00,-5.000000074505805969e-02,0.000000000000000000e+00
2.000000000000000111e-01,6.759643886366667687e+00,3.347355107048097356e+00,2.873918337131550871e+00,-5.000000074505805969e-02,0.000000000000000000e+00
2.500000000000000000e-01,6.762054857958334608e+00,3.346693883810121672e+00,2.873918337131550871e+00,-5.000000074505805969e-02,0.000000000000000000e+00
3.000000000000000444e-01,6.764465829550001530e+00,3.346032660572145989e+00,2.873918337131550871e+00,-5.000000074505805969e-02,0.000000000000000000e+00
3.500000000000000333e-01,6.766876801141668452e+00,3.345371437334170306e+00,2.873918337131550871e+00,-5.000000074505805969e-02,0.000000000000000000e+00
4.000000000000000222e-01,6.769287772733335373e+00,3.344710214096194623e+00,2.873918337131550871e+00,-5.000000074505805969e-02,0.000000000000000000e+00
4.500000000000000111e-01,6.771698744325002295e+00,3.344048990858218939e+00,2.873918337131550871e+00,-5.000000074505805969e-02,0.000000000000000000e+00
5.000000000000000000e-01,6.774109715916669217e+00,3.343387767620243256e+00,2.873918337131550871e+00,-5.000000074505805969e-02,0.000000000000000000e+00
5.500000000000000444e-01,6.776520687508336138e+00,3.342726544382267573e+00,2.873918337131550871e+00,-5.000000074505805969e-02,0.000000000000000000e+00
6.000000000000000888e-01,6.778931659100003060e+00,3.342065321144291890e+00,2.873918337131550871e+00,-5.000000074505805969e-02,0.000000000000000000e+00
6.500000000000000222e-01,6.781342630691669982e+00,3.341404097906316206e+00,2.873918337131550871e+00,-5.000000074505805969e-02,0.000000000000000000e+00
7.000000000000000666e-01,6.783753602283336903e+00,3.340742874668340523e+00,2.873918337131550871e+00,-5.000000074505805969e-02,0.000000000000000000e+00
7.500000000000000000e-01,6.786164573875003825e+00,3.340081651430364840e+00,2.873918337131550871e+00,-5.000000074505805969e-02,0.000000000000000000e+00
8.000000000000000444e-01,6.788575545466670746e+00,3.339420428192389156e+00,2.873918337131550871e+00,-5.000000074505805969e-02,0.000000000000000000e+00
8.500000000000000888e-01,6.790986517058337668e+00,3.338759204954413473e+00,2.873918337131550871e+00,-5.000000074505805969e-02,0.000000000000000000e+00
9.000000000000000222e-01,6.793397488650004590e+00,3.338097981716437790e+00,2.873918337131550871e+00,-5.000000074505805969e-02,0.000000000000000000e+00
9.500000000000000666e-01,6.795808460241671511e+00,3.337436758478462107e+00,2.873918337131550871e+00,-5.000000074505805969e-02,0.000000000000000000e+00
1.000000000000000000e+00,6.798219431833338433e+00,3.336775535240486423e+00,2.873918337131550871e+00,-5.000000074505805969e-02,0.000000000000000000e+00
1.050000000000000044e+00,6.800630403425005355e+00,3.336114312002510740e+00,2.873918337131550871e+00,-5.000000074505805969e-02,0.000000000000000000e+00
1.100000000000000089e+00,6.803041375016672276e+00,3.335453088764535057e+00,2.873918337131550871e+00,-5.000000074505805969e-02,0.000000000000000000e+00
1.150000000000000133e+00,6.805452346608339198e+00,3.334791865526559373e+00,2.873918337131550871e+00,-5.000000074505805969e-02,0.000000000000000000e+00
1.200000000000000178e+00,6.807863318200006120e+00,3.334130642288583690e+00,2.873918337131550871e+00,-5.000000074505805969e-02,0.000000000000000000e+00
1.250000000000000000e+00,6.810274289791673041e+00,3.333469419050608007e+00,2.873918337131550871e+00,-5.000000074505805969e-02,0.000000000000000000e+00
1.300000000000000044e+00,6.812685261383339963e+00,3.332808195812632324e+00,2.873918337131550871e+00,-5.000000074505805969e-02,0.000000000000000000e+00
1.350000000000000089e+00,6.815096232975006885e+00,3.332146972574656640e+00,2.873918337131550871e+00,-5.000000074505805969e-02,0.000000000000000000e+00
1.400000000000000133e+00,6.817507204566673806e+00,3.331485749336680957e+00,2.873918337131550871e+00,-5.000000074505805969e-02,0.000000000000000000e+00
1.450000000000000178e+00,6.819918176158340728e+00,3.330824526098705274e+00,2.873918337131550871e+00,-5.000000074505805969e-02,0.000000000000000000e+00
1.500000000000000000e+00,6.822329147750007650e+00,3.330163302860729591e+00,2.873918337131550871e+00,-5.000000074505805969e-02,0.000000000000000000e+00
1.550000000000000044e+00,6.824740119341674571e+00,3.329502079622753907e+00,2.873918337131550871e+00,-5.000000074505805969e-02,0.000000000000000000e+00
1.600000000000000089e+00,6.827151090933341493e+00,3.328840856384778224e+00,2.873918337131550871e+00,-5.000000074505805969e-02,0.000000000000000000e+00
1.650000000000000133e+00,6.829562062525008415e+00,3.328179633146802541e+00,2.873918337131550871e+00,-5.000000074505805969e-02,0.000000000000000000e+00
1.700000000000000178e+00,6.831973034116675336e+00,3.327518409908826857e+00,2.873918337131550871e+00,-5.000000074505805969e-02,0.000000000000000000e+00
1.750000000000000000e+00,6.834384005708342258e+00,3.326857186670851174e+00,2.873918337131550871e+00,-5.000000074505805969e-02,0.000000000000000000e+00
1.800000000000000044e+00,6.836794977300009180e+00,3.326195963432875491e+00,2.873918337131550871e+00,-5.000000074505805969e-02,0.000000000000000000e+00
1.850000000000000089e+00,6.839205948891676101e+00,3.325534740194899808e+00,2.873918337131550871e+00,-5.000000074505805969e-02,0.000000000000000000e+00
1.900000000000000133e+00,6.841616920483343023e+00,3.324873516956924124e+00,2.873918337131550871e+00,-5.000000074505805969e-02,0.000000000000000000e+00
1.950000000000000178e+00,6.844027892075009945e+00,3.324212293718948441e+00,2.873918337131550871e+00,-5.000000074505805969e-02,0.000000000000000000e+00
2.000000000000000000e+00,6.846438863666676866e+00,3.323551070480972758e+00,2.873918337131550871e+00,-5.000000074505805969e-02,0.000000000000000000e+00
2.050000000000000266e+00,6.848849835258343788e+00,3.322889847242997075e+00,2.873918337131550871e+00,-5.000000074505805969e-02,0.000000000000000000e+00
2.100000000000000089e+00,6.851260806850010709e+00,3.322228624005021391e+00,2.873918337131550871e+00,-5.000000074505805969e-02,0.000000000000000000e+00
2.149999999999999911e+00,6.853671778441677631e+00,3.321567400767045708e+00,2.873918337131550871e+00,-5.000000074505805969e-02,0.000000000000000000e+00
2.200000000000000178e+00,6.856082750033344553e+00,3.320906177529070025e+00,2.873918337131550871e+00,-5.000000074505805969e-02,0.000000000000000000e+00
2.250000000000000000e+00,6.858493721625011474e+00,3.320244954291094341e+00,2.873918337131550871e+00,-5.000000074505805969e-02,0.000000000000000000e+00
2.300000000000000266e+00,6.860904693216678396e+00,3.319583731053118658e+00,2.873918337131550871e+00,-5.000000074505805969e-02,0.000000000000000000e+00
2.350000000000000089e+00,6.863315664808345318e+00,3.318922507815142975e+00,2.873918337131550871e+00,-5.000000074505805969e-02,0.000000000000000000e+00
2.400000000000000355e+00,6.865726636400012239e+00,3.318261284577167292e+00,2.873918337131550871e+00,-5.000000074505805969e-02,0.000000000000000000e+00
2.450000000000000178e+00,6.868137607991679161e+00,3.317600061339191608e+00,2.873918337131550871e+00,-5.000000074505805969e-02,0.000000000000000000e+00
2.500000000000000000e+00,6.870548579583346083e+00,3.316938838101215925e+00,2.873918337131550871e+00,-5.000000074505805969e-02,0.000000000000000000e+00
2.550000000000000266e+00,6.872959551175013004e+00,3.316277614863240242e+00,2.873918337131550871e+00,-5.000000074505805969e-02,0.000000000000000000e+00
2.600000000000000089e+00,6.875370522766679926e+00,3.315616391625264558e+00,2.873918337131550871e+00,-5.000000074505805969e-02,0.000000000000000000e+00
2.650000000000000355e+00,6.877781494358346848e+00,3.314955168387288875e+00,2.873918337131550871e+00,-5.000000074505805969e-02,0.000000000000000000e+00
2.700000000000000178e+00,6.880192465950013769e+00,3.314293945149313192e+00,2.873918337131550871e+00,-5.000000074505805969e-02,0.000000000000000000e+00
2.750000000000000000e+00,6.882603437541680691e+00,3.313632721911337509e+00,2.873918337131550871e+00,-5.000000074505805969e-02,0.000000000000000000e+00
2.800000000000000266e+00,6.885014409133347613e+00,3.312971498673361825e+00,2.873918337131550871e+00,-5.000000074505805969e-02,0.000000000000000000e+00
2.850000000000000089e+00,6.887425380725014534e+00,3.312310275435386142e+00,2.873918337131550871e+00,-5.000000074505805969e-02,0.000000000000000000e+00
2.900000000000000355e+00,6.889836352316681456e+00,3.311649052197410459e+00,2.873918337131550871e+00,-5.000000074505805969e-02,0.000000000000000000e+00
2.950000000000000178e+00,6.892247323908348378e+00,3.310987828959434776e+00,2.873918337131550871e+00,-5.000000074505805969e-02,0.000000000000000000e+00
3.000000000000000000e+00,6.894658295500015299e+00,3.310326605721459092e+00,2.873918337131550871e+00,-5.000000074505805969e-02,0.000000000000000000e+00
3.050000000000000266e+00,6.897069267091682221e+00,3.309665382483483409e+00,2.873918337131550871e+00,-5.000000074505805969e-02,0.000000000000000000e+00
3.100000000000000089e+00,6.899480238683349143e+00,3.309004159245507726e+00,2.873918337131550871e+00,-5.000000074505805969e-02,0.000000000000000000e+00
3.150000000000000355e+00,6.901891210275016064e+00,3.308342936007532042e+00,2.873918337131550871e+00,-5.000000074505805969e-02,0.000000000000000000e+00
3.200000000000000178e+00,6.904302181866682986e+00,3.307681712769556359e+00,2.873918337131550871e+00,-5.000000074505805969e-02,0.000000000000000000e+00
3.250000000000000000e+00,6.906713153458349908e+00,3.307020489531580676e+00,2.873918337131550871e+00,-5.000000074505805969e-02,0.000000000000000000e+00
3.300000000000000266e+00,6.909124125050016829e+00,3.306359266293604993e+00,2.873918337131550871e+00,-5.000000074505805969e-02,0.000000000000000000e+00
3.350000000000000089e+00,6.911535096641683751e+00,3.305698043055629309e+00,2.873918337131550871e+00,-5.000000074505805969e-02,0.000000000000000000e+00
3.400000000000000355e+00,6.913946068233350672e+00,3.305036819817653626e+00,2.873918337131550871e+00,-5.000000074505805969e-02,0.000000000000000000e+00
3.450000000000000178e+00,6.916357039825017594e+00,3.304375596579677943e+00,2.873918337131550871e+00,-5.000000074505805969e-02,0.000000000000000000e+00
3.500000000000000000e+00,6.918768011416684516e+00,3.303714373341702260e+00,2.873918337131550871e+00,-5.000000074505805969e-02,0.000000000000000000e+00
3.550000000000000266e+00,6.921178983008351437e+00,3.303053150103726576e+00,2.873918337131550871e+00,-5.000000074505805969e-02,0.000000000000000000e+00
3.600000000000000089e+00,6.923589954600018359e+00,3.302391926865750893e+00,2.873918337131550871e+00,-5.000000074505805969e-02,0.000000000000000000e+00
3.650000000000000355e+00,6.926000926191685281e+00,3.301730703627775210e+00,2.873918337131550871e+00,-5.000000074505805969e-02,0.000000000000000000e+00
3.700000000000000178e+00,6.928411897783352202e+00,3.301069480389799526e+00,2.873918337131550871e+00,-5.000000074505805969e-02,0.000000000000000000e+00
3.750000000000000000e+00,6.930822869375019124e+00,3.300408257151823843e+00,2.873918337131550871e+00,-5.000000074505805969e-02,0.000000000000000000e+00
3.800000000000000266e+00,6.933233840966686046e+00,3.299747033913848160e+00,2.873918337131550871e+00,-5.000000074505805969e-02,0.000000000000000000e+00
3.850000000000000089e+00,6.935644812558352967e+00,3.299085810675872477e+00,2.873918337131550871e+00,-5.000000074505805969e-02,0.000000000000000000e+00
3.900000000000000355e+00,6.938055784150019889e+00,3.298424587437896793e+00,2.873918337131550871e+00,-5.000000074505805969e-02,0.000000000000000000e+00
3.950000000000000178e+00,6.940466755741686811e+00,3.297763364199921110e+00,2.873918337131550871e+00,-5.000000074505805969e-02,0.000000000000000000e+00
4.000000000000000000e+00,6.942877727333353732e+00,3.297102140961945427e+00,2.873918337131550871e+00,-5.000000074505805969e-02,0.000000000000000000e+00
4.049999999999999822e+00,6.945288698925020654e+00,3.296440917723969743e+00,2.873918337131550871e+00,-5.000000074505805969e-02,0.000000000000000000e+00
4.100000000000000533e+00,6.947699670516687576e+00,3.295779694485994060e+00,2.873918337131550871e+00,-5.000000074505805969e-02,0.000000000000000000e+00
4.150000000000000355e+00,6.950110642108354497e+00,3.295118471248018377e+00,2.873918337131550871e+00,-5.000000074505805969e-02,0.000000000000000000e+00
4.200000000000000178e+00,6.952521613700021419e+00,3.294457248010042694e+00,2.873918337131550871e+00,-5.000000074505805969e-02,0.000000000000000000e+00
4.250000000000000000e+00,6.954932585291688341e+00,3.293796024772067010e+00,2.873918337131550871e+00,-5.000000074505805969e-02,0.000000000000000000e+00
4.299999999999999822e+00,6.957343556883355262e+00,3.293134801534091327e+00,2.873918337131550871e+00,-5.000000074505805969e-02,0.000000000000000000e+00
4.350000000000000533e+00,6.959754528475022184e+00,3.292473578296115644e+00,2.873918337131550871e+00,-5.000000074505805969e-02,0.000000000000000000e+00
4.400000000000000355e+00,6.962165500066689106e+00,3.291812355058139961e+00,2.873918337131550871e+00,-5.000000074505805969e-02,0.000000000000000000e+00
4.450000000000000178e+00,6.964576471658356027e+00,3.291151131820164277e+00,2.873918337131550871e+00,-5.000000074505805969e-02,0.000000000000000000e+00
4.500000000000000000e+00,6.966987443250022949e+00,3.290489908582188594e+00,2.873918337131550871e+00,-5.000000074505805969e-02,0.000000000000000000e+00
4.549999999999999822e+00,6.969398414841689871e+00,3.289828685344212911e+00,2.873918337131550871e+00,-5.000000074505805969e-02,0.000000000000000000e+00
4.600000000000000533e+00,6.971809386433356792e+00,3.289167462106237227e+00,2.873918337131550871e+00,-5.000000074505805969e-02,0.000000000000000000e+00
4.650000000000000355e+00,6.974220358025023714e+00,3.288506238868261544e+00,2.873918337131550871e+00,-5.000000074505805969e-02,0.000000000000000000e+00
4.700000000000000178e+00,6.976631329616690635e+00,3.287845015630285861e+00,2.873918337131550871e+00,-5.000000074505805969e-02,0.000000000000000000e+00
4.750000000000000000e+00,6.979042301208357557e+00,3.287183792392310178e+00,2.873918337131550871e+00,-5.000000074505805969e-02,0.000000000000000000e+00
4.800000000000000711e+00,6.981453272800024479e+00,3.286522569154334494e+00,2.873918337131550871e+00,-5.000000074505805969e-02,0.000000000000000000e+00
4.850000000000000533e+00,6.983864244391691400e+00,3.285861345916358811e+00,2.873918337131550871e+00,-5.000000074505805969e-02,0.000000000000000000e+00
4.900000000000000355e+00,6.986275215983358322e+00,3.285200122678383128e+00,2.873918337131550871e+00,-5.000000074505805969e-02,0.000000000000000000e+00
4.950000000000000178e+00,6.988686187575025244e+00,3.284538899440407445e+00,2.873918337131550871e+00,-5.000000074505805969e-02,0.000000000000000000e+00
5.000000000000000000e+00,6.991097159166692165e+00,3.283877676202431761e+00,2.873918337131550871e+00,-5.000000074505805969e-02,0.000000000000000000e+00
5.050000000000000711e+00,6.993508130758359087e+00,3.283216452964456078e+00,2.873918337131550871e+00,-5.000000074505805969e-02,0.000000000000000000e+00
5.100000000000000533e+00,6.995919102350026009e+00,3.282555229726480395e+00,2.873918337131550871e+00,-5.000000074505805969e-02,0.000000000000000000e+00
5.150000000000000355e+00,6.998330073941692930e+00,3.281894006488504711e+00,2.873918337131550871e+00,-5.000000074505805969e-02,0.000000000000000000e+00
5.200000000000000178e+00,7.000741045533359852e+00,3.281232783250529028e+00,2.873918337131550871e+00,-5.000000074505805969e-02,0.000000000000000000e+00
5.250000000000000000e+00,7.003152017125026774e+00,3.280571560012553345e+00,2.873918337131550871e+00,-5.000000074505805969e-02,0.000000000000000000e+00
5.300000000000000711e+00,7.005562988716693695e+00,3.279910336774577662e+00,2.873918337131550871e+00,-5.000000074505805969e-02,0.000000000000000000e+00
5.350000000000000533e+00,7.007973960308360617e+00,3.279249113536601978e+00,2.873918337131550871e+00,-5.000000074505805969e-02,0.000000000000000000e+00
5.400000000000000355e+00,7.010384931900027539e+00,3.278587890298626295e+00,2.873918337131550871e+00,-5.000000074505805969e-02,0.000000000000000000e+00
5.450000000000000178e+00,7.012795903491694460e+00,3.277926667060650612e+00,2.873918337131550871e+00,-5.000000074505805969e-02,0.000000000000000000e+00
5.500000000000000000e+00,7.015206875083361382e+00,3.277265443822674928e+00,2.873918337131550871e+00,-5.000000074505805969e-02,0.000000000000000000e+00
5.550000000000000711e+00,7.017617846675028304e+00,3.276604220584699245e+00,2.873918337131550871e+00,-5.000000074505805969e-02,0.000000000000000000e+00
5.600000000000000533e+00,7.020028818266695225e+00,3.275942997346723562e+00,2.873918337131550871e+00,-5.000000074505805969e-02,0.000000000000000000e+00
5.650000000000000355e+00,7.022439789858362147e+00,3.275281774108747879e+00,2.873918337131550871e+00,-5.000000074505805969e-02,0.000000000000000000e+00
5.700000000000000178e+00,7.024850761450029069e+00,3.274620550870772195e+00,2.873918337131550871e+00,-5.000000074505805969e-02,0.000000000000000000e+00
5.750000000000000000e+00,7.027261733041695990e+00,3.273959327632796512e+00,2.873918337131550871e+00,-5.000000074505805969e-02,0.000000000000000000e+00
5.800000000000000711e+00,7.029672704633362912e+00,3.273298104394820829e+00,2.873918337131550871e+00,-5.000000074505805969e-02,0.000000000000000000e+00
5.850000000000000533e+00,7.032083676225029834e+00,3.272636881156845146e+00,2.873918337131550871e+00,-5.000000074505805969e-02,0.000000000000000000e+00
5.900000000000000355e+00,7.034494647816696755e+00,3.271975657918869462e+00,2.873918337131550871e+00,-5.000000074505805969e-02,0.000000000000000000e+00
5.950000000000000178e+00,7.036905619408363677e+00,3.271314434680893779e+00,2.873918337131550871e+00,-5.000000074505805969e-02,0.000000000000000000e+00
6.000000000000000000e+00,7.039316591000030598e+00,3.270653211442918096e+00,2.873918337131550871e+00,-5.000000074505805969e-02,0.000000000000000000e+00
6.050000000000000711e+00,7.041727562591697520e+00,3.269991988204942412e+00,2.873918337131550871e+00,-5.000000074505805969e-02,0.000000000000000000e+00
6.100000000000000533e+00,7.044138534183364442e+00,3.269330764966966729e+00,2.873918337131550871e+00,-5.000000074505805969e-02,0.000000000000000000e+00
6.150000000000000355e+00,7.046549505775031363e+00,3.268669541728991046e+00,2.873918337131550871e+00,-5.000000074505805969e-02,0.000000000000000000e+00
6.200000000000000178e+00,7.048960477366698285e+00,3.268008318491015363e+00,2.873918337131550871e+00,-5.000000074505805969e-02,0.000000000000000000e+00
6.250000000000000000e+00,7.051371448958365207e+00,3.267347095253039679e+00,2.873918337131550871e+00,-5.000000074505805969e-02,0.000000000000000000e+00
6.300000000000000711e+00,7.053782420550032128e+00,3.266685872015063996e+00,2.873918337131550871e+00,-5.000000074505805969e-02,0.000000000000000000e+00
6.350000000000000533e+00,7.056193392141699050e+00,3.266024648777088313e+00,2.873918337131550871e+00,-5.000000074505805969e-02,0.000000000000000000e+00
6.400000000000000355e+00,7.058604363733365972e+00,3.265363425539112630e+00,2.873918337131550871e+00,-5.000000074505805969e-02,0.000000000000000000e+00
6.450000000000000178e+00,7.061015335325032893e+00,3.264702202301136946e+00,2.873918337131550871e+00,-5.000000074505805969e-02,0.000000000000000000e+00
6.500000000000000000e+00,7.063426306916699815e+00,3.264040979063161263e+00,2.873918337131550871e+00,-5.000000074505805969e-02,0.000000000000000000e+00
6.550000000000000711e+00,7.065837278508366737e+00,3.263379755825185580e+00,2.873918337131550871e+00,-5.000000074505805969e-02,0.000000000000000000e+00
6.600000000000000533e+00,7.068248250100033658e+00,3.262718532587209896e+00,2.873918337131550871e+00,-5.000000074505805969e-02,0.000000000000000000e+00
6.650000000000000355e+00,7.070659221691700580e+00,3.262057309349234213e+00,2.873918337131550871e+00,-5.000000074505805969e-02,0.000000000000000000e+00
6.700000000000000178e+00,7.073070193283367502e+00,3.261396086111258530e+00,2.873918337131550871e+00,-5.000000074505805969e-02,0.000000000000000000e+00
6.750000000000000000e+00,7.075481164875034423e+00,3.260734862873282847e+00,2.873918337131550871e+00,-5.000000074505805969e-02,0.000000000000000000e+00
6.800000000000000711e+00,7.077892136466701345e+00,3.260073639635307163e+00,2.873918337131550871e+00,-5.000000074505805969e-02,0.000000000000000000e+00
6.850000000000000533e+00,7.080303108058368267e+00,3.259412416397331480e+00,2.873918337131550871e+00,-5.000000074505805969e-02,0.000000000000000000e+00
6.900000000000000355e+00,7.082714079650035188e+00,3.258751193159355797e+00,2.873918337131550871e+00,-5.000000074505805969e-02,0.000000000000000000e+00
6.950000000000000178e+00,7.085125051241702110e+00,3.258089969921380114e+00,2.873918337131550871e+00,-5.000000074505805969e-02,0.000000000000000000e+00
7.000000000000000000e+00,7.087536022833369032e+00,3.257428746683404430e+00,2.873918337131550871e+00,-5.000000074505805969e-02,0.000000000000000000e+00
7.050000000000000711e+00,7.089946994425035953e+00,3.256767523445428747e+00,2.873918337131550871e+00,-5.000000074505805969e-02,0.000000000000000000e+00
7.100000000000000533e+00,7.092357966016702875e+00,3.256106300207453064e+00,2.873918337131550871e+00,-5.000000074505805969e-02,0.000000000000000000e+00
7.150000000000000355e+00,7.094768937608369797e+00,3.255445076969477380e+00,2.873918337131550871e+00,-5.000000074505805969e-02,0.000000000000000000e+00
7.200000000000000178e+00,7.097179909200036718e+00,3.254783853731501697e+00,2.873918337131550871e+00,-5.000000074505805969e-02,0.000000000000000000e+00
7.250000000000000000e+00,7.099590880791703640e+00,3.254122630493526014e+00,2.873918337131550871e+00,-5.000000074505805969e-02,0.000000000000000000e+00
7.300000000000000711e+00,7.102001852383370561e+00,3.253461407255550331e+00,2.873918337131550871e+00,-5.000000074505805969e-02,0.000000000000000000e+00
7.350000000000000533e+00,7.104412823975037483e+00,3.252800184017574647e+00,2.873918337131550871e+00,-5.000000074505805969e-02,0.000000000000000000e+00
7.400000000000000355e+00,7.106823795566704405e+00,3.252138960779598964e+00,2.873918337131550871e+00,-5.000000074505805969e-02,0.000000000000000000e+00
7.450000000000000178e+00,7.109234767158371326e+00,3.251477737541623281e+00,2.873918337131550871e+00,-5.000000074505805969e-02,0.000000000000000000e+00
7.500000000000000000e+00,7.111645738750038248e+00,3.250816514303647597e+00,2.873918337131550871e+00,-5.000000074505805969e-02,0.000000000000000000e+00
7.550000000000000711e+00,7.114056710341705170e+00,3.250155291065671914e+00,2.873918337131550871e+00,-5.000000074505805969e-02,0.000000000000000000e+00
7.600000000000000533e+00,7.116467681933372091e+00,3.249494067827696231e+00,2.873918337131550871e+00,-5.000000074505805969e-02,0.000000000000000000e+00
7.650000000000000355e+00,7.118878653525039013e+00,3.248832844589720548e+00,2.873918337131550871e+00,-5.000000074505805969e-02,0.000000000000000000e+00
7.700000000000000178e+00,7.121289625116705935e+00,3.248171621351744864e+00,2.873918337131550871e+00,-5.000000074505805969e-02,0.000000000000000000e+00
7.750000000000000000e+00,7.123700596708372856e+00,3.247510398113769181e+00,2.873918337131550871e+00,-5.000000074505805969e-02,0.000000000000000000e+00
7.800000000000000711e+00,7.126111568300039778e+00,3.246849174875793498e+00,2.873918337131550871e+00,-5.000000074505805969e-02,0.000000000000000000e+00
7.850000000000000533e+00,7.128522539891706700e+00,3.246187951637817815e+00,2.873918337131550871e+00,-5.000000074505805969e-02,0.000000000000000000e+00
7.900000000000000355e+00,7.130933511483373621e+00,3.245526728399842131e+00,2.873918337131550871e+00,-5.000000074505805969e-02,0.000000000000000000e+00
7.950000000000000178e+00,7.133344483075040543e+00,3.244865505161866448e+00,2.873918337131550871e+00,-5.000000074505805969e-02,0.000000000000000000e+00
8.000000000000000000e+00,7.135755454666707465e+00,3.244204281923890765e+00,2.873918337131550871e+00,-5.000000074505805969e-02,0.000000000000000000e+00
8.050000000000000711e+00,7.138166426258374386e+00,3.243543058685915081e+00,2.873918337131550871e+00,-5.000000074505805969e-02,0.000000000000000000e+00
8.099999999999999645e+00,7.140577397850041308e+00,3.242881835447939398e+00,2.873918337131550871e+00,-5.000000074505805969e-02,0.000000000000000000e+00
8.150000000000000355e+00,7.142988369441708230e+00,3.242220612209963715e+00,2.873918337131550871e+00,-5.000000074505805969e-02,0.000000000000000000e+00
8.200000000000001066e+00,7.145399341033375151e+00,3.241559388971988032e+00,2.873918337131550871e+00,-5.000000074505805969e-02,0.000000000000000000e+00
8.250000000000000000e+00,7.147810312625042073e+00,3.240898165734012348e+00,2.873918337131550871e+00,-5.000000074505805969e-02,0.000000000000000000e+00
8.300000000000000711e+00,7.150221284216708995e+00,3.240236942496036665e+00,2.873918337131550871e+00,-5.000000074505805969e-02,0.000000000000000000e+00
8.349999999999999645e+00,7.152632255808375916e+00,3.239575719258060982e+00,2.873918337131550871e+00,-5.000000074505805969e-02,0.000000000000000000e+00
8.400000000000000355e+00,7.155043227400042838e+00,3.238914496020085299e+00,2.873918337131550871e+00,-5.000000074505805969e-02,0.000000000000000000e+00
8.450000000000001066e+00,7.157454198991709760e+00,3.238253272782109615e+00,2.873918337131550871e+00,-5.000000074505805969e-02,0.000000000000000000e+00
8.500000000000000000e+00,7.159865170583376681e+00,3.237592049544133932e+00,2.873918337131550871e+00,-5.000000074505805969e-02,0.000000000000000000e+00
8.550000000000000711e+00,7.162276142175043603e+00,3.236930826306158249e+00,2.873918337131550871e+00,-5.000000074505805969e-02,0.000000000000000000e+00
8.599999999999999645e+00,7.164687113766710524e+00,3.236269603068182565e+00,2.873918337131550871e+00,-5.000000074505805969e-02,0.000000000000000000e+00
8.650000000000000355e+00,7.167098085358377446e+00,3.235608379830206882e+00,2.873918337131550871e+00,-5.000000074505805969e-02,0.000000000000000000e+00
8.700000000000001066e+00,7.169509056950044368e+00,3.234947156592231199e+00,2.873918337131550871e+00,-5.000000074505805969e-02,0.000000000000000000e+00
8.750000000000000000e+00,7.171920028541711289e+00,3.234285933354255516e+00,2.873918337131550871e+00,-5.000000074505805969e-02,0.000000000000000000e+00
8.800000000000000711e+00,7.174331000133378211e+00,3.233624710116279832e+00,2.873918337131550871e+00,-5.000000074505805969e-02,0.000000000000000000e+00
8.849999999999999645e+00,7.176741971725045133e+00,3.232963486878304149e+00,2.873918337131550871e+00,-5.000000074505805969e-02,0.000000000000000000e+00
8.900000000000000355e+00,7.179152943316712054e+00,3.232302263640328466e+00,2.873918337131550871e+00,-5.000000074505805969e-02,0.000000000000000000e+00
8.950000000000001066e+00,7.181563914908378976e+00,3.231641040402352782e+00,2.873918337131550871e+00,-5.000000074505805969e-02,0.000000000000000000e+00
9.000000000000000000e+00,7.183974886500045898e+00,3.230979817164377099e+00,2.873918337131550871e+00,-5.000000074505805969e-02,0.000000000000000000e+00
9.050000000000000711e+00,7.186385858091712819e+00,3.230318593926401416e+00,2.873918337131550871e+00,-5.000000074505805969e-02,0.000000000000000000e+00
9.099999999999999645e+00,7.188796829683379741e+00,3.229657370688425733e+00,2.873918337131550871e+00,-5.000000074505805969e-02,0.000000000000000000e+00
9.150000000000000355e+00,7.191207801275046663e+00,3.228996147450450049e+00,2.873918337131550871e+00,-5.000000074505805969e-02,0.000000000000000000e+00
9.200000000000001066e+00,7.193618772866713584e+00,3.228334924212474366e+00,2.873918337131550871e+00,-5.000000074505805969e-02,0.000000000000000000e+00
9.250000000000000000e+00,7.196029744458380506e+00,3.227673700974498683e+00,2.873918337131550871e+00,-5.000000074505805969e-02,0.000000000000000000e+00
9.300000000000000711e+00,7.198440716050047428e+00,3.227012477736523000e+00,2.873918337131550871e+00,-5.000000074505805969e-02,0.000000000000000000e+00
9.349999999999999645e+00,7.200851687641714349e+00,3.226351254498547316e+00,2.873918337131550871e+00,-5.000000074505805969e-02,0.000000000000000000e+00
9.400000000000000355e+00,7.203262659233381271e+00,3.225690031260571633e+00,2.873918337131550871e+00,-5.000000074505805969e-02,0.000000000000000000e+00
9.450000000000001066e+00,7.205673630825048193e+00,3.225028808022595950e+00,2.873918337131550871e+00,-5.000000074505805969e-02,0.000000000000000000e+00
9.500000000000000000e+00,7.208084602416715114e+00,3.224367584784620266e+00,2.873918337131550871e+00,-5.000000074505805969e-02,0.000000000000000000e+00
9.550000000000000711e+00,7.210495574008382036e+00,3.223706361546644583e+00,2.873918337131550871e+00,-5.000000074505805969e-02,0.000000000000000000e+00
9.600000000000001421e+00,7.212906545600048958e+00,3.223045138308668900e+00,2.873918337131550871e+00,-5.000000074505805969e-02,0.000000000000000000e+00
9.650000000000000355e+00,7.215317517191715879e+00,3.222383915070693217e+00,2.873918337131550871e+00,-5.000000074505805969e-02,0.000000000000000000e+00
9.700000000000001066e+00,7.217728488783382801e+00,3.221722691832717533e+00,2.873918337131550871e+00,-5.000000074505805969e-02,0.000000000000000000e+00
9.750000000000000000e+00,7.220139460375049723e+00,3.221061468594741850e+00,2.873918337131550871e+00,-5.000000074505805969e-02,0.000000000000000000e+00
9.800000000000000711e+00,7.222550431966716644e+00,3.220400245356766167e+00,2.873918337131550871e+00,-5.000000074505805969e-02,0.000000000000000000e+00
9.850000000000001421e+00,7.224961403558383566e+00,3.219739022118790484e+00,2.873918337131550871e+00,-5.000000074505805969e-02,0.000000000000000000e+00
9.900000000000000355e+00,7.227372375150050487e+00,3.219077798880814800e+00,2.873918337131550871e+00,-5.000000074505805969e-02,0.000000000000000000e+00
9.950000000000001066e+00,7.229783346741717409e+00,3.218416575642839117e+00,2.873918337131550871e+00,-5.000000074505805969e-02,0.000000000000000000e+00
1.000000000000000000e+01,7.232194318333384331e+00,3.217755352404863434e+00,2.873918337131550871e+00,-5.000000074505805969e-02,0.000000000000000000e+00
1.005000000000000071e+01,7.234605289925051252e+00,3.217094129166887750e+00,2.873918337131550871e+00,-5.000000074505805969e-02,0.000000000000000000e+00
1.010000000000000142e+01,7.237016261516718174e+00,3.216432905928912067e+00,2.873918337131550871e+00,-5.000000074505805969e-02,0.000000000000000000e+00
1.015000000000000036e+01,7.239427233108385096e+00,3.215771682690936384e+00,2.873918337131550871e+00,-5.000000074505805969e-02,0.000000000000000000e+00
1.020000000000000107e+01,7.241838204700052017e+00,3.215110459452960701e+00,2.873918337131550871e+00,-5.000000074505805969e-02,0.000000000000000000e+00
1.025000000000000000e+01,7.244249176291718939e+00,3.214449236214985017e+00,2.873918337131550871e+00,-5.000000074505805969e-02,0.000000000000000000e+00
1.030000000000000071e+01,7.246660147883385861e+00,3.213788012977009334e+00,2.873918337131550871e+00,-5.000000074505805969e-02,0.000000000000000000e+00
1.035000000000000142e+01,7.249071119475052782e+00,3.213126789739033651e+00,2.873918337131550871e+00,-5.000000074505805969e-02,0.000000000000000000e+00
1.040000000000000036e+01,7.251482091066719704e+00,3.212465566501057967e+00,2.873918337131550871e+00,-5.000000074505805969e-02,0.000000000000000000e+00
1.045000000000000107e+01,7.253893062658386626e+00,3.211804343263082284e+00,2.873918337131550871e+00,-5.000000074505805969e-02,0.000000000000000000e+00
1.050000000000000000e+01,7.256304034250053547e+00,3.211143120025106601e+00,2.873918337131550871e+00,-5.000000074505805969e-02,0.000000000000000000e+00
1.055000000000000071e+01,7.258715005841720469e+00,3.210481896787130918e+00,2.873918337131550871e+00,-5.000000074505805969e-02,0.000000000000000000e+00
1.060000000000000142e+01,7.261125977433387391e+00,3.209820673549155234e+00,2.873918337131550871e+00,-5.000000074505805969e-02,0.000000000000000000e+00
1.065000000000000036e+01,7.263536949025054312e+00,3.209159450311179551e+00,2.873918337131550871e+00,-5.000000074505805969e-02,0.000000000000000000e+00
1.070000000000000107e+01,7.265947920616721234e+00,3.208498227073203868e+00,2.873918337131550871e+00,-5.000000074505805969e-02,0.000000000000000000e+00
1.075000000000000000e+01,7.268358892208388156e+00,3.207837003835228185e+00,2.873918337131550871e+00,-5.000000074505805969e-02,0.000000000000000000e+00
1.080000000000000071e+01,7.270769863800055077e+00,3.207175780597252501e+00,2.873918337131550871e+00,-5.000000074505805969e-02,0.000000000000000000e+00
1.085000000000000142e+01,7.273180835391721999e+00,3.206514557359276818e+00,2.873918337131550871e+00,-5.000000074505805969e-02,0.000000000000000000e+00
1.090000000000000036e+01,7.275591806983388921e+00,3.205853334121301135e+00,2.873918337131550871e+00,-5.000000074505805969e-02,0.000000000000000000e+00
1.095000000000000107e+01,7.278002778575055842e+00,3.205192110883325451e+00,2.873918337131550871e+00,-5.000000074505805969e-02,0.000000000000000000e+00
1.100000000000000000e+01,7.280413750166722764e+00,3.204530887645349768e+00,2.873918337131550871e+00,-5.000000074505805969e-02,0.000000000000000000e+00
1.105000000000000071e+01,7.282824721758389686e+00,3.203869664407374085e+00,2.873918337131550871e+00,-5.000000074505805969e-02,0.000000000000000000e+00
1.110000000000000142e+01,7.285235693350056607e+00,3.203208441169398402e+00,2.873918337131550871e+00,-5.000000074505805969e-02,0.000000000000000000e+00
1.115000000000000036e+01,7.287646664941723529e+00,3.202547217931422718e+00,2.873918337131550871e+00,-5.000000074505805969e-02,0.000000000000000000e+00
1.120000000000000107e+01,7.290057636533390450e+00,3.201885994693447035e+00,2.873918337131550871e+00,-5.000000074505805969e-02,0.000000000000000000e+00
1.125000000000000000e+01,7.292468608125057372e+00,3.201224771455471352e+00,2.873918337131550871e+00,-5.000000074505805969e-02,0.000000000000000000e+00
1.130000000000000071e+01,7.294879579716724294e+00,3.200563548217495669e+00,2.873918337131550871e+00,-5.000000074505805969e-02,0.000000000000000000e+00
1.135000000000000142e+01,7.297290551308391215e+00,3.199902324979519985e+00,2.873918337131550871e+00,-5.000000074505805969e-02,0.000000000000000000e+00
1.140000000000000036e+01,7.299701522900058137e+00,3.199241101741544302e+00,2.873918337131550871e+00,-5.000000074505805969e-02,0.000000000000000000e+00
1.145000000000000107e+01,7.302112494491725059e+00,3.198579878503568619e+00,2.873918337131550871e+00,-5.000000074505805969e-02,0.000000000000000000e+00
1.150000000000000000e+01,7.304523466083391980e+00,3.197918655265592935e+00,2.873918337131550871e+00,-5.000000074505805969e-02,0.000000000000000000e+00
1.155000000000000071e+01,7.306934437675058902e+00,3.197257432027617252e+00,2.873918337131550871e+00,-5.000000074505805969e-02,0.000000000000000000e+00
1.160000000000000142e+01,7.309345409266725824e+00,3.196596208789641569e+00,2.873918337131550871e+00,-5.000000074505805969e-02,0.000000000000000000e+00
1.165000000000000036e+01,7.311756380858392745e+00,3.195934985551665886e+00,2.873918337131550871e+00,-5.000000074505805969e-02,0.000000000000000000e+00
1.170000000000000107e+01,7.314167352450059667e+00,3.195273762313690202e+00,2.873918337131550871e+00,-5.000000074505805969e-02,0.000000000000000000e+00
1.175000000000000000e+01,7.316578324041726589e+00,3.194612539075714519e+00,2.873918337131550871e+00,-5.000000074505805969e-02,0.000000000000000000e+00
1.180000000000000071e+01,7.318989295633393510e+00,3.193951315837738836e+00,2.873918337131550871e+00,-5.000000074505805969e-02,0.000000000000000000e+00
1.185000000000000142e+01,7.321400267225060432e+00,3.193290092599763152e+00,2.873918337131550871e+00,-5.000000074505805969e-02,0.000000000000000000e+00
1.190000000000000036e+01,7.323811238816727354e+00,3.192628869361787469e+00,2.873918337131550871e+00,-5.000000074505805969e-02,0.000000000000000000e+00
1.195000000000000107e+01,7.326222210408394275e+00,3.191967646123811786e+00,2.873918337131550871e+00,-5.000000074505805969e-02,0.000000000000000000e+00
1.200000000000000000e+01,7.328633182000061197e+00,3.191306422885836103e+00,2.873918337131550871e+00,-5.000000074505805969e-02,0.000000000000000000e+00
1.205000000000000071e+01,7.331044153591728119e+00,3.190645199647860419e+00,2.873918337131550871e+00,-5.000000074505805969e-02,0.000000000000000000e+00
1.210000000000000142e+01,7.333455125183395040e+00,3.189983976409884736e+00,2.873918337131550871e+00,-5.000000074505805969e-02,0.000000000000000000e+00
1.215000000000000036e+01,7.335866096775061962e+00,3.189322753171909053e+00,2.873918337131550871e+00,-5.000000074505805969e-02,0.000000000000000000e+00
1.220000000000000107e+01,7.338277068366728884e+00,3.188661529933933370e+00,2.873918337131550871e+00,-5.000000074505805969e-02,0.000000000000000000e+00
1.225000000000000000e+01,7.340688039958395805e+00,3.188000306695957686e+00,2.873918337131550871e+00,-5.000000074505805969e-02,0.000000000000000000e+00
1.230000000000000071e+01,7.343099011550062727e+00,3.187339083457982003e+00,2.873918337131550871e+00,-5.000000074505805969e-02,0.000000000000000000e+00
1.235000000000000142e+01,7.345509983141729649e+00,3.186677860220006320e+00,2.873918337131550871e+00,-5.000000074505805969e-02,0.000000000000000000e+00
1.240000000000000036e+01,7.347920954733396570e+00,3.186016636982030636e+00,2.873918337131550871e+00,-5.000000074505805969e-02,0.000000000000000000e+00
1.245000000000000107e+01,7.350331926325063492e+00,3.185355413744054953e+00,2.873918337131550871e+00,-5.000000074505805969e-02,0.000000000000000000e+00
1.250000000000000000e+01,7.352742897916730413e+00,3.184694190506079270e+00,2.873918337131550871e+00,-5.000000074505805969e-02,0.000000000000000000e+00
1.255000000000000071e+01,7.355153869508397335e+00,3.184032967268103587e+00,2.873918337131550871e+00,-5.000000074505805969e-02,0.000000000000000000e+00
1.260000000000000142e+01,7.357564841100064257e+00,3.183371744030127903e+00,2.873918337131550871e+00,-5.000000074505805969e-02,0.000000000000000000e+00
1.265000000000000036e+01,7.359975812691731178e+00,3.182710520792152220e+00,2.873918337131550871e+00,-5.000000074505805969e-02,0.000000000000000000e+00
1.270000000000000107e+01,7.362386784283398100e+00,3.182049297554176537e+00,2.873918337131550871e+00,-5.000000074505805969e-02,0.000000000000000000e+00
1.275000000000000000e+01,7.364797755875065022e+00,3.181388074316200854e+00,2.873918337131550871e+00,-5.000000074505805969e-02,0.000000000000000000e+00
1.280000000000000071e+01,7.367208727466731943e+00,3.180726851078225170e+00,2.873918337131550871e+00,-5.000000074505805969e-02,0.000000000000000000e+00
1.285000000000000142e+01,7.369619699058398865e+00,3.180065627840249487e+00,2.873918337131550871e+00,-5.000000074505805969e-02,0.000000000000000000e+00
1.290000000000000036e+01,7.372030670650065787e+00,3.179404404602273804e+00,2.873918337131550871e+00,-5.000000074505805969e-02,0.000000000000000000e+00
1.295000000000000107e+01,7.374441642241732708e+00,3.178743181364298120e+00,2.873918337131550871e+00,-5.000000074505805969e-02,0.000000000000000000e+00
1.300000000000000000e+01,7.376852613833399630e+00,3.178081958126322437e+00,2.873918337131550871e+00,-5.000000074505805969e-02,0.000000000000000000e+00
1.305000000000000071e+01,7.379263585425066552e+00,3.177420734888346754e+00,2.873918337131550871e+00,-5.000000074505805969e-02,0.000000000000000000e+00
1.310000000000000142e+01,7.381674557016733473e+00,3.176759511650371071e+00,2.873918337131550871e+00,-5.000000074505805969e-02,0.000000000000000000e+00
1.315000000000000036e+01,7.384085528608400395e+00,3.176098288412395387e+00,2.873918337131550871e+00,-5.000000074505805969e-02,0.000000000000000000e+00
1.320000000000000107e+01,7.386496500200067317e+00,3.175437065174419704e+00,2.873918337131550871e+00,-5.000000074505805969e-02,0.000000000000000000e+00
1.325000000000000000e+01,7.388907471791734238e+00,3.174775841936444021e+00,2.873918337131550871e+00,-5.000000074505805969e-02,0.000000000000000000e+00
1.330000000000000071e+01,7.391318443383401160e+00,3.174114618698468337e+00,2.873918337131550871e+00,-5.000000074505805969e-02,0.000000000000000000e+00
1.335000000000000142e+01,7.393729414975068082e+00,3.173453395460492654e+00,2.873918337131550871e+00,-5.000000074505805969e-02,0.000000000000000000e+00
1.340000000000000036e+01,7.396140386566735003e+00,3.172792172222516971e+00,2.873918337131550871e+00,-5.000000074505805969e-02,0.000000000000000000e+00
1.345000000000000107e+01,7.398551358158401925e+00,3.172130948984541288e+00,2.873918337131550871e+00,-5.000000074505805969e-02,0.000000000000000000e+00
1.350000000000000000e+01,7.400962329750068847e+00,3.171469725746565604e+00,2.873918337131550871e+00,-5.000000074505805969e-02,0.000000000000000000e+00
1.355000000000000071e+01,7.403373301341735768e+00,3.170808502508589921e+00,2.873918337131550871e+00,-5.000000074505805969e-02,0.000000000000000000e+00
1.360000000000000142e+01,7.405784272933402690e+00,3.170147279270614238e+00,2.873918337131550871e+00,-5.000000074505805969e-02,0.000000000000000000e+00
1.365000000000000036e+01,7.408195244525069612e+00,3.169486056032638555e+00,2.873918337131550871e+00,-5.000000074505805969e-02,0.000000000000000000e+00
1.370000000000000107e+01,7.410606216116736533e+00,3.168824832794662871e+00,2.873918337131550871e+00,-5.000000074505805969e-02,0.000000000000000000e+00
1.375000000000000000e+01,7.413017187708403455e+00,3.168163609556687188e+00,2.873918337131550871e+00,-5.000000074505805969e-02,0.000000000000000000e+00
1.380000000000000071e+01,7.415428159300070377e+00,3.167502386318711505e+00,2.873918337131550871e+00,-5.000000074505805969e-02,0.000000000000000000e+00
1.385000000000000142e+01,7.417839130891737298e+00,3.166841163080735821e+00,2.873918337131550871e+00,-5.000000074505805969e-02,0.000000000000000000e+00
1.390000000000000036e+01,7.420250102483404220e+00,3.166179939842760138e+00,2.873918337131550871e+00,-5.000000074505805969e-02,0.000000000000000000e+00
1.395000000000000107e+01,7.422661074075071141e+00,3.165518716604784455e+00,2.873918337131550871e+00,-5.000000074505805969e-02,0.000000000000000000e+00
1.400000000000000000e+01,7.425072045666738063e+00,3.164857493366808772e+00,2.873918337131550871e+00,-5.000000074505805969e-02,0.000000000000000000e+00
1.405000000000000071e+01,7.427483017258404985e+00,3.164196270128833088e+00,2.873918337131550871e+00,-5.000000074505805969e-02,0.000000000000000000e+00
1.410000000000000142e+01,7.429893988850071906e+00,3.163535046890857405e+00,2.873918337131550871e+00,-5.000000074505805969e-02,0.000000000000000000e+00
1.415000000000000036e+01,7.432304960441738828e+00,3.162873823652881722e+00,2.873918337131550871e+00,-5.000000074505805969e-02,0.000000000000000000e+00
1.420000000000000107e+01,7.434715932033405750e+00,3.162212600414906039e+00,2.873918337131550871e+00,-5.000000074505805969e-02,0.000000000000000000e+00
1.425000000000000000e+01,7.437126903625072671e+00,3.161551377176930355e+00,2.873918337131550871e+00,-5.000000074505805969e-02,0.000000000000000000e+00
1.430000000000000071e+01,7.439537875216739593e+00,3.160890153938954672e+00,2.873918337131550871e+00,-5.000000074505805969e-02,0.000000000000000000e+00
1.435000000000000142e+01,7.441948846808406515e+00,3.160228930700978989e+00,2.873918337131550871e+00,-5.000000074505805969e-02,0.000000000000000000e+00
1.440000000000000036e+01,7.444359818400073436e+00,3.159567707463003305e+00,2.873918337131550871e+00,-5.000000074505805969e-02,0.000000000000000000e+00
1.445000000000000107e+01,7.446770789991740358e+00,3.158906484225027622e+00,2.873918337131550871e+00,-5.000000074505805969e-02,0.000000000000000000e+00
1.450000000000000000e+01,7.449181761583407280e+00,3.158245260987051939e+00,2.873918337131550871e+00,-5.000000074505805969e-02,0.000000000000000000e+00
1.455000000000000071e+01,7.451592733175074201e+00,3.157584037749076256e+00,2.873918337131550871e+00,-5.000000074505805969e-02,0.000000000000000000e+00
1.460000000000000142e+01,7.454003704766741123e+00,3.156922814511100572e+00,2.873918337131550871e+00,-5.000000074505805969e-02,0.000000000000000000e+00
1.465000000000000036e+01,7.456414676358408045e+00,3.156261591273124889e+00,2.873918337131550871e+00,-5.000000074505805969e-02,0.000000000000000000e+00
1.470000000000000107e+01,7.458825647950074966e+00,3.155600368035149206e+00,2.873918337131550871e+00,-5.000000074505805969e-02,0.000000000000000000e+00
1.475000000000000000e+01,7.461236619541741888e+00,3.154939144797173523e+00,2.873918337131550871e+00,-5.000000074505805969e-02,0.000000000000000000e+00
1.480000000000000071e+01,7.463647591133408810e+00,3.154277921559197839e+00,2.873918337131550871e+00,-5.000000074505805969e-02,0.000000000000000000e+00
1.485000000000000142e+01,7.466058562725075731e+00,3.153616698321222156e+00,2.873918337131550871e+00,-5.000000074505805969e-02,0.000000000000000000e+00
1.490000000000000036e+01,7.468469534316742653e+00,3.152955475083246473e+00,2.873918337131550871e+00,-5.000000074505805969e-02,0.000000000000000000e+00
1.495000000000000107e+01,7.470880505908409575e+00,3.152294251845270789e+00,2.873918337131550871e+00,-5.000000074505805969e-02,0.000000000000000000e+00
1.500000000000000000e+01,7.473291477500076496e+00,3.151633028607295106e+00,2.873918337131550871e+00,-5.000000074505805969e-02,0.000000000000000000e+00
1.505000000000000071e+01,7.475702449091743418e+00,3.150971805369319423e+00,2.873918337131550871e+00,-5.000000074505805969e-02,0.000000000000000000e+00
1.510000000000000142e+01,7.478113420683410340e+00,3.150310582131343740e+00,2.873918337131550871e+00,-5.000000074505805969e-02,0.000000000000000000e+00
1.515000000000000036e+01,7.480524392275077261e+00,3.149649358893368056e+00,2.873918337131550871e+00,-5.000000074505805969e-02,0.000000000000000000e+00
1.520000000000000107e+01,7.482935363866744183e+00,3.148988135655392373e+00,2.873918337131550871e+00,-5.000000074505805969e-02,0.000000000000000000e+00
1.525000000000000000e+01,7.485346335458411104e+00,3.148326912417416690e+00,2.873918337131550871e+00,-5.000000074505805969e-02,0.000000000000000000e+00
1.530000000000000071e+01,7.487757307050078026e+00,3.147665689179441006e+00,2.873918337131550871e+00,-5.000000074505805969e-02,0.000000000000000000e+00
1.535000000000000142e+01,7.490168278641744948e+00,3.147004465941465323e+00,2.873918337131550871e+00,-5.000000074505805969e-02,0.000000000000000000e+00
1.540000000000000036e+01,7.492579250233411869e+00,3.146343242703489640e+00,2.873918337131550871e+00,-5.000000074505805969e-02,0.000000000000000000e+00
1.545000000000000107e+01,7.494990221825078791e+00,3.145682019465513957e+00,2.873918337131550871e+00,-5.000000074505805969e-02,0.000000000000000000e+00
1.550000000000000000e+01,7.497401193416745713e+00,3.145020796227538273e+00,2.873918337131550871e+00,-5.000000074505805969e-02,0.000000000000000000e+00
1.555000000000000071e+01,7.499812165008412634e+00,3.144359572989562590e+00,2.873918337131550871e+00,-5.000000074505805969e-02,0.000000000000000000e+00
1.560000000000000142e+01,7.502223136600079556e+00,3.143698349751586907e+00,2.873918337131550871e+00,-5.000000074505805969e-02,0.000000000000000000e+00
1.565000000000000036e+01,7.504634108191746478e+00,3.143037126513611224e+00,2.873918337131550871e+00,-5.000000074505805969e-02,0.000000000000000000e+00
1.570000000000000107e+01,7.507045079783413399e+00,3.142375903275635540e+00,2.873918337131550871e+00,-5.000000074505805969e-02,0.000000000000000000e+00
1.575000000000000000e+01,7.509456051375080321e+00,3.141714680037659857e+00,2.873918337131550871e+00,-5.000000074505805969e-02,0.000000000000000000e+00
1.580000000000000071e+01,7.511867022966747243e+00,3.141053456799684174e+00,2.873918337131550871e+00,-5.000000074505805969e-02,0.000000000000000000e+00
1.585000000000000142e+01,7.514277994558414164e+00,3.140392233561708490e+00,2.873918337131550871e+00,-5.000000074505805969e-02,0.000000000000000000e+00
1.590000000000000036e+01,7.516688966150081086e+00,3.139731010323732807e+00,2.873918337131550871e+00,-5.000000074505805969e-02,0.000000000000000000e+00
1.595000000000000107e+01,7.519099937741748008e+00,3.139069787085757124e+00,2.873918337131550871e+00,-5.000000074505805969e-02,0.000000000000000000e+00
1.600000000000000000e+01,7.521510909333414929e+00,3.138408563847781441e+00,2.873918337131550871e+00,-5.000000074505805969e-02,0.000000000000000000e+00
1.605000000000000071e+01,7.523921880925081851e+00,3.137747340609805757e+00,2.873918337131550871e+00,-5.000000074505805969e-02,0.000000000000000000e+00
1.610000000000000142e+01,7.526332852516748773e+00,3.137086117371830074e+00,2.873918337131550871e+00,-5.000000074505805969e-02,0.000000000000000000e+00
1.615000000000000213e+01,7.528743824108415694e+00,3.136424894133854391e+00,2.873918337131550871e+00,-5.000000074505805969e-02,0.000000000000000000e+00
1.619999999999999929e+01,7.531154795700082616e+00,3.135763670895878708e+00,2.873918337131550871e+00,-5.000000074505805969e-02,0.000000000000000000e+00
1.625000000000000000e+01,7.533565767291749538e+00,3.135102447657903024e+00,2.873918337131550871e+00,-5.000000074505805969e-02,0.000000000000000000e+00
1.630000000000000071e+01,7.535976738883416459e+00,3.134441224419927341e+00,2.873918337131550871e+00,-5.000000074505805969e-02,0.000000000000000000e+00
1.635000000000000142e+01,7.538387710475083381e+00,3.133780001181951658e+00,2.873918337131550871e+00,-5.000000074505805969e-02,0.000000000000000000e+00
1.640000000000000213e+01,7.540798682066750303e+00,3.133118777943975974e+00,2.873918337131550871e+00,-5.000000074505805969e-02,0.000000000000000000e+00
1.644999999999999929e+01,7.543209653658417224e+00,3.132457554706000291e+00,2.873918337131550871e+00,-5.000000074505805969e-02,0.000000000000000000e+00
1.650000000000000000e+01,7.545620625250084146e+00,3.131796331468024608e+00,2.873918337131550871e+00,-5.000000074505805969e-02,0.000000000000000000e+00
1.655000000000000071e+01,7.548031596841751067e+00,3.131135108230048925e+00,2.873918337131550871e+00,-5.000000074505805969e-02,0.000000000000000000e+00
1.660000000000000142e+01,7.550442568433417989e+00,3.130473884992073241e+00,2.873918337131550871e+00,-5.000000074505805969e-02,0.000000000000000000e+00
1.665000000000000213e+01,7.552853540025084911e+00,3.129812661754097558e+00,2.873918337131550871e+00,-5.000000074505805969e-02,0.000000000000000000e+00
1.669999999999999929e+01,7.555264511616751832e+00,3.129151438516121875e+00,2.873918337131550871e+00,-5.000000074505805969e-02,0.000000000000000000e+00
1.675000000000000000e+01,7.557675483208418754e+00,3.128490215278146191e+00,2.873918337131550871e+00,-5.000000074505805969e-02,0.000000000000000000e+00
1.680000000000000071e+01,7.560086454800085676e+00,3.127828992040170508e+00,2.873918337131550871e+00,-5.000000074505805969e-02,0.000000000000000000e+00
1.685000000000000142e+01,7.562497426391752597e+00,3.127167768802194825e+00,2.873918337131550871e+00,-5.000000074505805969e-02,0.000000000000000000e+00
1.690000000000000213e+01,7.564908397983419519e+00,3.126506545564219142e+00,2.873918337131550871e+00,-5.000000074505805969e-02,0.000000000000000000e+00
1.694999999999999929e+01,7.567319369575086441e+00,3.125845322326243458e+00,2.873918337131550871e+00,-5.000000074505805969e-02,0.000000000000000000e+00
1.700000000000000000e+01,7.569730341166753362e+00,3.125184099088267775e+00,2.873918337131550871e+00,-5.000000074505805969e-02,0.000000000000000000e+00
1.705000000000000071e+01,7.572141312758420284e+00,3.124522875850292092e+00,2.873918337131550871e+00,-5.000000074505805969e-02,0.000000000000000000e+00
1.710000000000000142e+01,7.574552284350087206e+00,3.123861652612316409e+00,2.873918337131550871e+00,-5.000000074505805969e-02,0.000000000000000000e+00
1.715000000000000213e+01,7.576963255941754127e+00,3.123200429374340725e+00,2.873918337131550871e+00,-5.000000074505805969e-02,0.000000000000000000e+00
1.719999999999999929e+01,7.579374227533421049e+00,3.122539206136365042e+00,2.873918337131550871e+00,-5.000000074505805969e-02,0.000000000000000000e+00
1.725000000000000000e+01,7.581785199125087971e+00,3.121877982898389359e+00,2.873918337131550871e+00,-5.000000074505805969e-02,0.000000000000000000e+00
1.730000000000000071e+01,7.584196170716754892e+00,3.121216759660413675e+00,2.873918337131550871e+00,-5.000000074505805969e-02,0.000000000000000000e+00
1.735000000000000142e+01,7.586607142308421814e+00,3.120555536422437992e+00,2.873918337131550871e+00,-5.000000074505805969e-02,0.000000000000000000e+00
1.740000000000000213e+01,7.589018113900088736e+00,3.119894313184462309e+00,2.873918337131550871e+00,-5.000000074505805969e-02,0.000000000000000000e+00
1.744999999999999929e+01,7.591429085491755657e+00,3.119233089946486626e+00,2.873918337131550871e+00,-5.000000074505805969e-02,0.000000000000000000e+00
1.750000000000000000e+01,7.593840057083422579e+00,3.118571866708510942e+00,2.873918337131550871e+00,-5.000000074505805969e-02,0.000000000000000000e+00
1.755000000000000071e+01,7.596251028675089501e+00,3.117910643470535259e+00,2.873918337131550871e+00,-5.000000074505805969e-02,0.000000000000000000e+00
1.760000000000000142e+01,7.598662000266756422e+00,3.117249420232559576e+00,2.873918337131550871e+00,-5.000000074505805969e-02,0.000000000000000000e+00
1.765000000000000213e+01,7.601072971858423344e+00,3.116588196994583893e+00,2.873918337131550871e+00,-5.000000074505805969e-02,0.000000000000000000e+00
1.769999999999999929e+01,7.603483943450090266e+00,3.115926973756608209e+00,2.873918337131550871e+00,-5.000000074505805969e-02,0.000000000000000000e+00
1.775000000000000000e+01,7.605894915041757187e+00,3.115265750518632526e+00,2.873918337131550871e+00,-5.000000074505805969e-02,0.000000000000000000e+00
1.780000000000000071e+01,7.608305886633424109e+00,3.114604527280656843e+00,2.873918337131550871e+00,-5.000000074505805969e-02,0.000000000000000000e+00
1.785000000000000142e+01,7.610716858225091030e+00,3.113943304042681159e+00,2.873918337131550871e+00,-5.000000074505805969e-02,0.000000000000000000e+00
1.790000000000000213e+01,7.613127829816757952e+00,3.113282080804705476e+00,2.873918337131550871e+00,-5.000000074505805969e-02,0.000000000000000000e+00
1.794999999999999929e+01,7.615538801408424874e+00,3.112620857566729793e+00,2.873918337131550871e+00,-5.000000074505805969e-02,0.000000000000000000e+00
1.800000000000000000e+01,7.617949773000091795e+00,3.111959634328754110e+00,2.873918337131550871e+00,-5.000000074505805969e-02,0.000000000000000000e+00
1.805000000000000071e+01,7.620360744591758717e+00,3.111298411090778426e+00,2.873918337131550871e+00,-5.000000074505805969e-02,0.000000000000000000e+00
1.810000000000000142e+01,7.622771716183425639e+00,3.110637187852802743e+00,2.873918337131550871e+00,-5.000000074505805969e-02,0.000000000000000000e+00
1.815000000000000213e+01,7.625182687775092560e+00,3.109975964614827060e+00,2.873918337131550871e+00,-5.000000074505805969e-02,0.000000000000000000e+00
1.819999999999999929e+01,7.627593659366759482e+00,3.109314741376851376e+00,2.873918337131550871e+00,-5.000000074505805969e-02,0.000000000000000000e+00
1.825000000000000000e+01,7.630004630958426404e+00,3.108653518138875693e+00,2.873918337131550871e+00,-5.000000074505805969e-02,0.000000000000000000e+00
1.830000000000000071e+01,7.632415602550093325e+00,3.107992294900900010e+00,2.873918337131550871e+00,-5.000000074505805969e-02,0.000000000000000000e+00
1.835000000000000142e+01,7.634826574141760247e+00,3.107331071662924327e+00,2.873918337131550871e+00,-5.000000074505805969e-02,0.000000000000000000e+00
1.840000000000000213e+01,7.637237545733427169e+00,3.106669848424948643e+00,2.873918337131550871e+00,-5.000000074505805969e-02,0.000000000000000000e+00
1.844999999999999929e+01,7.639648517325094090e+00,3.106008625186972960e+00,2.873918337131550871e+00,-5.000000074505805969e-02,0.000000000000000000e+00
1.850000000000000000e+01,7.642059488916761012e+00,3.105347401948997277e+00,2.873918337131550871e+00,-5.000000074505805969e-02,0.000000000000000000e+00
1.855000000000000071e+01,7.644470460508427934e+00,3.104686178711021594e+00,2.873918337131550871e+00,-5.000000074505805969e-02,0.000000000000000000e+00
1.860000000000000142e+01,7.646881432100094855e+00,3.104024955473045910e+00,2.873918337131550871e+00,-5.000000074505805969e-02,0.000000000000000000e+00
1.865000000000000213e+01,7.649292403691761777e+00,3.103363732235070227e+00,2.873918337131550871e+00,-5.000000074505805969e-02,0.000000000000000000e+00
1.869999999999999929e+01,7.651703375283428699e+00,3.102702508997094544e+00,2.873918337131550871e+00,-5.000000074505805969e-02,0.000000000000000000e+00
1.875000000000000000e+01,7.654114346875095620e+00,3.102041285759118860e+00,2.873918337131550871e+00,-5.000000074505805969e-02,0.000000000000000000e+00
1.880000000000000071e+01,7.656525318466762542e+00,3.101380062521143177e+00,2.873918337131550871e+00,-5.000000074505805969e-02,0.000000000000000000e+00
1.885000000000000142e+01,7.658936290058429464e+00,3.100718839283167494e+00,2.873918337131550871e+00,-5.000000074505805969e-02,0.000000000000000000e+00
1.890000000000000213e+01,7.661347261650096385e+00,3.100057616045191811e+00,2.873918337131550871e+00,-5.000000074505805969e-02,0.000000000000000000e+00
1.894999999999999929e+01,7.663758233241763307e+00,3.099396392807216127e+00,2.873918337131550871e+00,-5.000000074505805969e-02,0.000000000000000000e+00
1.900000000000000000e+01,7.666169204833430229e+00,3.098735169569240444e+00,2.873918337131550871e+00,-5.000000074505805969e-02,0.000000000000000000e+00
1.905000000000000071e+01,7.668580176425097150e+00,3.098073946331264761e+00,2.873918337131550871e+00,-5.000000074505805969e-02,0.000000000000000000e+00
1.910000000000000142e+01,7.670991148016764072e+00,3.097412723093289078e+00,2.873918337131550871e+00,-5.000000074505805969e-02,0.000000000000000000e+00
1.915000000000000213e+01,7.673402119608430993e+00,3.096751499855313394e+00,2.873918337131550871e+00,-5.000000074505805969e-02,0.000000000000000000e+00
1.920000000000000284e+01,7.675813091200097915e+00,3.096090276617337711e+00,2.873918337131550871e+00,-5.000000074505805969e-02,0.000000000000000000e+00
1.925000000000000000e+01,7.678224062791764837e+00,3.095429053379362028e+00,2.873918337131550871e+00,-5.000000074505805969e-02,0.000000000000000000e+00
1.930000000000000071e+01,7.680635034383431758e+00,3.094767830141386344e+00,2.873918337131550871e+00,-5.000000074505805969e-02,0.000000000000000000e+00
1.935000000000000142e+01,7.683046005975098680e+00,3.094106606903410661e+00,2.873918337131550871e+00,-5.000000074505805969e-02,0.000000000000000000e+00
1.940000000000000213e+01,7.685456977566765602e+00,3.093445383665434978e+00,2.873918337131550871e+00,-5.000000074505805969e-02,0.000000000000000000e+00
1.945000000000000284e+01,7.687867949158432523e+00,3.092784160427459295e+00,2.873918337131550871e+00,-5.000000074505805969e-02,0.000000000000000000e+00
1.950000000000000000e+01,7.690278920750099445e+00,3.092122937189483611e+00,2.873918337131550871e+00,-5.000000074505805969e-02,0.000000000000000000e+00
1.955000000000000071e+01,7.692689892341766367e+00,3.091461713951507928e+00,2.873918337131550871e+00,-5.000000074505805969e-02,0.000000000000000000e+00
1.960000000000000142e+01,7.695100863933433288e+00,3.090800490713532245e+00,2.873918337131550871e+00,-5.000000074505805969e-02,0.000000000000000000e+00
1.965000000000000213e+01,7.697511835525100210e+00,3.090139267475556561e+00,2.873918337131550871e+00,-5.000000074505805969e-02,0.000000000000000000e+00
1.970000000000000284e+01,7.699922807116767132e+00,3.089478044237580878e+00,2.873918337131550871e+00,-5.000000074505805969e-02,0.000000000000000000e+00
1.975000000000000000e+01,7.702333778708434053e+00,3.088816820999605195e+00,2.873918337131550871e+00,-5.000000074505805969e-02,0.000000000000000000e+00
1.980000000000000071e+01,7.704744750300100975e+00,3.088155597761629512e+00,2.873918337131550871e+00,-5.000000074505805969e-02,0.000000000000000000e+00
1.985000000000000142e+01,7.707155721891767897e+00,3.087494374523653828e+00,2.873918337131550871e+00,-5.000000074505805969e-02,0.000000000000000000e+00
1.990000000000000213e+01,7.709566693483434818e+00,3.086833151285678145e+00,2.873918337131550871e+00,-5.000000074505805969e-02,0.000000000000000000e+00
1.995000000000000284e+01,7.711977665075101740e+00,3.086171928047702462e+00,2.873918337131550871e+00,-5.000000074505805969e-02,0.000000000000000000e+00
2.000000000000000000e+01,7.714388636666768662e+00,3.085510704809726779e+00,2.873918337131550871e+00,-5.000000074505805969e-02,0.000000000000000000e+00
2.005000000000000071e+01,7.716799608258435583e+00,3.084849481571751095e+00,2.873918337131550871e+00,-5.000000074505805969e-02,0.000000000000000000e+00
2.010000000000000142e+01,7.719210579850102505e+00,3.084188258333775412e+00,2.873918337131550871e+00,-5.000000074505805969e-02,0.000000000000000000e+00
2.015000000000000213e+01,7.721621551441769427e+00,3.083527035095799729e+00,2.873918337131550871e+00,-5.000000074505805969e-02,0.000000000000000000e+00
2.020000000000000284e+01,7.724032523033436348e+00,3.082865811857824045e+00,2.873918337131550871e+00,-5.000000074505805969e-02,0.000000000000000000e+00
2.025000000000000000e+01,7.726443494625103270e+00,3.082204588619848362e+00,2.873918337131550871e+00,-5.000000074505805969e-02,0.000000000000000000e+00
2.030000000000000071e+01,7.728854466216770192e+00,3.081543365381872679e+00,2.873918337131550871e+00,-5.000000074505805969e-02,0.000000000000000000e+00
2.035000000000000142e+01,7.731265437808437113e+00,3.080882142143896996e+00,2.873918337131550871e+00,-5.000000074505805969e-02,0.000000000000000000e+00
2.040000000000000213e+01,7.733676409400104035e+00,3.080220918905921312e+00,2.873918337131550871e+00,-5.000000074505805969e-02,0.000000000000000000e+00
2.045000000000000284e+01,7.736087380991770956e+00,3.079559695667945629e+00,2.873918337131550871e+00,-5.000000074505805969e-02,0.000000000000000000e+00
2.050000000000000000e+01,7.738498352583437878e+00,3.078898472429969946e+00,2.873918337131550871e+00,-5.000000074505805969e-02,0.000000000000000000e+00
2.055000000000000071e+01,7.740909324175104800e+00,3.078237249191994263e+00,2.873918337131550871e+00,-5.000000074505805969e-02,0.000000000000000000e+00
2.060000000000000142e+01,7.743320295766771721e+00,3.077576025954018579e+00,2.873918337131550871e+00,-5.000000074505805969e-02,0.000000000000000000e+00
2.065000000000000213e+01,7.745731267358438643e+00,3.076914802716042896e+00,2.873918337131550871e+00,-5.000000074505805969e-02,0.000000000000000000e+00
2.070000000000000284e+01,7.748142238950105565e+00,3.076253579478067213e+00,2.873918337131550871e+00,-5.000000074505805969e-02,0.000000000000000000e+00
2.075000000000000000e+01,7.750553210541772486e+00,3.075592356240091529e+00,2.873918337131550871e+00,-5.000000074505805969e-02,0.000000000000000000e+00
2.080000000000000071e+01,7.752964182133439408e+00,3.074931133002115846e+00,2.873918337131550871e+00,-5.000000074505805969e-02,0.000000000000000000e+00
2.085000000000000142e+01,7.755375153725106330e+00,3.074269909764140163e+00,2.873918337131550871e+00,-5.000000074505805969e-02,0.000000000000000000e+00
2.090000000000000213e+01,7.757786125316773251e+00,3.073608686526164480e+00,2.873918337131550871e+00,-5.000000074505805969e-02,0.000000000000000000e+00
2.095000000000000284e+01,7.760197096908440173e+00,3.072947463288188796e+00,2.873918337131550871e+00,-5.000000074505805969e-02,0.000000000000000000e+00
2.100000000000000000e+01,7.762608068500107095e+00,3.072286240050213113e+00,2.873918337131550871e+00,-5.000000074505805969e-02,0.000000000000000000e+00
2.105000000000000071e+01,7.765019040091774016e+00,3.071625016812237430e+00,2.873918337131550871e+00,-5.000000074505805969e-02,0.000000000000000000e+00
2.110000000000000142e+01,7.767430011683440938e+00,3.070963793574261746e+00,2.873918337131550871e+00,-5.000000074505805969e-02,0.000000000000000000e+00
2.115000000000000213e+01,7.769840983275107860e+00,3.070302570336286063e+00,2.873918337131550871e+00,-5.000000074505805969e-02,0.000000000000000000e+00
2.120000000000000284e+01,7.772251954866774781e+00,3.069641347098310380e+00,2.873918337131550871e+00,-5.000000074505805969e-02,0.000000000000000000e+00
2.125000000000000000e+01,7.774662926458441703e+00,3.068980123860334697e+00,2.873918337131550871e+00,-5.000000074505805969e-02,0.000000000000000000e+00
2.130000000000000071e+01,7.777073898050108625e+00,3.068318900622359013e+00,2.873918337131550871e+00,-5.000000074505805969e-02,0.000000000000000000e+00
2.135000000000000142e+01,7.779484869641775546e+00,3.067657677384383330e+00,2.873918337131550871e+00,-5.000000074505805969e-02,0.000000000000000000e+00
2.140000000000000213e+01,7.781895841233442468e+00,3.066996454146407647e+00,2.873918337131550871e+00,-5.000000074505805969e-02,0.000000000000000000e+00
2.145000000000000284e+01,7.784306812825109390e+00,3.066335230908431964e+00,2.873918337131550871e+00,-5.000000074505805969e-02,0.000000000000000000e+00
2.150000000000000000e+01,7.786717784416776311e+00,3.065674007670456280e+00,2.873918337131550871e+00,-5.000000074505805969e-02,0.000000000000000000e+00
2.155000000000000071e+01,7.789128756008443233e+00,3.065012784432480597e+00,2.873918337131550871e+00,-5.000000074505805969e-02,0.000000000000000000e+00
2.160000000000000142e+01,7.791539727600110155e+00,3.064351561194504914e+00,2.873918337131550871e+00,-5.000000074505805969e-02,0.000000000000000000e+00
2.165000000000000213e+01,7.793950699191777076e+00,3.063690337956529230e+00,2.873918337131550871e+00,-5.000000074505805969e-02,0.000000000000000000e+00
2.170000000000000284e+01,7.796361670783443998e+00,3.063029114718553547e+00,2.873918337131550871e+00,-5.000000074505805969e-02,0.000000000000000000e+00
2.175000000000000000e+01,7.798772642375110919e+00,3.062367891480577864e+00,2.873918337131550871e+00,-5.000000074505805969e-02,0.000000000000000000e+00
2.180000000000000071e+01,7.801183613966777841e+00,3.061706668242602181e+00,2.873918337131550871e+00,-5.000000074505805969e-02,0.000000000000000000e+00
2.185000000000000142e+01,7.803594585558444763e+00,3.061045445004626497e+00,2.873918337131550871e+00,-5.000000074505805969e-02,0.000000000000000000e+00
2.190000000000000213e+01,7.806005557150111684e+00,3.060384221766650814e+00,2.873918337131550871e+00,-5.000000074505805969e-02,0.000000000000000000e+00
2.195000000000000284e+01,7.808416528741778606e+00,3.059722998528675131e+00,2.873918337131550871e+00,-5.000000074505805969e-02,0.000000000000000000e+00
2.200000000000000000e+01,7.810827500333445528e+00,3.059061775290699448e+00,2.873918337131550871e+00,-5.000000074505805969e-02,0.000000000000000000e+00
2.205000000000000071e+01,7.813238471925112449e+00,3.058400552052723764e+00,2.873918337131550871e+00,-5.000000074505805969e-02,0.000000000000000000e+00
2.210000000000000142e+01,7.815649443516779371e+00,3.057739328814748081e+00,2.873918337131550871e+00,-5.000000074505805969e-02,0.000000000000000000e+00
2.215000000000000213e+01,7.818060415108446293e+00,3.057078105576772398e+00,2.873918337131550871e+00,-5.000000074505805969e-02,0.000000000000000000e+00
2.220000000000000284e+01,7.820471386700113214e+00,3.056416882338796714e+00,2.873918337131550871e+00,-5.000000074505805969e-02,0.000000000000000000e+00
2.225000000000000000e+01,7.822882358291780136e+00,3.055755659100821031e+00,2.873918337131550871e+00,-5.000000074505805969e-02,0.000000000000000000e+00
2.230000000000000071e+01,7.825293329883447058e+00,3.055094435862845348e+00,2.873918337131550871e+00,-5.000000074505805969e-02,0.000000000000000000e+00
2.235000000000000142e+01,7.827704301475113979e+00,3.054433212624869665e+00,2.873918337131550871e+00,-5.000000074505805969e-02,0.000000000000000000e+00
2.240000000000000213e+01,7.830115273066780901e+00,3.053771989386893981e+00,2.873918337131550871e+00,-5.000000074505805969e-02,0.000000000000000000e+00
2.245000000000000284e+01,7.832526244658447823e+00,3.053110766148918298e+00,2.873918337131550871e+00,-5.000000074505805969e-02,0.000000000000000000e+00
2.250000000000000000e+01,7.834937216250114744e+00,3.052449542910942615e+00,2.873918337131550871e+00,-5.000000074505805969e-02,0.000000000000000000e+00
2.255000000000000071e+01,7.837348187841781666e+00,3.051788319672966932e+00,2.873918337131550871e+00,-5.000000074505805969e-02,0.000000000000000000e+00
2.260000000000000142e+01,7.839759159433448588e+00,3.051127096434991248e+00,2.873918337131550871e+00,-5.000000074505805969e-02,0.000000000000000000e+00
2.265000000000000213e+01,7.842170131025115509e+00,3.050465873197015565e+00,2.873918337131550871e+00,-5.000000074505805969e-02,0.000000000000000000e+00
2.270000000000000284e+01,7.844581102616782431e+00,3.049804649959039882e+00,2.873918337131550871e+00,-5.000000074505805969e-02,0.000000000000000000e+00
2.275000000000000000e+01,7.846992074208449353e+00,3.049143426721064198e+00,2.873918337131550871e+00,-5.000000074505805969e-02,0.000000000000000000e+00
2.280000000000000071e+01,7.849403045800116274e+00,3.048482203483088515e+00,2.873918337131550871e+00,-5.000000074505805969e-02,0.000000000000000000e+00
2.285000000000000142e+01,7.851814017391783196e+00,3.047820980245112832e+00,2.873918337131550871e+00,-5.000000074505805969e-02,0.000000000000000000e+00
2.290000000000000213e+01,7.854224988983450118e+00,3.047159757007137149e+00,2.873918337131550871e+00,-5.000000074505805969e-02,0.000000000000000000e+00
2.295000000000000284e+01,7.856635960575117039e+00,3.046498533769161465e+00,2.873918337131550871e+00,-5.000000074505805969e-02,0.000000000000000000e+00
2.300000000000000000e+01,7.859046932166783961e+00,3.045837310531185782e+00,2.873918337131550871e+00,-5.000000074505805969e-02,0.000000000000000000e+00
2.305000000000000071e+01,7.861457903758450882e+00,3.045176087293210099e+00,2.873918337131550871e+00,-5.000000074505805969e-02,0.000000000000000000e+00
2.310000000000000142e+01,7.863868875350117804e+00,3.044514864055234415e+00,2.873918337131550871e+00,-5.000000074505805969e-02,0.000000000000000000e+00
2.315000000000000213e+01,7.866279846941784726e+00,3.043853640817258732e+00,2.873918337131550871e+00,-5.000000074505805969e-02,0.000000000000000000e+00
2.320000000000000284e+01,7.868690818533451647e+00,3.043192417579283049e+00,2.873918337131550871e+00,-5.000000074505805969e-02,0.000000000000000000e+00
2.325000000000000000e+01,7.871101790125118569e+00,3.042531194341307366e+00,2.873918337131550871e+00,-5.000000074505805969e-02,0.000000000000000000e+00
2.330000000000000071e+01,7.873512761716785491e+00,3.041869971103331682e+00,2.873918337131550871e+00,-5.000000074505805969e-02,0.000000000000000000e+00
2.335000000000000142e+01,7.875923733308452412e+00,3.041208747865355999e+00,2.873918337131550871e+00,-5.000000074505805969e-02,0.000000000000000000e+00
2.340000000000000213e+01,7.878334704900119334e+00,3.040547524627380316e+00,2.873918337131550871e+00,-5.000000074505805969e-02,0.000000000000000000e+00
2.345000000000000284e+01,7.880745676491786256e+00,3.039886301389404633e+00,2.873918337131550871e+00,-5.000000074505805969e-02,0.000000000000000000e+00
2.350000000000000000e+01,7.883156648083453177e+00,3.039225078151428949e+00,2.873918337131550871e+00,-5.000000074505805969e-02,0.000000000000000000e+00
2.355000000000000071e+01,7.885567619675120099e+00,3.038563854913453266e+00,2.873918337131550871e+00,-5.000000074505805969e-02,0.000000000000000000e+00
2.360000000000000142e+01,7.887978591266787021e+00,3.037902631675477583e+00,2.873918337131550871e+00,-5.000000074505805969e-02,0.000000000000000000e+00
2.365000000000000213e+01,7.890389562858453942e+00,3.037241408437501899e+00,2.873918337131550871e+00,-5.000000074505805969e-02,0.000000000000000000e+00
2.370000000000000284e+01,7.892800534450120864e+00,3.036580185199526216e+00,2.873918337131550871e+00,-5.000000074505805969e-02,0.000000000000000000e+00
2.375000000000000000e+01,7.895211506041787786e+00,3.035918961961550533e+00,2.873918337131550871e+00,-5.000000074505805969e-02,0.000000000000000000e+00
2.380000000000000071e+01,7.897622477633454707e+00,3.035257738723574850e+00,2.873918337131550871e+00,-5.000000074505805969e-02,0.000000000000000000e+00
2.385000000000000142e+01,7.900033449225121629e+00,3.034596515485599166e+00,2.873918337131550871e+00,-5.000000074505805969e-02,0.000000000000000000e+00
2.390000000000000213e+01,7.902444420816788551e+00,3.033935292247623483e+00,2.873918337131550871e+00,-5.000000074505805969e-02,0.000000000000000000e+00
2.395000000000000284e+01,7.904855392408455472e+00,3.033274069009647800e+00,2.873918337131550871e+00,-5.000000074505805969e-02,0.000000000000000000e+00
2.400000000000000000e+01,7.907266364000122394e+00,3.032612845771672117e+00,2.873918337131550871e+00,-5.000000074505805969e-02,0.000000000000000000e+00
2.405000000000000071e+01,7.909677335591789316e+00,3.031951622533696433e+00,2.873918337131550871e+00,-5.000000074505805969e-02,0.000000000000000000e+00
2.410000000000000142e+01,7.912088307183456237e+00,3.031290399295720750e+00,2.873918337131550871e+00,-5.000000074505805969e-02,0.000000000000000000e+00
2.415000000000000213e+01,7.914499278775123159e+00,3.030629176057745067e+00,2.873918337131550871e+00,-5.000000074505805969e-02,0.000000000000000000e+00
2.420000000000000284e+01,7.916910250366790081e+00,3.029967952819769383e+00,2.873918337131550871e+00,-5.000000074505805969e-02,0.000000000000000000e+00
2.425000000000000000e+01,7.919321221958457002e+00,3.029306729581793700e+00,2.873918337131550871e+00,-5.000000074505805969e-02,0.000000000000000000e+00
2.430000000000000071e+01,7.921732193550123924e+00,3.028645506343818017e+00,2.873918337131550871e+00,-5.000000074505805969e-02,0.000000000000000000e+00
2.435000000000000142e+01,7.924143165141790845e+00,3.027984283105842334e+00,2.873918337131550871e+00,-5.000000074505805969e-02,0.000000000000000000e+00
2.440000000000000213e+01,7.926554136733457767e+00,3.027323059867866650e+00,2.873918337131550871e+00,-5.000000074505805969e-02,0.000000000000000000e+00
2.445000000000000284e+01,7.928965108325124689e+00,3.026661836629890967e+00,2.873918337131550871e+00,-5.000000074505805969e-02,0.000000000000000000e+00
2.450000000000000000e+01,7.931376079916791610e+00,3.026000613391915284e+00,2.873918337131550871e+00,-5.000000074505805969e-02,0.000000000000000000e+00
2.455000000000000071e+01,7.933787051508458532e+00,3.025339390153939600e+00,2.873918337131550871e+00,-5.000000074505805969e-02,0.000000000000000000e+00
2.460000000000000142e+01,7.936198023100125454e+00,3.024678166915963917e+00,2.873918337131550871e+00,-5.000000074505805969e-02,0.000000000000000000e+00
2.465000000000000213e+01,7.938608994691792375e+00,3.024016943677988234e+00,2.873918337131550871e+00,-5.000000074505805969e-02,0.000000000000000000e+00
2.470000000000000284e+01,7.941019966283459297e+00,3.023355720440012551e+00,2.873918337131550871e+00,-5.000000074505805969e-02,0.000000000000000000e+00
2.475000000000000000e+01,7.943430937875126219e+00,3.022694497202036867e+00,2.873918337131550871e+00,-5.000000074505805969e-02,0.000000000000000000e+00
2.480000000000000071e+01,7.945841909466793140e+00,3.022033273964061184e+00,2.873918337131550871e+00,-5.000000074505805969e-02,0.000000000000000000e+00
2.485000000000000142e+01,7.948252881058460062e+00,3.021372050726085501e+00,2.873918337131550871e+00,-5.000000074505805969e-02,0.000000000000000000e+00
2.490000000000000213e+01,7.950663852650126984e+00,3.020710827488109818e+00,2.873918337131550871e+00,-5.000000074505805969e-02,0.000000000000000000e+00
2.495000000000000284e+01,7.953074824241793905e+00,3.020049604250134134e+00,2.873918337131550871e+00,-5.000000074505805969e-02,0.000000000000000000e+00
2.500000000000000000e+01,7.955485795833460827e+00,3.019388381012158451e+00,2.873918337131550871e+00,-5.000000074505805969e-02,0.000000000000000000e+00
2.505000000000000071e+01,7.957896767425127749e+00,3.018727157774182768e+00,2.873918337131550871e+00,-5.000000074505805969e-02,0.000000000000000000e+00
2.510000000000000142e+01,7.960307739016794670e+00,3.018065934536207084e+00,2.873918337131550871e+00,-5.000000074505805969e-02,0.000000000000000000e+00
2.515000000000000213e+01,7.962718710608461592e+00,3.017404711298231401e+00,2.873918337131550871e+00,-5.000000074505805969e-02,0.000000000000000000e+00
2.520000000000000284e+01,7.965129682200128514e+00,3.016743488060255718e+00,2.873918337131550871e+00,-5.000000074505805969e-02,0.000000000000000000e+00
2.525000000000000000e+01,7.967540653791795435e+00,3.016082264822280035e+00,2.873918337131550871e+00,-5.000000074505805969e-02,0.000000000000000000e+00
2.530000000000000071e+01,7.969951625383462357e+00,3.015421041584304351e+00,2.873918337131550871e+00,-5.000000074505805969e-02,0.000000000000000000e+00
2.535000000000000142e+01,7.972362596975129279e+00,3.014759818346328668e+00,2.873918337131550871e+00,-5.000000074505805969e-02,0.000000000000000000e+00
2.540000000000000213e+01,7.974773568566796200e+00,3.014098595108352985e+00,2.873918337131550871e+00,-5.000000074505805969e-02,0.000000000000000000e+00
2.545000000000000284e+01,7.977184540158463122e+00,3.013437371870377302e+00,2.873918337131550871e+00,-5.000000074505805969e-02,0.000000000000000000e+00
2.550000000000000000e+01,7.979595511750130044e+00,3.012776148632401618e+00,2.873918337131550871e+00,-5.000000074505805969e-02,0.000000000000000000e+00
2.555000000000000071e+01,7.982006483341796965e+00,3.012114925394425935e+00,2.873918337131550871e+00,-5.000000074505805969e-02,0.000000000000000000e+00
2.560000000000000142e+01,7.984417454933463887e+00,3.011453702156450252e+00,2.873918337131550871e+00,-5.000000074505805969e-02,0.000000000000000000e+00
2.565000000000000213e+01,7.986828426525130808e+00,3.010792478918474568e+00,2.873918337131550871e+00,-5.000000074505805969e-02,0.000000000000000000e+00
2.570000000000000284e+01,7.989239398116797730e+00,3.010131255680498885e+00,2.873918337131550871e+00,-5.000000074505805969e-02,0.000000000000000000e+00
2.575000000000000000e+01,7.991650369708464652e+00,3.009470032442523202e+00,2.873918337131550871e+00,-5.000000074505805969e-02,0.000000000000000000e+00
2.580000000000000071e+01,7.994061341300131573e+00,3.008808809204547519e+00,2.873918337131550871e+00,-5.000000074505805969e-02,0.000000000000000000e+00
2.585000000000000142e+01,7.996472312891798495e+00,3.008147585966571835e+00,2.873918337131550871e+00,-5.000000074505805969e-02,0.000000000000000000e+00
2.590000000000000213e+01,7.998883284483465417e+00,3.007486362728596152e+00,2.873918337131550871e+00,-5.000000074505805969e-02,0.000000000000000000e+00
2.595000000000000284e+01,8.001294256075132338e+00,3.006825139490620469e+00,2.873918337131550871e+00,-5.000000074505805969e-02,0.000000000000000000e+00
2.600000000000000000e+01,8.003705227666799260e+00,3.006163916252644785e+00,2.873918337131550871e+00,-5.000000074505805969e-02,0.000000000000000000e+00
2.605000000000000071e+01,8.006116199258466182e+00,3.005502693014669102e+00,2.873918337131550871e+00,-5.000000074505805969e-02,0.000000000000000000e+00
2.610000000000000142e+01,8.008527170850133103e+00,3.004841469776693419e+00,2.873918337131550871e+00,-5.000000074505805969e-02,0.000000000000000000e+00
2.615000000000000213e+01,8.010938142441800025e+00,3.004180246538717736e+00,2.873918337131550871e+00,-5.000000074505805969e-02,0.000000000000000000e+00
2.620000000000000284e+01,8.013349114033466947e+00,3.003519023300742052e+00,2.873918337131550871e+00,-5.000000074505805969e-02,0.000000000000000000e+00
2.625000000000000000e+01,8.015760085625133868e+00,3.002857800062766369e+00,2.873918337131550871e+00,-5.000000074505805969e-02,0.000000000000000000e+00
2.630000000000000071e+01,8.018171057216800790e+00,3.002196576824790686e+00,2.873918337131550871e+00,-5.000000074505805969e-02,0.000000000000000000e+00
2.635000000000000142e+01,8.020582028808467712e+00,3.001535353586815003e+00,2.873918337131550871e+00,-5.000000074505805969e-02,0.000000000000000000e+00
2.640000000000000213e+01,8.022993000400134633e+00,3.000874130348839319e+00,2.873918337131550871e+00,-5.000000074505805969e-02,0.000000000000000000e+00
2.645000000000000284e+01,8.025403971991801555e+00,3.000212907110863636e+00,2.873918337131550871e+00,-5.000000074505805969e-02,0.000000000000000000e+00
2.650000000000000000e+01,8.027814943583468477e+00,2.999551683872887953e+00,2.873918337131550871e+00,-5.000000074505805969e-02,0.000000000000000000e+00
2.655000000000000071e+01,8.030225915175135398e+00,2.998890460634912269e+00,2.873918337131550871e+00,-5.000000074505805969e-02,0.000000000000000000e+00
2.660000000000000142e+01,8.032636886766802320e+00,2.998229237396936586e+00,2.873918337131550871e+00,-5.000000074505805969e-02,0.000000000000000000e+00
2.665000000000000213e+01,8.035047858358469242e+00,2.997568014158960903e+00,2.873918337131550871e+00,-5.000000074505805969e-02,0.000000000000000000e+00
2.670000000000000284e+01,8.037458829950136163e+00,2.996906790920985220e+00,2.873918337131550871e+00,-5.000000074505805969e-02,0.000000000000000000e+00
2.675000000000000000e+01,8.039869801541803085e+00,2.996245567683009536e+00,2.873918337131550871e+00,-5.000000074505805969e-02,0.000000000000000000e+00
2.680000000000000071e+01,8.042280773133470007e+00,2.995584344445033853e+00,2.873918337131550871e+00,-5.000000074505805969e-02,0.000000000000000000e+00
2.685000000000000142e+01,8.044691744725136928e+00,2.994923121207058170e+00,2.873918337131550871e+00,-5.000000074505805969e-02,0.000000000000000000e+00
2.690000000000000213e+01,8.047102716316803850e+00,2.994261897969082487e+00,2.873918337131550871e+00,-5.000000074505805969e-02,0.000000000000000000e+00
2.695000000000000284e+01,8.049513687908470772e+00,2.993600674731106803e+00,2.873918337131550871e+00,-5.000000074505805969e-02,0.000000000000000000e+00
2.700000000000000000e+01,8.051924659500137693e+00,2.992939451493131120e+00,2.873918337131550871e+00,-5.000000074505805969e-02,0.000000000000000000e+00
2.705000000000000071e+01,8.054335631091804615e+00,2.992278228255155437e+00,2.873918337131550871e+00,-5.000000074505805969e-02,0.000000000000000000e+00
2.710000000000000142e+01,8.056746602683471536e+00,2.991617005017179753e+00,2.873918337131550871e+00,-5.000000074505805969e-02,0.000000000000000000e+00
2.715000000000000213e+01,8.059157574275138458e+00,2.990955781779204070e+00,2.873918337131550871e+00,-5.000000074505805969e-02,0.000000000000000000e+00
2.720000000000000284e+01,8.061568545866805380e+00,2.990294558541228387e+00,2.873918337131550871e+00,-5.000000074505805969e-02,0.000000000000000000e+00
2.725000000000000000e+01,8.063979517458472301e+00,2.989633335303252704e+00,2.873918337131550871e+00,-5.000000074505805969e-02,0.000000000000000000e+00
2.730000000000000071e+01,8.066390489050139223e+00,2.988972112065277020e+00,2.873918337131550871e+00,-5.000000074505805969e-02,0.000000000000000000e+00
2.735000000000000142e+01,8.068801460641806145e+00,2.988310888827301337e+00,2.873918337131550871e+00,-5.000000074505805969e-02,0.000000000000000000e+00
2.740000000000000213e+01,8.071212432233473066e+00,2.987649665589325654e+00,2.873918337131550871e+00,-5.000000074505805969e-02,0.000000000000000000e+00
2.745000000000000284e+01,8.073623403825139988e+00,2.986988442351349970e+00,2.873918337131550871e+00,-5.000000074505805969e-02,0.000000000000000000e+00
2.750000000000000000e+01,8.076034375416806910e+00,2.986327219113374287e+00,2.873918337131550871e+00,-5.000000074505805969e-02,0.000000000000000000e+00
2.755000000000000071e+01,8.078445347008473831e+00,2.985665995875398604e+00,2.873918337131550871e+00,-5.000000074505805969e-02,0.000000000000000000e+00
2.760000000000000142e+01,8.080856318600140753e+00,2.985004772637422921e+00,2.873918337131550871e+00,-5.000000074505805969e-02,0.000000000000000000e+00
2.765000000000000213e+01,8.083267290191807675e+00,2.984343549399447237e+00,2.873918337131550871e+00,-5.000000074505805969e-02,0.000000000000000000e+00
2.770000000000000284e+01,8.085678261783474596e+00,2.983682326161471554e+00,2.873918337131550871e+00,-5.000000074505805969e-02,0.000000000000000000e+00
2.775000000000000000e+01,8.088089233375141518e+00,2.983021102923495871e+00,2.873918337131550871e+00,-5.000000074505805969e-02,0.000000000000000000e+00
2.780000000000000071e+01,8.090500204966808440e+00,2.982359879685520188e+00,2.873918337131550871e+00,-5.000000074505805969e-02,0.000000000000000000e+00
2.785000000000000142e+01,8.092911176558475361e+00,2.981698656447544504e+00,2.873918337131550871e+00,-5.000000074505805969e-02,0.000000000000000000e+00
2.790000000000000213e+01,8.095322148150142283e+00,2.981037433209568821e+00,2.873918337131550871e+00,-5.000000074505805969e-02,0.000000000000000000e+00
2.795000000000000284e+01,8.097733119741809205e+00,2.980376209971593138e+00,2.873918337131550871e+00,-5.000000074505805969e-02,0.000000000000000000e+00
2.800000000000000000e+01,8.100144091333476126e+00,2.979714986733617454e+00,2.873918337131550871e+00,-5.000000074505805969e-02,0.000000000000000000e+00
2.805000000000000071e+01,8.102555062925143048e+00,2.979053763495641771e+00,2.873918337131550871e+00,-5.000000074505805969e-02,0.000000000000000000e+00
2.810000000000000142e+01,8.104966034516809970e+00,2.978392540257666088e+00,2.873918337131550871e+00,-5.000000074505805969e-02,0.000000000000000000e+00
2.815000000000000213e+01,8.107377006108476891e+00,2.977731317019690405e+00,2.873918337131550871e+00,-5.000000074505805969e-02,0.000000000000000000e+00
2.820000000000000284e+01,8.109787977700143813e+00,2.977070093781714721e+00,2.873918337131550871e+00,-5.000000074505805969e-02,0.000000000000000000e+00
2.825000000000000000e+01,8.112198949291810735e+00,2.976408870543739038e+00,2.873918337131550871e+00,-5.000000074505805969e-02,0.000000000000000000e+00
2.830000000000000071e+01,8.114609920883477656e+00,2.975747647305763355e+00,2.873918337131550871e+00,-5.000000074505805969e-02,0.000000000000000000e+00
2.835000000000000142e+01,8.117020892475144578e+00,2.975086424067787672e+00,2.873918337131550871e+00,-5.000000074505805969e-02,0.000000000000000000e+00
2.840000000000000213e+01,8.119431864066811499e+00,2.974425200829811988e+00,2.873918337131550871e+00,-5.000000074505805969e-02,0.000000000000000000e+00
2.845000000000000284e+01,8.121842835658478421e+00,2.973763977591836305e+00,2.873918337131550871e+00,-5.000000074505805969e-02,0.000000000000000000e+00
2.850000000000000000e+01,8.124253807250145343e+00,2.973102754353860622e+00,2.873918337131550871e+00,-5.000000074505805969e-02,0.000000000000000000e+00
2.855000000000000071e+01,8.126664778841812264e+00,2.972441531115884938e+00,2.873918337131550871e+00,-5.000000074505805969e-02,0.000000000000000000e+00
2.860000000000000142e+01,8.129075750433479186e+00,2.971780307877909255e+00,2.873918337131550871e+00,-5.000000074505805969e-02,0.000000000000000000e+00
2.865000000000000213e+01,8.131486722025146108e+00,2.971119084639933572e+00,2.873918337131550871e+00,-5.000000074505805969e-02,0.000000000000000000e+00
2.870000000000000284e+01,8.133897693616813029e+00,2.970457861401957889e+00,2.873918337131550871e+00,-5.000000074505805969e-02,0.000000000000000000e+00
2.875000000000000000e+01,8.136308665208479951e+00,2.969796638163982205e+00,2.873918337131550871e+00,-5.000000074505805969e-02,0.000000000000000000e+00
2.880000000000000071e+01,8.138719636800146873e+00,2.969135414926006522e+00,2.873918337131550871e+00,-5.000000074505805969e-02,0.000000000000000000e+00
2.885000000000000142e+01,8.141130608391813794e+00,2.968474191688030839e+00,2.873918337131550871e+00,-5.000000074505805969e-02,0.000000000000000000e+00
2.890000000000000213e+01,8.143541579983480716e+00,2.967812968450055156e+00,2.873918337131550871e+00,-5.000000074505805969e-02,0.000000000000000000e+00
2.895000000000000284e+01,8.145952551575147638e+00,2.967151745212079472e+00,2.873918337131550871e+00,-5.000000074505805969e-02,0.000000000000000000e+00
2.900000000000000000e+01,8.148363523166814559e+00,2.966490521974103789e+00,2.873918337131550871e+00,-5.000000074505805969e-02,0.000000000000000000e+00
2.905000000000000071e+01,8.150774494758481481e+00,2.965829298736128106e+00,2.873918337131550871e+00,-5.000000074505805969e-02,0.000000000000000000e+00
2.910000000000000142e+01,8.153185466350148403e+00,2.965168075498152422e+00,2.873918337131550871e+00,-5.000000074505805969e-02,0.000000000000000000e+00
2.915000000000000213e+01,8.155596437941815324e+00,2.964506852260176739e+00,2.873918337131550871e+00,-5.000000074505805969e-02,0.000000000000000000e+00
2.920000000000000284e+01,8.158007409533482246e+00,2.963845629022201056e+00,2.873918337131550871e+00,-5.000000074505805969e-02,0.000000000000000000e+00
2.925000000000000000e+01,8.160418381125149168e+00,2.963184405784225373e+00,2.873918337131550871e+00,-5.000000074505805969e-02,0.000000000000000000e+00
2.930000000000000071e+01,8.162829352716816089e+00,2.962523182546249689e+00,2.873918337131550871e+00,-5.000000074505805969e-02,0.000000000000000000e+00
2.935000000000000142e+01,8.165240324308483011e+00,2.961861959308274006e+00,2.873918337131550871e+00,-5.000000074505805969e-02,0.000000000000000000e+00
2.940000000000000213e+01,8.167651295900149933e+00,2.961200736070298323e+00,2.873918337131550871e+00,-5.000000074505805969e-02,0.000000000000000000e+00
2.945000000000000284e+01,8.170062267491816854e+00,2.960539512832322639e+00,2.873918337131550871e+00,-5.000000074505805969e-02,0.000000000000000000e+00
2.950000000000000000e+01,8.172473239083483776e+00,2.959878289594346956e+00,2.873918337131550871e+00,-5.000000074505805969e-02,0.000000000000000000e+00
2.955000000000000071e+01,8.174884210675150698e+00,2.959217066356371273e+00,2.873918337131550871e+00,-5.000000074505805969e-02,0.000000000000000000e+00
2.960000000000000142e+01,8.177295182266817619e+00,2.958555843118395590e+00,2.873918337131550871e+00,-5.000000074505805969e-02,0.000000000000000000e+00
2.965000000000000213e+01,8.179706153858484541e+00,2.957894619880419906e+00,2.873918337131550871e+00,-5.000000074505805969e-02,0.000000000000000000e+00
2.970000000000000284e+01,8.182117125450151462e+00,2.957233396642444223e+00,2.873918337131550871e+00,-5.000000074505805969e-02,0.000000000000000000e+00
2.975000000000000000e+01,8.184528097041818384e+00,2.956572173404468540e+00,2.873918337131550871e+00,-5.000000074505805969e-02,0.000000000000000000e+00
2.980000000000000071e+01,8.186939068633485306e+00,2.955910950166492857e+00,2.873918337131550871e+00,-5.000000074505805969e-02,0.000000000000000000e+00
2.985000000000000142e+01,8.189350040225152227e+00,2.955249726928517173e+00,2.873918337131550871e+00,-5.000000074505805969e-02,0.000000000000000000e+00
2.990000000000000213e+01,8.191761011816819149e+00,2.954588503690541490e+00,2.873918337131550871e+00,-5.000000074505805969e-02,0.000000000000000000e+00
2.995000000000000284e+01,8.194171983408486071e+00,2.953927280452565807e+00,2.873918337131550871e+00,-5.000000074505805969e-02,0.000000000000000000e+00
3.000000000000000000e+01,8.196582955000152992e+00,2.953266057214590123e+00,2.873918337131550871e+00,-5.000000074505805969e-02,0.000000000000000000e+00
3.005000000000000071e+01,8.198993926591819914e+00,2.952604833976614440e+00,2.873918337131550871e+00,-5.000000074505805969e-02,0.000000000000000000e+00
3.010000000000000142e+01,8.201404898183486836e+00,2.951943610738638757e+00,2.873918337131550871e+00,-5.000000074505805969e-02,0.000000000000000000e+00
3.015000000000000213e+01,8.203815869775153757e+00,2.951282387500663074e+00,2.873918337131550871e+00,-5.000000074505805969e-02,0.000000000000000000e+00
3.020000000000000284e+01,8.206226841366820679e+00,2.950621164262687390e+00,2.873918337131550871e+00,-5.000000074505805969e-02,0.000000000000000000e+00
3.025000000000000000e+01,8.208637812958487601e+00,2.949959941024711707e+00,2.873918337131550871e+00,-5.000000074505805969e-02,0.000000000000000000e+00
3.030000000000000071e+01,8.211048784550154522e+00,2.949298717786736024e+00,2.873918337131550871e+00,-5.000000074505805969e-02,0.000000000000000000e+00
3.035000000000000142e+01,8.213459756141821444e+00,2.948637494548760341e+00,2.873918337131550871e+00,-5.000000074505805969e-02,0.000000000000000000e+00
3.040000000000000213e+01,8.215870727733488366e+00,2.947976271310784657e+00,2.873918337131550871e+00,-5.000000074505805969e-02,0.000000000000000000e+00
3.045000000000000284e+01,8.218281699325155287e+00,2.947315048072808974e+00,2.873918337131550871e+00,-5.000000074505805969e-02,0.000000000000000000e+00
3.050000000000000000e+01,8.220692670916822209e+00,2.946653824834833291e+00,2.873918337131550871e+00,-5.000000074505805969e-02,0.000000000000000000e+00
3.055000000000000071e+01,8.223103642508489131e+00,2.945992601596857607e+00,2.873918337131550871e+00,-5.000000074505805969e-02,0.000000000000000000e+00
3.060000000000000142e+01,8.225514614100156052e+00,2.945331378358881924e+00,2.873918337131550871e+00,-5.000000074505805969e-02,0.000000000000000000e+00
3.065000000000000213e+01,8.227925585691822974e+00,2.944670155120906241e+00,2.873918337131550871e+00,-5.000000074505805969e-02,0.000000000000000000e+00
3.070000000000000284e+01,8.230336557283489896e+00,2.944008931882930558e+00,2.873918337131550871e+00,-5.000000074505805969e-02,0.000000000000000000e+00
3.075000000000000000e+01,8.232747528875156817e+00,2.943347708644954874e+00,2.873918337131550871e+00,-5.000000074505805969e-02,0.000000000000000000e+00
3.080000000000000071e+01,8.235158500466823739e+00,2.942686485406979191e+00,2.873918337131550871e+00,-5.000000074505805969e-02,0.000000000000000000e+00
3.085000000000000142e+01,8.237569472058490661e+00,2.942025262169003508e+00,2.873918337131550871e+00,-5.000000074505805969e-02,0.000000000000000000e+00
3.090000000000000213e+01,8.239980443650157582e+00,2.941364038931027824e+00,2.873918337131550871e+00,-5.000000074505805969e-02,0.000000000000000000e+00
3.095000000000000284e+01,8.242391415241824504e+00,2.940702815693052141e+00,2.873918337131550871e+00,-5.000000074505805969e-02,0.000000000000000000e+00
3.100000000000000000e+01,8.244802386833491425e+00,2.940041592455076458e+00,2.873918337131550871e+00,-5.000000074505805969e-02,0.000000000000000000e+00
3.105000000000000071e+01,8.247213358425158347e+00,2.939380369217100775e+00,2.873918337131550871e+00,-5.000000074505805969e-02,0.000000000000000000e+00
3.110000000000000142e+01,8.249624330016825269e+00,2.938719145979125091e+00,2.873918337131550871e+00,-5.000000074505805969e-02,0.000000000000000000e+00
3.115000000000000213e+01,8.252035301608492190e+00,2.938057922741149408e+00,2.873918337131550871e+00,-5.000000074505805969e-02,0.000000000000000000e+00
3.120000000000000284e+01,8.254446273200159112e+00,2.937396699503173725e+00,2.873918337131550871e+00,-5.000000074505805969e-02,0.000000000000000000e+00
3.125000000000000000e+01,8.256857244791826034e+00,2.936735476265198042e+00,2.873918337131550871e+00,-5.000000074505805969e-02,0.000000000000000000e+00
3.130000000000000071e+01,8.259268216383492955e+00,2.936074253027222358e+00,2.873918337131550871e+00,-5.000000074505805969e-02,0.000000000000000000e+00
3.135000000000000142e+01,8.261679187975159877e+00,2.935413029789246675e+00,2.873918337131550871e+00,-5.000000074505805969e-02,0.000000000000000000e+00
3.140000000000000213e+01,8.264090159566826799e+00,2.934751806551270992e+00,2.873918337131550871e+00,-5.000000074505805969e-02,0.000000000000000000e+00
3.145000000000000284e+01,8.266501131158493720e+00,2.934090583313295308e+00,2.873918337131550871e+00,-5.000000074505805969e-02,0.000000000000000000e+00
3.150000000000000000e+01,8.268912102750160642e+00,2.933429360075319625e+00,2.873918337131550871e+00,-5.000000074505805969e-02,0.000000000000000000e+00
3.155000000000000071e+01,8.271323074341827564e+00,2.932768136837343942e+00,2.873918337131550871e+00,-5.000000074505805969e-02,0.000000000000000000e+00
3.160000000000000142e+01,8.273734045933494485e+00,2.932106913599368259e+00,2.873918337131550871e+00,-5.000000074505805969e-02,0.000000000000000000e+00
3.165000000000000213e+01,8.276145017525161407e+00,2.931445690361392575e+00,2.873918337131550871e+00,-5.000000074505805969e-02,0.000000000000000000e+00
3.170000000000000284e+01,8.278555989116828329e+00,2.930784467123416892e+00,2.873918337131550871e+00,-5.000000074505805969e-02,0.000000000000000000e+00
3.175000000000000000e+01,8.280966960708495250e+00,2.930123243885441209e+00,2.873918337131550871e+00,-5.000000074505805969e-02,0.000000000000000000e+00
3.180000000000000071e+01,8.283377932300162172e+00,2.929462020647465526e+00,2.873918337131550871e+00,-5.000000074505805969e-02,0.000000000000000000e+00
3.185000000000000142e+01,8.285788903891829094e+00,2.928800797409489842e+00,2.873918337131550871e+00,-5.000000074505805969e-02,0.000000000000000000e+00
3.190000000000000213e+01,8.288199875483496015e+00,2.928139574171514159e+00,2.873918337131550871e+00,-5.000000074505805969e-02,0.000000000000000000e+00
3.195000000000000284e+01,8.290610847075162937e+00,2.927478350933538476e+00,2.873918337131550871e+00,-5.000000074505805969e-02,0.000000000000000000e+00
3.200000000000000000e+01,8.293021818666829859e+00,2.926817127695562792e+00,2.873918337131550871e+00,-5.000000074505805969e-02,0.000000000000000000e+00
3.205000000000000426e+01,8.295432790258496780e+00,2.926155904457587109e+00,2.873918337131550871e+00,-5.000000074505805969e-02,0.000000000000000000e+00
3.210000000000000142e+01,8.297843761850163702e+00,2.925494681219611426e+00,2.873918337131550871e+00,-5.000000074505805969e-02,0.000000000000000000e+00
3.214999999999999858e+01,8.300254733441830624e+00,2.924833457981635743e+00,2.873918337131550871e+00,-5.000000074505805969e-02,0.000000000000000000e+00
3.220000000000000284e+01,8.302665705033497545e+00,2.924172234743660059e+00,2.873918337131550871e+00,-5.000000074505805969e-02,0.000000000000000000e+00
3.225000000000000000e+01,8.305076676625164467e+00,2.923511011505684376e+00,2.873918337131550871e+00,-5.000000074505805969e-02,0.000000000000000000e+00
3.230000000000000426e+01,8.307487648216831388e+00,2.922849788267708693e+00,2.873918337131550871e+00,-5.000000074505805969e-02,0.000000000000000000e+00
3.235000000000000142e+01,8.309898619808498310e+00,2.922188565029733009e+00,2.873918337131550871e+00,-5.000000074505805969e-02,0.000000000000000000e+00
3.239999999999999858e+01,8.312309591400165232e+00,2.921527341791757326e+00,2.873918337131550871e+00,-5.000000074505805969e-02,0.000000000000000000e+00
3.245000000000000284e+01,8.314720562991832153e+00,2.920866118553781643e+00,2.873918337131550871e+00,-5.000000074505805969e-02,0.000000000000000000e+00
3.250000000000000000e+01,8.317131534583499075e+00,2.920204895315805960e+00,2.873918337131550871e+00,-5.000000074505805969e-02,0.000000000000000000e+00
3.255000000000000426e+01,8.319542506175165997e+00,2.919543672077830276e+00,2.873918337131550871e+00,-5.000000074505805969e-02,0.000000000000000000e+00
3.260000000000000142e+01,8.321953477766832918e+00,2.918882448839854593e+00,2.873918337131550871e+00,-5.000000074505805969e-02,0.000000000000000000e+00
3.264999999999999858e+01,8.324364449358499840e+00,2.918221225601878910e+00,2.873918337131550871e+00,-5.000000074505805969e-02,0.000000000000000000e+00
3.270000000000000284e+01,8.326775420950166762e+00,2.917560002363903227e+00,2.873918337131550871e+00,-5.000000074505805969e-02,0.000000000000000000e+00
3.275000000000000000e+01,8.329186392541833683e+00,2.916898779125927543e+00,2.873918337131550871e+00,-5.000000074505805969e-02,0.000000000000000000e+00
3.280000000000000426e+01,8.331597364133500605e+00,2.916237555887951860e+00,2.873918337131550871e+00,-5.000000074505805969e-02,0.000000000000000000e+00
3.285000000000000142e+01,8.334008335725167527e+00,2.915576332649976177e+00,2.873918337131550871e+00,-5.000000074505805969e-02,0.000000000000000000e+00
3.289999999999999858e+01,8.336419307316834448e+00,2.914915109412000493e+00,2.873918337131550871e+00,-5.000000074505805969e-02,0.000000000000000000e+00
3.295000000000000284e+01,8.338830278908501370e+00,2.914253886174024810e+00,2.873918337131550871e+00,-5.000000074505805969e-02,0.000000000000000000e+00
3.300000000000000000e+01,8.341241250500168292e+00,2.913592662936049127e+00,2.873918337131550871e+00,-5.000000074505805969e-02,0.000000000000000000e+00
3.305000000000000426e+01,8.343652222091835213e+00,2.912931439698073444e+00,2.873918337131550871e+00,-5.000000074505805969e-02,0.000000000000000000e+00
3.310000000000000142e+01,8.346063193683502135e+00,2.912270216460097760e+00,2.873918337131550871e+00,-5.000000074505805969e-02,0.000000000000000000e+00
3.314999999999999858e+01,8.348474165275169057e+00,2.911608993222122077e+00,2.873918337131550871e+00,-5.000000074505805969e-02,0.000000000000000000e+00
3.320000000000000284e+01,8.350885136866835978e+00,2.910947769984146394e+00,2.873918337131550871e+00,-5.000000074505805969e-02,0.000000000000000000e+00
3.325000000000000000e+01,8.353296108458502900e+00,2.910286546746170711e+00,2.873918337131550871e+00,-5.000000074505805969e-02,0.000000000000000000e+00
3.330000000000000426e+01,8.355707080050169822e+00,2.909625323508195027e+00,2.873918337131550871e+00,-5.000000074505805969e-02,0.000000000000000000e+00
3.335000000000000142e+01,8.358118051641836743e+00,2.908964100270219344e+00,2.873918337131550871e+00,-5.000000074505805969e-02,0.000000000000000000e+00
3.339999999999999858e+01,8.360529023233503665e+00,2.908302877032243661e+00,2.873918337131550871e+00,-5.000000074505805969e-02,0.000000000000000000e+00
3.345000000000000284e+01,8.362939994825170587e+00,2.907641653794267977e+00,2.873918337131550871e+00,-5.000000074505805969e-02,0.000000000000000000e+00
3.350000000000000000e+01,8.365350966416837508e+00,2.906980430556292294e+00,2.873918337131550871e+00,-5.000000074505805969e-02,0.000000000000000000e+00
3.355000000000000426e+01,8.367761938008504430e+00,2.906319207318316611e+00,2.873918337131550871e+00,-5.000000074505805969e-02,0.000000000000000000e+00
3.360000000000000142e+01,8.370172909600171351e+00,2.905657984080340928e+00,2.873918337131550871e+00,-5.000000074505805969e-02,0.000000000000000000e+00
3.364999999999999858e+01,8.372583881191838273e+00,2.904996760842365244e+00,2.873918337131550871e+00,-5.000000074505805969e-02,0.000000000000000000e+00
3.370000000000000284e+01,8.374994852783505195e+00,2.904335537604389561e+00,2.873918337131550871e+00,-5.000000074505805969e-02,0.000000000000000000e+00
3.375000000000000000e+01,8.377405824375172116e+00,2.903674314366413878e+00,2.873918337131550871e+00,-5.000000074505805969e-02,0.000000000000000000e+00
3.380000000000000426e+01,8.379816795966839038e+00,2.903013091128438194e+00,2.873918337131550871e+00,-5.000000074505805969e-02,0.000000000000000000e+00
3.385000000000000142e+01,8.382227767558505960e+00,2.902351867890462511e+00,2.873918337131550871e+00,-5.000000074505805969e-02,0.000000000000000000e+00
3.389999999999999858e+01,8.384638739150172881e+00,2.901690644652486828e+00,2.873918337131550871e+00,-5.000000074505805969e-02,0.000000000000000000e+00
3.395000000000000284e+01,8.387049710741839803e+00,2.901029421414511145e+00,2.873918337131550871e+00,-5.000000074505805969e-02,0.000000000000000000e+00
3.400000000000000000e+01,8.389460682333506725e+00,2.900368198176535461e+00,2.873918337131550871e+00,-5.000000074505805969e-02,0.000000000000000000e+00
3.405000000000000426e+01,8.391871653925173646e+00,2.899706974938559778e+00,2.873918337131550871e+00,-5.000000074505805969e-02,0.000000000000000000e+00
3.410000000000000142e+01,8.394282625516840568e+00,2.899045751700584095e+00,2.873918337131550871e+00,-5.000000074505805969e-02,0.000000000000000000e+00
3.414999999999999858e+01,8.396693597108507490e+00,2.898384528462608412e+00,2.873918337131550871e+00,-5.000000074505805969e-02,0.000000000000000000e+00
3.420000000000000284e+01,8.399104568700174411e+00,2.897723305224632728e+00,2.873918337131550871e+00,-5.000000074505805969e-02,0.000000000000000000e+00
3.425000000000000000e+01,8.401515540291841333e+00,2.897062081986657045e+00,2.873918337131550871e+00,-5.000000074505805969e-02,0.000000000000000000e+00
3.430000000000000426e+01,8.403926511883508255e+00,2.896400858748681362e+00,2.873918337131550871e+00,-5.000000074505805969e-02,0.000000000000000000e+00
3.435000000000000142e+01,8.406337483475175176e+00,2.895739635510705678e+00,2.873918337131550871e+00,-5.000000074505805969e-02,0.000000000000000000e+00
3.439999999999999858e+01,8.408748455066842098e+00,2.895078412272729995e+00,2.873918337131550871e+00,-5.000000074505805969e-02,0.000000000000000000e+00
3.445000000000000284e+01,8.411159426658509020e+00,2.894417189034754312e+00,2.873918337131550871e+00,-5.000000074505805969e-02,0.000000000000000000e+00
3.450000000000000000e+01,8.413570398250175941e+00,2.893755965796778629e+00,2.873918337131550871e+00,-5.000000074505805969e-02,0.000000000000000000e+00
3.455000000000000426e+01,8.415981369841842863e+00,2.893094742558802945e+00,2.873918337131550871e+00,-5.000000074505805969e-02,0.000000000000000000e+00
3.460000000000000142e+01,8.418392341433509785e+00,2.892433519320827262e+00,2.873918337131550871e+00,-5.000000074505805969e-02,0.000000000000000000e+00
3.464999999999999858e+01,8.420803313025176706e+00,2.891772296082851579e+00,2.873918337131550871e+00,-5.000000074505805969e-02,0.000000000000000000e+00
3.470000000000000284e+01,8.423214284616843628e+00,2.891111072844875896e+00,2.873918337131550871e+00,-5.000000074505805969e-02,0.000000000000000000e+00
3.475000000000000000e+01,8.425625256208510550e+00,2.890449849606900212e+00,2.873918337131550871e+00,-5.000000074505805969e-02,0.000000000000000000e+00
3.480000000000000426e+01,8.428036227800177471e+00,2.889788626368924529e+00,2.873918337131550871e+00,-5.000000074505805969e-02,0.000000000000000000e+00
3.485000000000000142e+01,8.430447199391844393e+00,2.889127403130948846e+00,2.873918337131550871e+00,-5.000000074505805969e-02,0.000000000000000000e+00
3.489999999999999858e+01,8.432858170983511314e+00,2.888466179892973162e+00,2.873918337131550871e+00,-5.000000074505805969e-02,0.000000000000000000e+00
3.495000000000000284e+01,8.435269142575178236e+00,2.887804956654997479e+00,2.873918337131550871e+00,-5.000000074505805969e-02,0.000000000000000000e+00
3.500000000000000000e+01,8.437680114166845158e+00,2.887143733417021796e+00,2.873918337131550871e+00,-5.000000074505805969e-02,0.000000000000000000e+00
3.505000000000000426e+01,8.440091085758512079e+00,2.886482510179046113e+00,2.873918337131550871e+00,-5.000000074505805969e-02,0.000000000000000000e+00
3.510000000000000142e+01,8.442502057350179001e+00,2.885821286941070429e+00,2.873918337131550871e+00,-5.000000074505805969e-02,0.000000000000000000e+00
3.514999999999999858e+01,8.444913028941845923e+00,2.885160063703094746e+00,2.873918337131550871e+00,-5.000000074505805969e-02,0.000000000000000000e+00
3.520000000000000284e+01,8.447324000533512844e+00,2.884498840465119063e+00,2.873918337131550871e+00,-5.000000074505805969e-02,0.000000000000000000e+00
3.525000000000000000e+01,8.449734972125179766e+00,2.883837617227143379e+00,2.873918337131550871e+00,-5.000000074505805969e-02,0.000000000000000000e+00
3.530000000000000426e+01,8.452145943716846688e+00,2.883176393989167696e+00,2.873918337131550871e+00,-5.000000074505805969e-02,0.000000000000000000e+00
3.535000000000000142e+01,8.454556915308513609e+00,2.882515170751192013e+00,2.873918337131550871e+00,-5.000000074505805969e-02,0.000000000000000000e+00
3.539999999999999858e+01,8.456967886900180531e+00,2.881853947513216330e+00,2.873918337131550871e+00,-5.000000074505805969e-02,0.000000000000000000e+00
3.545000000000000284e+01,8.459378858491847453e+00,2.881192724275240646e+00,2.873918337131550871e+00,-5.000000074505805969e-02,0.000000000000000000e+00
3.550000000000000000e+01,8.461789830083514374e+00,2.880531501037264963e+00,2.873918337131550871e+00,-5.000000074505805969e-02,0.000000000000000000e+00
3.555000000000000426e+01,8.464200801675181296e+00,2.879870277799289280e+00,2.873918337131550871e+00,-5.000000074505805969e-02,0.000000000000000000e+00
3.560000000000000142e+01,8.466611773266848218e+00,2.879209054561313597e+00,2.873918337131550871e+00,-5.000000074505805969e-02,0.000000000000000000e+00
3.564999999999999858e+01,8.469022744858515139e+00,2.878547831323337913e+00,2.873918337131550871e+00,-5.000000074505805969e-02,0.000000000000000000e+00
3.570000000000000284e+01,8.471433716450182061e+00,2.877886608085362230e+00,2.873918337131550871e+00,-5.000000074505805969e-02,0.000000000000000000e+00
3.575000000000000000e+01,8.473844688041848983e+00,2.877225384847386547e+00,2.873918337131550871e+00,-5.000000074505805969e-02,0.000000000000000000e+00
3.580000000000000426e+01,8.476255659633515904e+00,2.876564161609410863e+00,2.873918337131550871e+00,-5.000000074505805969e-02,0.000000000000000000e+00
3.585000000000000142e+01,8.478666631225182826e+00,2.875902938371435180e+00,2.873918337131550871e+00,-5.000000074505805969e-02,0.000000000000000000e+00
3.589999999999999858e+01,8.481077602816849748e+00,2.875241715133459497e+00,2.873918337131550871e+00,-5.000000074505805969e-02,0.000000000000000000e+00
3.595000000000000284e+01,8.483488574408516669e+00,2.874580491895483814e+00,2.873918337131550871e+00,-5.000000074505805969e-02,0.000000000000000000e+00
3.600000000000000000e+01,8.485899546000183591e+00,2.873919268657508130e+00,2.873918337131550871e+00,-5.000000074505805969e-02,0.000000000000000000e+00
3.605000000000000426e+01,8.488310517591850513e+00,2.873258045419532447e+00,2.873918337131550871e+00,-5.000000074505805969e-02,0.000000000000000000e+00
3.610000000000000142e+01,8.490721489183517434e+00,2.872596822181556764e+00,2.873918337131550871e+00,-5.000000074505805969e-02,0.000000000000000000e+00
3.614999999999999858e+01,8.493132460775184356e+00,2.871935598943581081e+00,2.873918337131550871e+00,-5.000000074505805969e-02,0.000000000000000000e+00
3.620000000000000284e+01,8.495543432366851277e+00,2.871274375705605397e+00,2.873918337131550871e+00,-5.000000074505805969e-02,0.000000000000000000e+00
3.625000000000000000e+01,8.497954403958518199e+00,2.870613152467629714e+00,2.873918337131550871e+00,-5.000000074505805969e-02,0.000000000000000000e+00
3.630000000000000426e+01,8.500365375550185121e+00,2.869951929229654031e+00,2.873918337131550871e+00,-5.000000074505805969e-02,0.000000000000000000e+00
3.635000000000000142e+01,8.502776347141852042e+00,2.869290705991678347e+00,2.873918337131550871e+00,-5.000000074505805969e-02,0.000000000000000000e+00
3.639999999999999858e+01,8.505187318733518964e+00,2.868629482753702664e+00,2.873918337131550871e+00,-5.000000074505805969e-02,0.000000000000000000e+00
3.645000000000000284e+01,8.507598290325185886e+00,2.867968259515726981e+00,2.873918337131550871e+00,-5.000000074505805969e-02,0.000000000000000000e+00
3.650000000000000000e+01,8.510009261916852807e+00,2.867307036277751298e+00,2.873918337131550871e+00,-5.000000074505805969e-02,0.000000000000000000e+00
3.655000000000000426e+01,8.512420233508519729e+00,2.866645813039775614e+00,2.873918337131550871e+00,-5.000000074505805969e-02,0.000000000000000000e+00
3.660000000000000142e+01,8.514831205100186651e+00,2.865984589801799931e+00,2.873918337131550871e+00,-5.000000074505805969e-02,0.000000000000000000e+00
3.664999999999999858e+01,8.517242176691853572e+00,2.865323366563824248e+00,2.873918337131550871e+00,-5.000000074505805969e-02,0.000000000000000000e+00
3.670000000000000284e+01,8.519653148283520494e+00,2.864662143325848565e+00,2.873918337131550871e+00,-5.000000074505805969e-02,0.000000000000000000e+00
3.675000000000000000e+01,8.522064119875187416e+00,2.864000920087872881e+00,2.873918337131550871e+00,-5.000000074505805969e-02,0.000000000000000000e+00
3.680000000000000426e+01,8.524475091466854337e+00,2.863339696849897198e+00,2.873918337131550871e+00,-5.000000074505805969e-02,0.000000000000000000e+00
3.685000000000000142e+01,8.526886063058521259e+00,2.862678473611921515e+00,2.873918337131550871e+00,-5.000000074505805969e-02,0.000000000000000000e+00
3.689999999999999858e+01,8.529297034650188181e+00,2.862017250373945831e+00,2.873918337131550871e+00,-5.000000074505805969e-02,0.000000000000000000e+00
3.695000000000000284e+01,8.531708006241855102e+00,2.861356027135970148e+00,2.873918337131550871e+00,-5.000000074505805969e-02,0.000000000000000000e+00
3.700000000000000000e+01,8.534118977833522024e+00,2.860694803897994465e+00,2.873918337131550871e+00,-5.000000074505805969e-02,0.000000000000000000e+00
3.705000000000000426e+01,8.536529949425188946e+00,2.860033580660018782e+00,2.873918337131550871e+00,-5.000000074505805969e-02,0.000000000000000000e+00
3.710000000000000142e+01,8.538940921016855867e+00,2.859372357422043098e+00,2.873918337131550871e+00,-5.000000074505805969e-02,0.000000000000000000e+00
3.714999999999999858e+01,8.541351892608522789e+00,2.858711134184067415e+00,2.873918337131550871e+00,-5.000000074505805969e-02,0.000000000000000000e+00
3.720000000000000284e+01,8.543762864200189711e+00,2.858049910946091732e+00,2.873918337131550871e+00,-5.000000074505805969e-02,0.000000000000000000e+00
3.725000000000000000e+01,8.546173835791856632e+00,2.857388687708116048e+00,2.873918337131550871e+00,-5.000000074505805969e-02,0.000000000000000000e+00
3.730000000000000426e+01,8.548584807383523554e+00,2.856727464470140365e+00,2.873918337131550871e+00,-5.000000074505805969e-02,0.000000000000000000e+00
3.735000000000000142e+01,8.550995778975190476e+00,2.856066241232164682e+00,2.873918337131550871e+00,-5.000000074505805969e-02,0.000000000000000000e+00
3.739999999999999858e+01,8.553406750566857397e+00,2.855405017994188999e+00,2.873918337131550871e+00,-5.000000074505805969e-02,0.000000000000000000e+00
3.745000000000000284e+01,8.555817722158524319e+00,2.854743794756213315e+00,2.873918337131550871e+00,-5.000000074505805969e-02,0.000000000000000000e+00
3.750000000000000000e+01,8.558228693750191240e+00,2.854082571518237632e+00,2.873918337131550871e+00,-5.000000074505805969e-02,0.000000000000000000e+00
3.755000000000000426e+01,8.560639665341858162e+00,2.853421348280261949e+00,2.873918337131550871e+00,-5.000000074505805969e-02,0.000000000000000000e+00
3.760000000000000142e+01,8.563050636933525084e+00,2.852760125042286266e+00,2.873918337131550871e+00,-5.000000074505805969e-02,0.000000000000000000e+00
3.764999999999999858e+01,8.565461608525192005e+00,2.852098901804310582e+00,2.873918337131550871e+00,-5.000000074505805969e-02,0.000000000000000000e+00
3.770000000000000284e+01,8.567872580116858927e+00,2.851437678566334899e+00,2.873918337131550871e+00,-5.000000074505805969e-02,0.000000000000000000e+00
3.775000000000000000e+01,8.570283551708525849e+00,2.850776455328359216e+00,2.873918337131550871e+00,-5.000000074505805969e-02,0.000000000000000000e+00
3.780000000000000426e+01,8.572694523300192770e+00,2.850115232090383532e+00,2.873918337131550871e+00,-5.000000074505805969e-02,0.000000000000000000e+00
3.785000000000000142e+01,8.575105494891859692e+00,2.849454008852407849e+00,2.873918337131550871e+00,-5.000000074505805969e-02,0.000000000000000000e+00
3.789999999999999858e+01,8.577516466483526614e+00,2.848792785614432166e+00,2.873918337131550871e+00,-5.000000074505805969e-02,0.000000000000000000e+00
3.795000000000000284e+01,8.579927438075193535e+00,2.848131562376456483e+00,2.873918337131550871e+00,-5.000000074505805969e-02,0.000000000000000000e+00
3.800000000000000000e+01,8.582338409666860457e+00,2.847470339138480799e+00,2.873918337131550871e+00,-5.000000074505805969e-02,0.000000000000000000e+00
3.805000000000000426e+01,8.584749381258527379e+00,2.846809115900505116e+00,2.873918337131550871e+00,-5.000000074505805969e-02,0.000000000000000000e+00
3.810000000000000142e+01,8.587160352850194300e+00,2.846147892662529433e+00,2.873918337131550871e+00,-5.000000074505805969e-02,0.000000000000000000e+00
3.814999999999999858e+01,8.589571324441861222e+00,2.845486669424553750e+00,2.873918337131550871e+00,-5.000000074505805969e-02,0.000000000000000000e+00
3.820000000000000284e+01,8.591982296033528144e+00,2.844825446186578066e+00,2.873918337131550871e+00,-5.000000074505805969e-02,0.000000000000000000e+00
3.825000000000000000e+01,8.594393267625195065e+00,2.844164222948602383e+00,2.873918337131550871e+00,-5.000000074505805969e-02,0.000000000000000000e+00
3.830000000000000426e+01,8.596804239216861987e+00,2.843502999710626700e+00,2.873918337131550871e+00,-5.000000074505805969e-02,0.000000000000000000e+00
3.835000000000000142e+01,8.599215210808528909e+00,2.842841776472651016e+00,2.873918337131550871e+00,-5.000000074505805969e-02,0.000000000000000000e+00
3.840000000000000568e+01,8.601626182400195830e+00,2.842180553234675333e+00,2.873918337131550871e+00,-5.000000074505805969e-02,0.000000000000000000e+00
3.845000000000000284e+01,8.604037153991862752e+00,2.841519329996699650e+00,2.873918337131550871e+00,-5.000000074505805969e-02,0.000000000000000000e+00
3.850000000000000000e+01,8.606448125583529674e+00,2.840858106758723967e+00,2.873918337131550871e+00,-5.000000074505805969e-02,0.000000000000000000e+00
3.855000000000000426e+01,8.608859097175196595e+00,2.840196883520748283e+00,2.873918337131550871e+00,-5.000000074505805969e-02,0.000000000000000000e+00
3.860000000000000142e+01,8.611270068766863517e+00,2.839535660282772600e+00,2.873918337131550871e+00,-5.000000074505805969e-02,0.000000000000000000e+00
3.865000000000000568e+01,8.613681040358530439e+00,2.838874437044796917e+00,2.873918337131550871e+00,-5.000000074505805969e-02,0.000000000000000000e+00
3.870000000000000284e+01,8.616092011950197360e+00,2.838213213806821233e+00,2.873918337131550871e+00,-5.000000074505805969e-02,0.000000000000000000e+00
3.875000000000000000e+01,8.618502983541864282e+00,2.837551990568845550e+00,2.873918337131550871e+00,-5.000000074505805969e-02,0.000000000000000000e+00
3.880000000000000426e+01,8.620913955133531204e+00,2.836890767330869867e+00,2.873918337131550871e+00,-5.000000074505805969e-02,0.000000000000000000e+00
3.885000000000000142e+01,8.623324926725198125e+00,2.836229544092894184e+00,2.873918337131550871e+00,-5.000000074505805969e-02,0.000000000000000000e+00
3.890000000000000568e+01,8.625735898316865047e+00,2.835568320854918500e+00,2.873918337131550871e+00,-5.000000074505805969e-02,0.000000000000000000e+00
3.895000000000000284e+01,8.628146869908531968e+00,2.834907097616942817e+00,2.873918337131550871e+00,-5.000000074505805969e-02,0.000000000000000000e+00
3.900000000000000000e+01,8.630557841500198890e+00,2.834245874378967134e+00,2.873918337131550871e+00,-5.000000074505805969e-02,0.000000000000000000e+00
3.905000000000000426e+01,8.632968813091865812e+00,2.833584651140991451e+00,2.873918337131550871e+00,-5.000000074505805969e-02,0.000000000000000000e+00
3.910000000000000142e+01,8.635379784683532733e+00,2.832923427903015767e+00,2.873918337131550871e+00,-5.000000074505805969e-02,0.000000000000000000e+00
3.915000000000000568e+01,8.637790756275199655e+00,2.832262204665040084e+00,2.873918337131550871e+00,-5.000000074505805969e-02,0.000000000000000000e+00
3.920000000000000284e+01,8.640201727866866577e+00,2.831600981427064401e+00,2.873918337131550871e+00,-5.000000074505805969e-02,0.000000000000000000e+00
3.925000000000000000e+01,8.642612699458533498e+00,2.830939758189088717e+00,2.873918337131550871e+00,-5.000000074505805969e-02,0.000000000000000000e+00
3.930000000000000426e+01,8.645023671050200420e+00,2.830278534951113034e+00,2.873918337131550871e+00,-5.000000074505805969e-02,0.000000000000000000e+00
3.935000000000000142e+01,8.647434642641867342e+00,2.829617311713137351e+00,2.873918337131550871e+00,-5.000000074505805969e-02,0.000000000000000000e+00
3.940000000000000568e+01,8.649845614233534263e+00,2.828956088475161668e+00,2.873918337131550871e+00,-5.000000074505805969e-02,0.000000000000000000e+00
3.945000000000000284e+01,8.652256585825201185e+00,2.828294865237185984e+00,2.873918337131550871e+00,-5.000000074505805969e-02,0.000000000000000000e+00
3.950000000000000000e+01,8.654667557416868107e+00,2.827633641999210301e+00,2.873918337131550871e+00,-5.000000074505805969e-02,0.000000000000000000e+00
3.955000000000000426e+01,8.657078529008535028e+00,2.826972418761234618e+00,2.873918337131550871e+00,-5.000000074505805969e-02,0.000000000000000000e+00
3.960000000000000142e+01,8.659489500600201950e+00,2.826311195523258935e+00,2.873918337131550871e+00,-5.000000074505805969e-02,0.000000000000000000e+00
3.965000000000000568e+01,8.661900472191868872e+00,2.825649972285283251e+00,2.873918337131550871e+00,-5.000000074505805969e-02,0.000000000000000000e+00
3.970000000000000284e+01,8.664311443783535793e+00,2.824988749047307568e+00,2.873918337131550871e+00,-5.000000074505805969e-02,0.000000000000000000e+00
3.975000000000000000e+01,8.666722415375202715e+00,2.824327525809331885e+00,2.873918337131550871e+00,-5.000000074505805969e-02,0.000000000000000000e+00
3.980000000000000426e+01,8.669133386966869637e+00,2.823666302571356201e+00,2.873918337131550871e+00,-5.000000074505805969e-02,0.000000000000000000e+00
3.985000000000000142e+01,8.671544358558536558e+00,2.823005079333380518e+00,2.873918337131550871e+00,-5.000000074505805969e-02,0.000000000000000000e+00
3.990000000000000568e+01,8.673955330150203480e+00,2.822343856095404835e+00,2.873918337131550871e+00,-5.000000074505805969e-02,0.000000000000000000e+00
3.995000000000000284e+01,8.676366301741870402e+00,2.821682632857429152e+00,2.873918337131550871e+00,-5.000000074505805969e-02,0.000000000000000000e+00
4.000000000000000000e+01,8.678777273333537323e+00,2.821021409619453468e+00,2.873918337131550871e+00,-5.000000074505805969e-02,0.000000000000000000e+00
4.005000000000000426e+01,8.681188244925204245e+00,2.820360186381477785e+00,2.873918337131550871e+00,-5.000000074505805969e-02,0.000000000000000000e+00
4.010000000000000142e+01,8.683599216516871167e+00,2.819698963143502102e+00,2.873918337131550871e+00,-5.000000074505805969e-02,0.000000000000000000e+00
4.015000000000000568e+01,8.686010188108538088e+00,2.819037739905526418e+00,2.873918337131550871e+00,-5.000000074505805969e-02,0.000000000000000000e+00
4.020000000000000284e+01,8.688421159700205010e+00,2.818376516667550735e+00,2.873918337131550871e+00,-5.000000074505805969e-02,0.000000000000000000e+00
4.025000000000000000e+01,8.690832131291871931e+00,2.817715293429575052e+00,2.873918337131550871e+00,-5.000000074505805969e-02,0.000000000000000000e+00
4.030000000000000426e+01,8.693243102883538853e+00,2.817054070191599369e+00,2.873918337131550871e+00,-5.000000074505805969e-02,0.000000000000000000e+00
4.035000000000000142e+01,8.695654074475205775e+00,2.816392846953623685e+00,2.873918337131550871e+00,-5.000000074505805969e-02,0.000000000000000000e+00
4.040000000000000568e+01,8.698065046066872696e+00,2.815731623715648002e+00,2.873918337131550871e+00,-5.000000074505805969e-02,0.000000000000000000e+00
4.045000000000000284e+01,8.700476017658539618e+00,2.815070400477672319e+00,2.873918337131550871e+00,-5.000000074505805969e-02,0.000000000000000000e+00
4.050000000000000000e+01,8.702886989250206540e+00,2.814409177239696636e+00,2.873918337131550871e+00,-5.000000074505805969e-02,0.000000000000000000e+00
4.055000000000000426e+01,8.705297960841873461e+00,2.813747954001720952e+00,2.873918337131550871e+00,-5.000000074505805969e-02,0.000000000000000000e+00
4.060000000000000142e+01,8.707708932433540383e+00,2.813086730763745269e+00,2.873918337131550871e+00,-5.000000074505805969e-02,0.000000000000000000e+00
4.065000000000000568e+01,8.710119904025207305e+00,2.812425507525769586e+00,2.873918337131550871e+00,-5.000000074505805969e-02,0.000000000000000000e+00
4.070000000000000284e+01,8.712530875616874226e+00,2.811764284287793902e+00,2.873918337131550871e+00,-5.000000074505805969e-02,0.000000000000000000e+00
4.075000000000000000e+01,8.714941847208541148e+00,2.811103061049818219e+00,2.873918337131550871e+00,-5.000000074505805969e-02,0.000000000000000000e+00
4.080000000000000426e+01,8.717352818800208070e+00,2.810441837811842536e+00,2.873918337131550871e+00,-5.000000074505805969e-02,0.000000000000000000e+00
4.085000000000000142e+01,8.719763790391874991e+00,2.809780614573866853e+00,2.873918337131550871e+00,-5.000000074505805969e-02,0.000000000000000000e+00
4.090000000000000568e+01,8.722174761983541913e+00,2.809119391335891169e+00,2.873918337131550871e+00,-5.000000074505805969e-02,0.000000000000000000e+00
4.095000000000000284e+01,8.724585733575208835e+00,2.808458168097915486e+00,2.873918337131550871e+00,-5.000000074505805969e-02,0.000000000000000000e+00
4.100000000000000000e+01,8.726996705166875756e+00,2.807796944859939803e+00,2.873918337131550871e+00,-5.000000074505805969e-02,0.000000000000000000e+00
4.105000000000000426e+01,8.729407676758542678e+00,2.807135721621964120e+00,2.873918337131550871e+00,-5.000000074505805969e-02,0.000000000000000000e+00
4.110000000000000142e+01,8.731818648350209600e+00,2.806474498383988436e+00,2.873918337131550871e+00,-5.000000074505805969e-02,0.000000000000000000e+00
4.115000000000000568e+01,8.734229619941876521e+00,2.805813275146012753e+00,2.873918337131550871e+00,-5.000000074505805969e-02,0.000000000000000000e+00
4.120000000000000284e+01,8.736640591533543443e+00,2.805152051908037070e+00,2.873918337131550871e+00,-5.000000074505805969e-02,0.000000000000000000e+00
4.125000000000000000e+01,8.739051563125210365e+00,2.804490828670061386e+00,2.873918337131550871e+00,-5.000000074505805969e-02,0.000000000000000000e+00
4.130000000000000426e+01,8.741462534716877286e+00,2.803829605432085703e+00,2.873918337131550871e+00,-5.000000074505805969e-02,0.000000000000000000e+00
4.135000000000000142e+01,8.743873506308544208e+00,2.803168382194110020e+00,2.873918337131550871e+00,-5.000000074505805969e-02,0.000000000000000000e+00
4.140000000000000568e+01,8.746284477900211130e+00,2.802507158956134337e+00,2.873918337131550871e+00,-5.000000074505805969e-02,0.000000000000000000e+00
4.145000000000000284e+01,8.748695449491878051e+00,2.801845935718158653e+00,2.873918337131550871e+00,-5.000000074505805969e-02,0.000000000000000000e+00
4.150000000000000000e+01,8.751106421083544973e+00,2.801184712480182970e+00,2.873918337131550871e+00,-5.000000074505805969e-02,0.000000000000000000e+00
4.155000000000000426e+01,8.753517392675211894e+00,2.800523489242207287e+00,2.873918337131550871e+00,-5.000000074505805969e-02,0.000000000000000000e+00
4.160000000000000142e+01,8.755928364266878816e+00,2.799862266004231603e+00,2.873918337131550871e+00,-5.000000074505805969e-02,0.000000000000000000e+00
4.165000000000000568e+01,8.758339335858545738e+00,2.799201042766255920e+00,2.873918337131550871e+00,-5.000000074505805969e-02,0.000000000000000000e+00
4.170000000000000284e+01,8.760750307450212659e+00,2.798539819528280237e+00,2.873918337131550871e+00,-5.000000074505805969e-02,0.000000000000000000e+00
4.175000000000000000e+01,8.763161279041879581e+00,2.797878596290304554e+00,2.873918337131550871e+00,-5.000000074505805969e-02,0.000000000000000000e+00
4.180000000000000426e+01,8.765572250633546503e+00,2.797217373052328870e+00,2.873918337131550871e+00,-5.000000074505805969e-02,0.000000000000000000e+00
4.185000000000000142e+01,8.767983222225213424e+00,2.796556149814353187e+00,2.873918337131550871e+00,-5.000000074505805969e-02,0.000000000000000000e+00
4.190000000000000568e+01,8.770394193816880346e+00,2.795894926576377504e+00,2.873918337131550871e+00,-5.000000074505805969e-02,0.000000000000000000e+00
4.195000000000000284e+01,8.772805165408547268e+00,2.795233703338401821e+00,2.873918337131550871e+00,-5.000000074505805969e-02,0.000000000000000000e+00
4.200000000000000000e+01,8.775216137000214189e+00,2.794572480100426137e+00,2.873918337131550871e+00,-5.000000074505805969e-02,0.000000000000000000e+00
4.205000000000000426e+01,8.777627108591881111e+00,2.793911256862450454e+00,2.873918337131550871e+00,-5.000000074505805969e-02,0.000000000000000000e+00
4.210000000000000142e+01,8.780038080183548033e+00,2.793250033624474771e+00,2.873918337131550871e+00,-5.000000074505805969e-02,0.000000000000000000e+00
4.215000000000000568e+01,8.782449051775214954e+00,2.792588810386499087e+00,2.873918337131550871e+00,-5.000000074505805969e-02,0.000000000000000000e+00
4.220000000000000284e+01,8.784860023366881876e+00,2.791927587148523404e+00,2.873918337131550871e+00,-5.000000074505805969e-02,0.000000000000000000e+00
4.225000000000000000e+01,8.787270994958548798e+00,2.791266363910547721e+00,2.873918337131550871e+00,-5.000000074505805969e-02,0.000000000000000000e+00
4.230000000000000426e+01,8.789681966550215719e+00,2.790605140672572038e+00,2.873918337131550871e+00,-5.000000074505805969e-02,0.000000000000000000e+00
4.235000000000000142e+01,8.792092938141882641e+00,2.789943917434596354e+00,2.873918337131550871e+00,-5.000000074505805969e-02,0.000000000000000000e+00
4.240000000000000568e+01,8.794503909733549563e+00,2.789282694196620671e+00,2.873918337131550871e+00,-5.000000074505805969e-02,0.000000000000000000e+00
4.245000000000000284e+01,8.796914881325216484e+00,2.788621470958644988e+00,2.873918337131550871e+00,-5.000000074505805969e-02,0.000000000000000000e+00
4.250000000000000000e+01,8.799325852916883406e+00,2.787960247720669305e+00,2.873918337131550871e+00,-5.000000074505805969e-02,0.000000000000000000e+00
4.255000000000000426e+01,8.801736824508550328e+00,2.787299024482693621e+00,2.873918337131550871e+00,-5.000000074505805969e-02,0.000000000000000000e+00
4.260000000000000142e+01,8.804147796100217249e+00,2.786637801244717938e+00,2.873918337131550871e+00,-5.000000074505805969e-02,0.000000000000000000e+00
4.265000000000000568e+01,8.806558767691884171e+00,2.785976578006742255e+00,2.873918337131550871e+00,-5.000000074505805969e-02,0.000000000000000000e+00
4.270000000000000284e+01,8.808969739283551093e+00,2.785315354768766571e+00,2.873918337131550871e+00,-5.000000074505805969e-02,0.000000000000000000e+00
4.275000000000000000e+01,8.811380710875218014e+00,2.784654131530790888e+00,2.873918337131550871e+00,-5.000000074505805969e-02,0.000000000000000000e+00
4.280000000000000426e+01,8.813791682466884936e+00,2.783992908292815205e+00,2.873918337131550871e+00,-5.000000074505805969e-02,0.000000000000000000e+00
4.285000000000000142e+01,8.816202654058551857e+00,2.783331685054839522e+00,2.873918337131550871e+00,-5.000000074505805969e-02,0.000000000000000000e+00
4.290000000000000568e+01,8.818613625650218779e+00,2.782670461816863838e+00,2.873918337131550871e+00,-5.000000074505805969e-02,0.000000000000000000e+00
4.295000000000000284e+01,8.821024597241885701e+00,2.782009238578888155e+00,2.873918337131550871e+00,-5.000000074505805969e-02,0.000000000000000000e+00
4.300000000000000000e+01,8.823435568833552622e+00,2.781348015340912472e+00,2.873918337131550871e+00,-5.000000074505805969e-02,0.000000000000000000e+00
4.305000000000000426e+01,8.825846540425219544e+00,2.780686792102936788e+00,2.873918337131550871e+00,-5.000000074505805969e-02,0.000000000000000000e+00
4.310000000000000142e+01,8.828257512016886466e+00,2.780025568864961105e+00,2.873918337131550871e+00,-5.000000074505805969e-02,0.000000000000000000e+00
4.315000000000000568e+01,8.830668483608553387e+00,2.779364345626985422e+00,2.873918337131550871e+00,-5.000000074505805969e-02,0.000000000000000000e+00
4.320000000000000284e+01,8.833079455200220309e+00,2.778703122389009739e+00,2.873918337131550871e+00,-5.000000074505805969e-02,0.000000000000000000e+00
4.325000000000000000e+01,8.835490426791887231e+00,2.778041899151034055e+00,2.873918337131550871e+00,-5.000000074505805969e-02,0.000000000000000000e+00
4.330000000000000426e+01,8.837901398383554152e+00,2.777380675913058372e+00,2.873918337131550871e+00,-5.000000074505805969e-02,0.000000000000000000e+00
4.335000000000000142e+01,8.840312369975221074e+00,2.776719452675082689e+00,2.873918337131550871e+00,-5.000000074505805969e-02,0.000000000000000000e+00
4.340000000000000568e+01,8.842723341566887996e+00,2.776058229437107006e+00,2.873918337131550871e+00,-5.000000074505805969e-02,0.000000000000000000e+00
4.345000000000000284e+01,8.845134313158554917e+00,2.775397006199131322e+00,2.873918337131550871e+00,-5.000000074505805969e-02,0.000000000000000000e+00
4.350000000000000000e+01,8.847545284750221839e+00,2.774735782961155639e+00,2.873918337131550871e+00,-5.000000074505805969e-02,0.000000000000000000e+00
4.355000000000000426e+01,8.849956256341888761e+00,2.774074559723179956e+00,2.873918337131550871e+00,-5.000000074505805969e-02,0.000000000000000000e+00
4.360000000000000142e+01,8.852367227933555682e+00,2.773413336485204272e+00,2.873918337131550871e+00,-5.000000074505805969e-02,0.000000000000000000e+00
4.365000000000000568e+01,8.854778199525222604e+00,2.772752113247228589e+00,2.873918337131550871e+00,-5.000000074505805969e-02,0.000000000000000000e+00
4.370000000000000284e+01,8.857189171116889526e+00,2.772090890009252906e+00,2.873918337131550871e+00,-5.000000074505805969e-02,0.000000000000000000e+00
4.375000000000000000e+01,8.859600142708556447e+00,2.771429666771277223e+00,2.873918337131550871e+00,-5.000000074505805969e-02,0.000000000000000000e+00
4.380000000000000426e+01,8.862011114300223369e+00,2.770768443533301539e+00,2.873918337131550871e+00,-5.000000074505805969e-02,0.000000000000000000e+00
4.385000000000000142e+01,8.864422085891890291e+00,2.770107220295325856e+00,2.873918337131550871e+00,-5.000000074505805969e-02,0.000000000000000000e+00
4.390000000000000568e+01,8.866833057483557212e+00,2.769445997057350173e+00,2.873918337131550871e+00,-5.000000074505805969e-02,0.000000000000000000e+00
4.395000000000000284e+01,8.869244029075224134e+00,2.768784773819374490e+00,2.873918337131550871e+00,-5.000000074505805969e-02,0.000000000000000000e+00
4.400000000000000000e+01,8.871655000666891056e+00,2.768123550581398806e+00,2.873918337131550871e+00,-5.000000074505805969e-02,0.000000000000000000e+00
4.405000000000000426e+01,8.874065972258557977e+00,2.767462327343423123e+00,2.873918337131550871e+00,-5.000000074505805969e-02,0.000000000000000000e+00
4.410000000000000142e+01,8.876476943850224899e+00,2.766801104105447440e+00,2.873918337131550871e+00,-5.000000074505805969e-02,0.000000000000000000e+00
4.415000000000000568e+01,8.878887915441891820e+00,2.766139880867471756e+00,2.873918337131550871e+00,-5.000000074505805969e-02,0.000000000000000000e+00
4.420000000000000284e+01,8.881298887033558742e+00,2.765478657629496073e+00,2.873918337131550871e+00,-5.000000074505805969e-02,0.000000000000000000e+00
4.425000000000000000e+01,8.883709858625225664e+00,2.764817434391520390e+00,2.873918337131550871e+00,-5.000000074505805969e-02,0.000000000000000000e+00
4.430000000000000426e+01,8.886120830216892585e+00,2.764156211153544707e+00,2.873918337131550871e+00,-5.000000074505805969e-02,0.000000000000000000e+00
4.435000000000000142e+01,8.888531801808559507e+00,2.763494987915569023e+00,2.873918337131550871e+00,-5.000000074505805969e-02,0.000000000000000000e+00
4.440000000000000568e+01,8.890942773400226429e+00,2.762833764677593340e+00,2.873918337131550871e+00,-5.000000074505805969e-02,0.000000000000000000e+00
4.445000000000000284e+01,8.893353744991893350e+00,2.762172541439617657e+00,2.873918337131550871e+00,-5.000000074505805969e-02,0.000000000000000000e+00
4.450000000000000000e+01,8.895764716583560272e+00,2.761511318201641974e+00,2.873918337131550871e+00,-5.000000074505805969e-02,0.000000000000000000e+00
4.455000000000000426e+01,8.898175688175227194e+00,2.760850094963666290e+00,2.873918337131550871e+00,-5.000000074505805969e-02,0.000000000000000000e+00
4.460000000000000142e+01,8.900586659766894115e+00,2.760188871725690607e+00,2.873918337131550871e+00,-5.000000074505805969e-02,0.000000000000000000e+00
4.465000000000000568e+01,8.902997631358561037e+00,2.759527648487714924e+00,2.873918337131550871e+00,-5.000000074505805969e-02,0.000000000000000000e+00
4.470000000000000284e+01,8.905408602950227959e+00,2.758866425249739240e+00,2.873918337131550871e+00,-5.000000074505805969e-02,0.000000000000000000e+00
4.475000000000000000e+01,8.907819574541894880e+00,2.758205202011763557e+00,2.873918337131550871e+00,-5.000000074505805969e-02,0.000000000000000000e+00
4.480000000000000426e+01,8.910230546133561802e+00,2.757543978773787874e+00,2.873918337131550871e+00,-5.000000074505805969e-02,0.000000000000000000e+00
4.485000000000000142e+01,8.912641517725228724e+00,2.756882755535812191e+00,2.873918337131550871e+00,-5.000000074505805969e-02,0.000000000000000000e+00
4.490000000000000568e+01,8.915052489316895645e+00,2.756221532297836507e+00,2.873918337131550871e+00,-5.000000074505805969e-02,0.000000000000000000e+00
4.495000000000000284e+01,8.917463460908562567e+00,2.755560309059860824e+00,2.873918337131550871e+00,-5.000000074505805969e-02,0.000000000000000000e+00
4.500000000000000000e+01,8.919874432500229489e+00,2.754899085821885141e+00,2.873918337131550871e+00,-5.000000074505805969e-02,0.000000000000000000e+00
