time_s,x_m,y_m,theta_rad,v_m_s,w_rad_s
0.000000000000000000e+00,6.750000000000000000e+00,3.350000000000000089e+00,2.873918337131550871e+00,0.000000000000000000e+00,0.000000000000000000e+00
5.000000000000000278e-02,6.750113605451807608e+00,3.349968843032014476e+00,2.871722459884992418e+00,-2.356009790673851967e-03,-4.391754493117332875e-02
1.000000000000000056e-01,6.750231761524411844e+00,3.349936158889196491e+00,2.869485782216003589e+00,-2.451865468174219131e-03,-4.473355337977409640e-02
1.500000000000000222e-01,6.750345398588812884e+00,3.349904450999353411e+00,2.867254302668085675e+00,-2.359556965529918671e-03,-4.462959095835685591e-02
2.000000000000000111e-01,6.750458944062678768e+00,3.349872495393964922e+00,2.865020208301654492e+00,-2.359129954129457474e-03,-4.468188732862472812e-02
2.500000000000000000e-01,6.750572459701312589e+00,3.349840274321099542e+00,2.862782818506172333e+00,-2.359999809414148331e-03,-4.474779590964317322e-02
3.000000000000000444e-01,6.750686133564316016e+00,3.349807733337512694e+00,2.860540098490825134e+00,-2.364797051995992661e-03,-4.485440030694008012e-02
3.500000000000000333e-01,6.750800102207075604e+00,3.349774831244594075e+00,2.858300650770476459e+00,-2.372458577156066895e-03,-4.478895440697670122e-02
4.000000000000000222e-01,6.750914781285445976e+00,3.349741445650415983e+00,2.856060522104313826e+00,-2.388797933235764503e-03,-4.480257332324982106e-02
4.500000000000000111e-01,6.751030195718814575e+00,3.349707565339560045e+00,2.853824489506593398e+00,-2.405690494924783707e-03,-4.472065195441245894e-02
5.000000000000000000e-01,6.751176816817483939e+00,3.349664167866841957e+00,2.851680519039442974e+00,-3.058175090700387955e-03,-4.287940934300422946e-02
5.500000000000000444e-01,6.751322626855451148e+00,3.349620670239282116e+00,2.849548500160386855e+00,-3.043196396902203560e-03,-4.264037758111954152e-02
6.000000000000000888e-01,6.751468435989801620e+00,3.349576834132407033e+00,2.847413192222526312e+00,-3.045121207833290100e-03,-4.270615875720978200e-02
6.500000000000000222e-01,6.751613682346280676e+00,3.349532828823412522e+00,2.845273019092788847e+00,-3.035323461517691612e-03,-4.280346259474754333e-02
7.000000000000000666e-01,6.751757782758446069e+00,3.349488833774216356e+00,2.843132172058036478e+00,-3.013336565345525742e-03,-4.281694069504737854e-02
7.500000000000000000e-01,6.751901864550128529e+00,3.349444506979610825e+00,2.840990293713917758e+00,-3.014924703165888786e-03,-4.283756688237190524e-02
8.000000000000000444e-01,6.752046084144752491e+00,3.349399799428544711e+00,2.838853019046297277e+00,-3.019805066287517548e-03,-4.274549335241317749e-02
8.500000000000000888e-01,6.752178056339289469e+00,3.349358579155385485e+00,2.836450137960424556e+00,-2.765195909887552261e-03,-4.805762171745300154e-02
9.000000000000000222e-01,6.752310394108007152e+00,3.349316895421613705e+00,2.834033015685787138e+00,-2.774946391582489014e-03,-4.834244549274444719e-02
9.500000000000000666e-01,6.752442385807786884e+00,3.349274969731922624e+00,2.831615081037094583e+00,-2.769806655123829842e-03,-4.835869297385216037e-02
1.000000000000000000e+00,6.752573821736734594e+00,3.349232870438944243e+00,2.829196877161672230e+00,-2.760272007435560226e-03,-4.836407750844955861e-02
1.050000000000000044e+00,6.752706051981660629e+00,3.349190163885296112e+00,2.826786610613277073e+00,-2.779114060103893280e-03,-4.820533096790313721e-02
1.100000000000000089e+00,6.752837426386703257e+00,3.349147383793209087e+00,2.824381088892629066e+00,-2.763285767287015915e-03,-4.811043441295623918e-02
1.150000000000000133e+00,6.752968199472126898e+00,3.349104451303654084e+00,2.821976850273718807e+00,-2.752802101895213127e-03,-4.808477237820625583e-02
1.200000000000000178e+00,6.753116059610589694e+00,3.349055515058190213e+00,2.819854916165282610e+00,-3.114955965429544449e-03,-4.243868216872215271e-02
1.250000000000000000e+00,6.753263350263611464e+00,3.349006420271418705e+00,2.817750706764569291e+00,-3.105146344751119614e-03,-4.208418801426887929e-02
1.300000000000000044e+00,6.753410264332580404e+00,3.348957107282021894e+00,2.815647773760070915e+00,-3.099387977272272110e-03,-4.205866008996963362e-02
1.350000000000000089e+00,6.753556730724023183e+00,3.348907601605515705e+00,2.813544234241058817e+00,-3.092132974416017532e-03,-4.207079038023948947e-02
1.400000000000000133e+00,6.753706339425606942e+00,3.348856682916042438e+00,2.811438358182718922e+00,-3.160726279020309448e-03,-4.211752116680145264e-02
1.450000000000000178e+00,6.753856066505694145e+00,3.348805371853778468e+00,2.809334762672593744e+00,-3.165503032505512238e-03,-4.207191020250320573e-02
1.500000000000000000e+00,6.754005686681460396e+00,3.348753745469207566e+00,2.807223371657242783e+00,-3.165531903505325317e-03,-4.222782030701637684e-02
1.550000000000000044e+00,6.754155523531301775e+00,3.348701690032434897e+00,2.805126132311930753e+00,-3.172434400767087936e-03,-4.194478690624237061e-02
1.600000000000000089e+00,6.754303715947258979e+00,3.348649857333878987e+00,2.803022359105458161e+00,-3.139912150800228119e-03,-4.207546412944793840e-02
1.650000000000000133e+00,6.754451980654956778e+00,3.348597649017898359e+00,2.800931461843361614e+00,-3.143764100968837738e-03,-4.181794524192810475e-02
1.700000000000000178e+00,6.754600289645581235e+00,3.348545076301750800e+00,2.798842249343802546e+00,-3.147026989609003067e-03,-4.178424999117851674e-02
1.750000000000000000e+00,6.754747869164470231e+00,3.348492414843633469e+00,2.796755924242248170e+00,-3.133875783532857895e-03,-4.172650203108787398e-02
1.800000000000000044e+00,6.754896481400583852e+00,3.348439035082701132e+00,2.794668348225464616e+00,-3.158163744956254959e-03,-4.175152033567428728e-02
1.850000000000000089e+00,6.755043423742562503e+00,3.348385908538199285e+00,2.792586599643041900e+00,-3.125026822090148926e-03,-4.163497164845466475e-02
1.900000000000000133e+00,6.755191001345166590e+00,3.348332204677041624e+00,2.790507254319896546e+00,-3.140907734632492065e-03,-4.158690646290779530e-02
1.950000000000000178e+00,6.755337437397106903e+00,3.348278571154067684e+00,2.788440098630895481e+00,-3.118978813290596008e-03,-4.134311378002166609e-02
2.000000000000000000e+00,6.755483617754816095e+00,3.348224688307883667e+00,2.786381813342382774e+00,-3.115898463875055313e-03,-4.116570577025413513e-02
2.050000000000000266e+00,6.755629858957409084e+00,3.348170440870111619e+00,2.784328950474669995e+00,-3.119568806141614914e-03,-4.105725735425948958e-02
2.100000000000000089e+00,6.755775407666185117e+00,3.348116110144615298e+00,2.782278087529053590e+00,-3.107169410213828087e-03,-4.101725891232490401e-02
2.149999999999999911e+00,6.755920715796059461e+00,3.348061529431090477e+00,2.780232115256299874e+00,-3.104416653513908386e-03,-4.091944545507431030e-02
2.200000000000000178e+00,6.756054299040500588e+00,3.348011040715896947e+00,2.779013204061126174e+00,-2.856122795492410660e-03,-2.437822390347719331e-02
2.250000000000000000e+00,6.756184783824766171e+00,3.347961541231583737e+00,2.777820899457370540e+00,-2.791163045912981033e-03,-2.384609207510948389e-02
2.300000000000000266e+00,6.756316096424102469e+00,3.347911548538635707e+00,2.776624998095145180e+00,-2.810143632814288139e-03,-2.391802724450826576e-02
2.350000000000000089e+00,6.756447379385948082e+00,3.347861387289266855e+00,2.775432023609688326e+00,-2.810791134834289551e-03,-2.385948970913887024e-02
2.400000000000000355e+00,6.756578539998896460e+00,3.347811093391379611e+00,2.774244137023275325e+00,-2.809454221278429031e-03,-2.375773172825574805e-02
2.450000000000000178e+00,6.756708752727087486e+00,3.347760985460392025e+00,2.773062458744903758e+00,-2.790423575788736343e-03,-2.363356556743383477e-02
2.500000000000000000e+00,6.756838715431457310e+00,3.347710797346393097e+00,2.771880861938631035e+00,-2.786334604024887085e-03,-2.363193612545728614e-02
2.550000000000000266e+00,6.756969410284615840e+00,3.347660148956534520e+00,2.770700968083625426e+00,-2.803312614560127258e-03,-2.359787710011005540e-02
2.600000000000000089e+00,6.757108720177872563e+00,3.347605972823313625e+00,2.769630477091928888e+00,-2.989468164741992950e-03,-2.140981983393430710e-02
2.650000000000000355e+00,6.757234687766767500e+00,3.347556830064620570e+00,2.768545369569843650e+00,-2.704281359910964966e-03,-2.170215044170618196e-02
2.700000000000000178e+00,6.757360170946213884e+00,3.347507719332245557e+00,2.767469952701290925e+00,-2.695024479180574417e-03,-2.150833737105131357e-02
2.750000000000000000e+00,6.757486507866051539e+00,3.347458117727212468e+00,2.766392978307491202e+00,-2.714504487812519073e-03,-2.153948787599802017e-02
2.800000000000000266e+00,6.757612434313203131e+00,3.347408520688399225e+00,2.765310459703838486e+00,-2.706831088289618492e-03,-2.165037207305431366e-02
2.850000000000000089e+00,6.757739137735392809e+00,3.347358459129359698e+00,2.764236229377498688e+00,-2.724695717915892601e-03,-2.148460652679205080e-02
2.900000000000000355e+00,6.757865880563950434e+00,3.347308224528057874e+00,2.763166354120409007e+00,-2.726702019572257996e-03,-2.139750514179468086e-02
2.950000000000000178e+00,6.757991480844035337e+00,3.347258287224182727e+00,2.762105569288765938e+00,-2.703269477933645248e-03,-2.121569663286209176e-02
3.000000000000000000e+00,6.758117319693605296e+00,3.347208100413063381e+00,2.761036205579226799e+00,-2.709548454731702805e-03,-2.138727419078350137e-02
3.050000000000000266e+00,6.758243577185602646e+00,3.347157590082799228e+00,2.759976841228714228e+00,-2.719724085181951523e-03,-2.118728701025247504e-02
3.100000000000000089e+00,6.758368346315044128e+00,3.347107521788674322e+00,2.758916252617424458e+00,-2.688804175704717636e-03,-2.121177222579717636e-02
3.150000000000000355e+00,6.758493743827870937e+00,3.347057046854728490e+00,2.757856281668579435e+00,-2.703498117625713348e-03,-2.119941897690296242e-02
3.200000000000000178e+00,6.758619481543561847e+00,3.347006280044028337e+00,2.756797238177320253e+00,-2.711991313844919205e-03,-2.118086982518434594e-02
3.250000000000000000e+00,6.758744876267424040e+00,3.346955497204059604e+00,2.755746088678649119e+00,-2.705751918256282806e-03,-2.102298997342586656e-02
3.300000000000000266e+00,6.758870092557567766e+00,3.346904633353101399e+00,2.754698716987556306e+00,-2.703053876757621765e-03,-2.094743382185697625e-02
3.350000000000000089e+00,6.758995830448511377e+00,3.346853404133887544e+00,2.753655508168673549e+00,-2.715470502153038979e-03,-2.086417637765407632e-02
3.400000000000000355e+00,6.759120963687481165e+00,3.346802268992927321e+00,2.752616277652493171e+00,-2.703562844544649124e-03,-2.078461032360792368e-02
3.450000000000000178e+00,6.759246420884417184e+00,3.346750849252206894e+00,2.751581270777320842e+00,-2.711715176701545715e-03,-2.070013750344515055e-02
3.500000000000000000e+00,6.759371883605417963e+00,3.346699275514640970e+00,2.750545601731797962e+00,-2.712986897677183151e-03,-2.071338091045618265e-02
3.550000000000000266e+00,6.759496849185038236e+00,3.346647754779106254e+00,2.749524277223905688e+00,-2.703389152884483337e-03,-2.042649015784263680e-02
3.600000000000000089e+00,6.759622093216911765e+00,3.346595969523316061e+00,2.748497033583631843e+00,-2.710555680096149445e-03,-2.054487280547618797e-02
3.650000000000000355e+00,6.759746687925019870e+00,3.346544302812503258e+00,2.747472272411620509e+00,-2.697650110349059105e-03,-2.049522344022989412e-02
3.700000000000000178e+00,6.759873065846315754e+00,3.346491744800470070e+00,2.746459076841062164e+00,-2.737423870712518692e-03,-2.026391141116619041e-02
3.750000000000000000e+00,6.759998281275425569e+00,3.346439521372315706e+00,2.745454651674887447e+00,-2.713388297706842422e-03,-2.008850332349538734e-02
3.800000000000000266e+00,6.760130635726637749e+00,3.346384164351916990e+00,2.744680637399366407e+00,-2.869292628020048141e-03,-1.548028551042079926e-02
3.850000000000000089e+00,6.760263128834717250e+00,3.346328628808413086e+00,2.743920811758076894e+00,-2.873229561373591423e-03,-1.519651282578706776e-02
3.900000000000000355e+00,6.760395051800356825e+00,3.346273214357406545e+00,2.743154445633923633e+00,-2.861777786165475845e-03,-1.532732248306274518e-02
3.950000000000000178e+00,6.760526948911885547e+00,3.346217691811512296e+00,2.742397037417327876e+00,-2.862139139324426651e-03,-1.514816433191299404e-02
4.000000000000000000e+00,6.760659475821793940e+00,3.346161785948147838e+00,2.741645299725866014e+00,-2.876723650842905045e-03,-1.503475382924079895e-02
4.049999999999999822e+00,6.760791160811182365e+00,3.346106118599398105e+00,2.740892505579328287e+00,-2.859355881810188293e-03,-1.505588293075561628e-02
4.100000000000000533e+00,6.760922761001108228e+00,3.346050370289389786e+00,2.740130387403702628e+00,-2.858425024896860123e-03,-1.524236351251602277e-02
4.150000000000000355e+00,6.761054655831747695e+00,3.345994378567784810e+00,2.739368737273550014e+00,-2.865750808268785477e-03,-1.523300260305404663e-02
4.200000000000000178e+00,6.761186769683252606e+00,3.345938175070828802e+00,2.738617791420480785e+00,-2.871438860893249512e-03,-1.501891706138849293e-02
4.250000000000000000e+00,6.761318065979557979e+00,3.345882202898273761e+00,2.737868698722383698e+00,-2.854582387953996658e-03,-1.498185396194458112e-02
4.299999999999999822e+00,6.761450078802771380e+00,3.345825808368260823e+00,2.737114013953766634e+00,-2.871078439056873322e-03,-1.509369537234306335e-02
4.350000000000000533e+00,6.761582185202460238e+00,3.345769255932478092e+00,2.736360787133387262e+00,-2.874040976166725159e-03,-1.506453640758991311e-02
4.400000000000000355e+00,6.761713883564593353e+00,3.345712760755179094e+00,2.735608665215483626e+00,-2.866088878363370895e-03,-1.504243835806846723e-02
4.450000000000000178e+00,6.761845591836988412e+00,3.345656143999060639e+00,2.734863540510347857e+00,-2.867230447009205818e-03,-1.490249410271644696e-02
4.500000000000000000e+00,6.761976892322511645e+00,3.345599586585421115e+00,2.734119892025998588e+00,-2.859269734472036362e-03,-1.487296968698501552e-02
4.549999999999999822e+00,6.762108884128494424e+00,3.345542614981957819e+00,2.733382952081671924e+00,-2.875246107578277588e-03,-1.473879888653755257e-02
4.600000000000000533e+00,6.762239769946202017e+00,3.345486006294650316e+00,2.732642575389406581e+00,-2.852061763405799866e-03,-1.480753384530544316e-02
4.650000000000000355e+00,6.762371846927361929e+00,3.345428766308044199e+00,2.731897411876059056e+00,-2.878940431401133537e-03,-1.490327026695013012e-02
4.700000000000000178e+00,6.762502977114210445e+00,3.345371820542878627e+00,2.731154579621440703e+00,-2.859226893633604050e-03,-1.485664509236812696e-02
4.750000000000000000e+00,6.762633607437229522e+00,3.345314976479334845e+00,2.730418697054199040e+00,-2.849247539415955544e-03,-1.471765134483575890e-02
4.800000000000000711e+00,6.762765224462805591e+00,3.345257587818327050e+00,2.729677267930171514e+00,-2.871689386665821075e-03,-1.482858248054981336e-02
4.850000000000000533e+00,6.762896162974657344e+00,3.345200379431877202e+00,2.728946358429900521e+00,-2.857809886336326599e-03,-1.461819000542163849e-02
4.900000000000000355e+00,6.763027295298726926e+00,3.345142972188450248e+00,2.728212138580790924e+00,-2.862954977899789810e-03,-1.468439698219299420e-02
4.950000000000000178e+00,6.763158712473022582e+00,3.345085325224559814e+00,2.727476051746569041e+00,-2.870097290724515915e-03,-1.472173668444156681e-02
5.000000000000000000e+00,6.763289844251530347e+00,3.345027688316588588e+00,2.726739441713950995e+00,-2.864790149033069611e-03,-1.473220065236091614e-02
5.050000000000000711e+00,6.763420088203996983e+00,3.344970327127982923e+00,2.726000439150891630e+00,-2.846316434442996979e-03,-1.478005126118660077e-02
5.100000000000000533e+00,6.763551234649809452e+00,3.344912452715395723e+00,2.725260892350859443e+00,-2.866973169147968292e-03,-1.479093600064516033e-02
5.150000000000000355e+00,6.763682160495015694e+00,3.344854559933343907e+00,2.724539647184945235e+00,-2.863085828721523285e-03,-1.442490331828594208e-02
5.200000000000000178e+00,6.763813128381042539e+00,3.344796535596580522e+00,2.723815647306553789e+00,-2.864919602870941162e-03,-1.447999756783246994e-02
5.250000000000000000e+00,6.763943507504245112e+00,3.344738659147662663e+00,2.723086663632355187e+00,-2.852956298738718033e-03,-1.457967348396778211e-02
5.300000000000000711e+00,6.764074225328135626e+00,3.344680518240793710e+00,2.722367526850364872e+00,-2.861294429749250412e-03,-1.438273563981056283e-02
5.350000000000000533e+00,6.764205065933718508e+00,3.344622209980135263e+00,2.721651797647289595e+00,-2.864899113774299622e-03,-1.431458406150340999e-02
5.400000000000000355e+00,6.764336054285131183e+00,3.344563723470446170e+00,2.720931731815151355e+00,-2.869050018489360809e-03,-1.440131664276123047e-02
5.450000000000000178e+00,6.764466757500282590e+00,3.344505251360216924e+00,2.720211553162596552e+00,-2.863726112991571426e-03,-1.440357305109500954e-02
5.500000000000000000e+00,6.764597272141151585e+00,3.344446750769838772e+00,2.719503203135616332e+00,-2.860516775399446487e-03,-1.416700053960084915e-02
5.550000000000000711e+00,6.764728023082203556e+00,3.344388033002040572e+00,2.718797952065876711e+00,-2.866606693714857101e-03,-1.410502139478921925e-02
5.600000000000000533e+00,6.764858428747892560e+00,3.344329359739410368e+00,2.718085528685412200e+00,-2.859943313524127007e-03,-1.424846760928630794e-02
5.650000000000000355e+00,6.764996166595310001e+00,3.344267269487089855e+00,2.717624819640702238e+00,-3.021715674549341202e-03,-9.214180894196033825e-03
5.700000000000000178e+00,6.765133667128657713e+00,3.344205209976230275e+00,2.717167466793841246e+00,-3.017136361449956894e-03,-9.147056937217712055e-03
5.750000000000000000e+00,6.765271025688387674e+00,3.344143138909615232e+00,2.716712459119668743e+00,-3.014643676578998566e-03,-9.100153483450413097e-03
5.800000000000000711e+00,6.765408162529226388e+00,3.344081092879884309e+00,2.716259805000087901e+00,-3.010396845638751984e-03,-9.053082391619683353e-03
5.850000000000000533e+00,6.765545544331053485e+00,3.344018861088885686e+00,2.715812222770115802e+00,-3.016392234712839127e-03,-8.951644599437714664e-03
5.900000000000000355e+00,6.765682273470718044e+00,3.343956851173655043e+00,2.715359517437106351e+00,-3.002671292051672935e-03,-9.054106660187244415e-03
5.950000000000000178e+00,6.765819628509857964e+00,3.343894482411674307e+00,2.714908727368971597e+00,-3.017036244273185730e-03,-9.015801362693309784e-03
6.000000000000000000e+00,6.765956917585718600e+00,3.343832068937642621e+00,2.714460339219009644e+00,-3.016205038875341415e-03,-8.967762999236584751e-03
6.050000000000000711e+00,6.766093726991910806e+00,3.343769799491008055e+00,2.714023397060742582e+00,-3.006279934197664261e-03,-8.738843165338039745e-03
6.100000000000000533e+00,6.766230607590691726e+00,3.343707425427100421e+00,2.713581381797490533e+00,-3.008442930877208710e-03,-8.840305265039205551e-03
6.150000000000000355e+00,6.766367393212833647e+00,3.343645021611742152e+00,2.713147355409970540e+00,-3.006961429491639137e-03,-8.680527750402690021e-03
6.200000000000000178e+00,6.766505015071107465e+00,3.343582164113995336e+00,2.712704308376347573e+00,-3.025943879038095474e-03,-8.860940672457217823e-03
6.250000000000000000e+00,6.766642299382545467e+00,3.343519387260826647e+00,2.712260140975637501e+00,-3.019133349880576134e-03,-8.883348014205694892e-03
6.300000000000000711e+00,6.766779443924241022e+00,3.343456600653488486e+00,2.711819018846077789e+00,-3.016672562807798386e-03,-8.822442591190337788e-03
6.350000000000000533e+00,6.766916886834877687e+00,3.343393604097483873e+00,2.711376139366699523e+00,-3.023846540600061417e-03,-8.857589587569237102e-03
6.400000000000000355e+00,6.767053599442763634e+00,3.343330868991638116e+00,2.710932179460002089e+00,-3.008390311151742935e-03,-8.879198133945465435e-03
6.450000000000000178e+00,6.767191081871177794e+00,3.343267706723690669e+00,2.710488318920766915e+00,-3.025947138667106628e-03,-8.877210784703493118e-03
6.500000000000000000e+00,6.767328159435252566e+00,3.343204656758391735e+00,2.710055398483460554e+00,-3.017651848495006561e-03,-8.658408746123313557e-03
6.550000000000000711e+00,6.767465379460948505e+00,3.343141469279098388e+00,2.709617507829030547e+00,-3.021389944478869438e-03,-8.757813088595868198e-03
6.600000000000000533e+00,6.767602500981463542e+00,3.343078254368793800e+00,2.709175972639282559e+00,-3.019830211997032166e-03,-8.830703794956207275e-03
6.650000000000000355e+00,6.767740135337947827e+00,3.343014729332861812e+00,2.708730624689420274e+00,-3.031741827726364136e-03,-8.906958997249603618e-03
6.700000000000000178e+00,6.767877385106514154e+00,3.342951307642962888e+00,2.708295603202355739e+00,-3.023892175406217575e-03,-8.700429741293192604e-03
6.750000000000000000e+00,6.768013837043630687e+00,3.342888182573813705e+00,2.707861929860597261e+00,-3.006919054314494133e-03,-8.673466835170983921e-03
6.800000000000000711e+00,6.768150573798721759e+00,3.342824853738421087e+00,2.707422820393627472e+00,-3.013800363987684250e-03,-8.782189339399337769e-03
6.850000000000000533e+00,6.768287544359980146e+00,3.342761343555852971e+00,2.706980636821759933e+00,-3.019568044692277908e-03,-8.843671437352896084e-03
6.900000000000000355e+00,6.768423907818260865e+00,3.342698041596817049e+00,2.706543966488613062e+00,-3.006801009178161621e-03,-8.733406662940979004e-03
6.950000000000000178e+00,6.768561537945224416e+00,3.342634078566339095e+00,2.706104129933452285e+00,-3.035346511751413345e-03,-8.796731103211640965e-03
7.000000000000000000e+00,6.768698389721339304e+00,3.342570404062924272e+00,2.705672023085577305e+00,-3.018797840923070908e-03,-8.642136957496404995e-03
7.050000000000000711e+00,6.768835337248717998e+00,3.342506613007059535e+00,2.705234330327881409e+00,-3.021517768502235413e-03,-8.753855153918266643e-03
7.100000000000000533e+00,6.768972859096200168e+00,3.342442481161593815e+00,2.704794914795717098e+00,-3.034808207303285599e-03,-8.788310643285513965e-03
7.150000000000000355e+00,6.769110137728840293e+00,3.342378389280905804e+00,2.704361702081447216e+00,-3.030062187463045120e-03,-8.664254285395146457e-03
7.200000000000000178e+00,6.769247060232007840e+00,3.342314391407432694e+00,2.703929320516695878e+00,-3.022813238203525543e-03,-8.647631295025349010e-03
7.250000000000000000e+00,6.769383868261126480e+00,3.342250374948627645e+00,2.703498188526069601e+00,-3.020896809175610542e-03,-8.622639812529087067e-03
7.300000000000000711e+00,6.769520415897320120e+00,3.342186408560663846e+00,2.703064191768577373e+00,-3.015755675733089447e-03,-8.679935149848461498e-03
7.350000000000000533e+00,6.769657062197062203e+00,3.342122323620266844e+00,2.702628568418955268e+00,-3.018548712134361267e-03,-8.712466992437840549e-03
7.400000000000000355e+00,6.769793865927312915e+00,3.342058092130041569e+00,2.702190628311296638e+00,-3.022644203156232834e-03,-8.758802153170109836e-03
7.450000000000000178e+00,6.769930960302865230e+00,3.341993650887782330e+00,2.701762690412511603e+00,-3.029689192771911621e-03,-8.558757975697517742e-03
7.500000000000000000e+00,6.770067048228340489e+00,3.341929611608775552e+00,2.701326173761559257e+00,-3.008052706718444824e-03,-8.730333019047976581e-03
7.550000000000000711e+00,6.770204241236091214e+00,3.341864979144707704e+00,2.700894656664391658e+00,-3.033102490007877350e-03,-8.630341943353414189e-03
7.600000000000000533e+00,6.770340962365462012e+00,3.341800496879296478e+00,2.700472534046208128e+00,-3.023284953087568283e-03,-8.442452363669873325e-03
7.650000000000000355e+00,6.770477300024988487e+00,3.341736125104303401e+00,2.700044086988715009e+00,-3.015405964106321335e-03,-8.568941149860620499e-03
7.700000000000000178e+00,6.770613613607456394e+00,3.341671693260137133e+00,2.699613672237542783e+00,-3.015483729541301727e-03,-8.608295023441315044e-03
7.750000000000000000e+00,6.770750286117970695e+00,3.341607019776713372e+00,2.699186965975609809e+00,-3.024039324373006821e-03,-8.534125238656998721e-03
7.800000000000000711e+00,6.770886829620605951e+00,3.341542336015106862e+00,2.698754281153601831e+00,-3.021795302629470825e-03,-8.653696440160275200e-03
7.850000000000000533e+00,6.771020411070386658e+00,3.341478984661317320e+00,2.698259210496840144e+00,-2.956849522888660431e-03,-9.901413135230541576e-03
7.900000000000000355e+00,6.771155562911900461e+00,3.341414806567119644e+00,2.697769702071023179e+00,-2.992313355207443237e-03,-9.790168516337871898e-03
7.950000000000000178e+00,6.771289681012029327e+00,3.341351038879929458e+00,2.697277864733409913e+00,-2.970116678625345230e-03,-9.836746752262115825e-03
8.000000000000000000e+00,6.771423800254267711e+00,3.341287189753826770e+00,2.696788107365069020e+00,-2.970837056636810303e-03,-9.795147366821766247e-03
8.050000000000000711e+00,6.771557665193141951e+00,3.341223381253368263e+00,2.696304191722233679e+00,-2.965895924717187881e-03,-9.678312856703997352e-03
8.099999999999999645e+00,6.771692015897457395e+00,3.341159261401755121e+00,2.695815513104830696e+00,-2.977345604449510574e-03,-9.773572348058224071e-03
8.150000000000000355e+00,6.771826577071908382e+00,3.341094960347922083e+00,2.695326806743328252e+00,-2.982705831527709961e-03,-9.774127230048180667e-03
8.200000000000001066e+00,6.771961001749758680e+00,3.341030643805830813e+00,2.694840815154534663e+00,-2.980376593768596649e-03,-9.719831775873899807e-03
8.250000000000000000e+00,6.772094982733653623e+00,3.340966459514409070e+00,2.694354512513314148e+00,-2.971230540424585342e-03,-9.726052824407816974e-03
8.300000000000000711e+00,6.772230079024585514e+00,3.340901660135584983e+00,2.693867044075091144e+00,-2.996662631630897522e-03,-9.749368764460086823e-03
8.349999999999999645e+00,6.772364323012299181e+00,3.340837189052720202e+00,2.693384836873669919e+00,-2.978453878313302994e-03,-9.644144028425217369e-03
8.400000000000000355e+00,6.772498022204206158e+00,3.340772900250881694e+00,2.692901194941882625e+00,-2.967054024338722229e-03,-9.672838635742664684e-03
8.450000000000001066e+00,6.772632588016470834e+00,3.340708114589518996e+00,2.692412728973363034e+00,-2.986981067806482315e-03,-9.769319370388985374e-03
8.500000000000000000e+00,6.772767687160804684e+00,3.340642990853220251e+00,2.691932874278795573e+00,-2.999525284394621849e-03,-9.597093891352414738e-03
8.550000000000000711e+00,6.772901871852195832e+00,3.340578228554107021e+00,2.691454434826669129e+00,-2.979911863803863525e-03,-9.568789042532444000e-03
8.599999999999999645e+00,6.773035994244485991e+00,3.340513417187588985e+00,2.690976058071178123e+00,-2.979216631501913071e-03,-9.567535109817981373e-03
8.650000000000000355e+00,6.773170252030999094e+00,3.340448461153824766e+00,2.690497648877721915e+00,-2.982913982123136520e-03,-9.568183869123459903e-03
8.700000000000001066e+00,6.773304741553433317e+00,3.340383313582357516e+00,2.690020706223954061e+00,-2.988754771649837494e-03,-9.538853075355291367e-03
8.750000000000000000e+00,6.773439357747035316e+00,3.340318025362567944e+00,2.689540373844724552e+00,-2.992261433973908424e-03,-9.606647584587336280e-03
8.800000000000000711e+00,6.773573581013400791e+00,3.340252848055213608e+00,2.689062314972911594e+00,-2.984222956001758575e-03,-9.561177436262368809e-03
8.849999999999999645e+00,6.773708613051007354e+00,3.340187198224426002e+00,2.688592942225445537e+00,-3.002902027219533920e-03,-9.387454949319362640e-03
8.900000000000000355e+00,6.773843078017299568e+00,3.340121746041829098e+00,2.688117242272642038e+00,-2.990974113345146179e-03,-9.513999056071044055e-03
8.950000000000001066e+00,6.773977766339689843e+00,3.340056105868059788e+00,2.687643073693547713e+00,-2.996636554598808289e-03,-9.483371581882239429e-03
9.000000000000000000e+00,6.774112188429993076e+00,3.339990516546668342e+00,2.687175691270899502e+00,-2.991404850035905838e-03,-9.347648452967404972e-03
9.050000000000000711e+00,6.774246978485329862e+00,3.339924669666987977e+00,2.686700770751271783e+00,-3.000278025865554810e-03,-9.498410392552614212e-03
9.099999999999999645e+00,6.774381992985728296e+00,3.339858633700798496e+00,2.686236624623347335e+00,-3.005971666425466537e-03,-9.282922558486462680e-03
9.150000000000000355e+00,6.774516895938948124e+00,3.339792574681555326e+00,2.685761887625489841e+00,-3.004170488566160202e-03,-9.494739957153797497e-03
9.200000000000001066e+00,6.774651208245369816e+00,3.339726725818302100e+00,2.685302863008041552e+00,-2.991713117808103561e-03,-9.180492348968982350e-03
9.250000000000000000e+00,6.774785795498145191e+00,3.339660665512605320e+00,2.684829447501037691e+00,-2.998512471094727516e-03,-9.468310140073299061e-03
9.300000000000000711e+00,6.774920282243217962e+00,3.339594575514317931e+00,2.684369064093266033e+00,-2.996969968080520630e-03,-9.207668155431747783e-03
9.349999999999999645e+00,6.775054155403815948e+00,3.339528710511585619e+00,2.683904938752461611e+00,-2.983971964567899704e-03,-9.282506816089153984e-03
9.400000000000000355e+00,6.775188466051170089e+00,3.339462552823373898e+00,2.683438314682502490e+00,-2.994407434016466141e-03,-9.332481399178504597e-03
9.450000000000001066e+00,6.775323037658428582e+00,3.339396188545650457e+00,2.682976688657585651e+00,-3.000915516167879105e-03,-9.232520498335361828e-03
9.500000000000000000e+00,6.775457348758626708e+00,3.339329875639783118e+00,2.682510126236524517e+00,-2.995788585394620895e-03,-9.331248421221972553e-03
9.550000000000000711e+00,6.775591638151536422e+00,3.339263495506047619e+00,2.682049266233738738e+00,-2.995994873344898224e-03,-9.217200055718422977e-03
9.600000000000001421e+00,6.775726297157277145e+00,3.339196855430274891e+00,2.681590834091116093e+00,-3.004925791174173355e-03,-9.168642852455378273e-03
9.650000000000000355e+00,6.775861387971367833e+00,3.339129924546580419e+00,2.681129690277088695e+00,-3.015246009454131126e-03,-9.222876280546188354e-03
9.700000000000001066e+00,6.775995311006467681e+00,3.339063495305044871e+00,2.680675467190962724e+00,-2.989864442497491837e-03,-9.084461722522974014e-03
9.750000000000000000e+00,6.776129928466566810e+00,3.338996645402932728e+00,2.680231770392206059e+00,-3.006045240908861160e-03,-8.873935975134373752e-03
9.800000000000000711e+00,6.776264607674149509e+00,3.338929690328179323e+00,2.679775803115848731e+00,-3.008087165653705597e-03,-9.119345527142287341e-03
9.850000000000001421e+00,6.776399425894202189e+00,3.338862589460845687e+00,2.679325676475349916e+00,-3.011875087395310402e-03,-9.002532809972763062e-03
9.900000000000000355e+00,6.776534212135784330e+00,3.338795428792465714e+00,2.678875200141850765e+00,-3.011835739016532898e-03,-9.009526669979095112e-03
9.950000000000001066e+00,6.776668550082337816e+00,3.338728415940608762e+00,2.678429014253128404e+00,-3.002492710947990417e-03,-8.923717774450778961e-03
1.000000000000000000e+01,6.776804622982363746e+00,3.338660461789631828e+00,2.678003763927776504e+00,-3.041946794837713242e-03,-8.505006507039071170e-03
1.005000000000000071e+01,6.776941261398155447e+00,3.338592152610588393e+00,2.677580412271130861e+00,-3.055238164961338043e-03,-8.467033132910728108e-03
1.010000000000000142e+01,6.777077308647826648e+00,3.338524066965412818e+00,2.677155155575532408e+00,-3.042663913220167160e-03,-8.505133911967277527e-03
1.015000000000000036e+01,6.777213129130327474e+00,3.338456022567266146e+00,2.676738130034577168e+00,-3.038239199668169022e-03,-8.340510819107294777e-03
1.020000000000000107e+01,6.777349139266124034e+00,3.338387812184604009e+00,2.676320940334047993e+00,-3.043117700144648552e-03,-8.343794010579585682e-03
1.025000000000000000e+01,6.777484838255820598e+00,3.338319686978988621e+00,2.675904133812222696e+00,-3.036791691556572914e-03,-8.336130436509847988e-03
1.030000000000000071e+01,6.777620807153521554e+00,3.338251355299837186e+00,2.675491579136509479e+00,-3.043469041585922241e-03,-8.251093514263630954e-03
1.035000000000000142e+01,6.777757288695805293e+00,3.338182695447817760e+00,2.675072456485290129e+00,-3.055577632039785385e-03,-8.382453024387359966e-03
1.040000000000000036e+01,6.777894112868861676e+00,3.338113791353904070e+00,2.674658945266787047e+00,-3.063894808292388916e-03,-8.270224370062351921e-03
1.045000000000000107e+01,6.778030669652727269e+00,3.338044951112859149e+00,2.674247696910683203e+00,-3.058544360101222992e-03,-8.224967122077942935e-03
1.050000000000000000e+01,6.778166711090078955e+00,3.337976300486202863e+00,2.673833590577054942e+00,-3.047633916139602661e-03,-8.282126672565937736e-03
1.055000000000000071e+01,6.778302623585261699e+00,3.337907644298314214e+00,2.673417008480686974e+00,-3.045381978154182434e-03,-8.331641927361488689e-03
1.060000000000000142e+01,6.778438083520658353e+00,3.337839145876221103e+00,2.672997941066209471e+00,-3.035880625247955322e-03,-8.381348289549351779e-03
1.065000000000000036e+01,6.778574048714825828e+00,3.337770320394979784e+00,2.672580450874451952e+00,-3.047850448638200760e-03,-8.349803835153579365e-03
1.070000000000000107e+01,6.778710670140545069e+00,3.337701091061241687e+00,2.672166430622969102e+00,-3.063208423554897308e-03,-8.280405029654503909e-03
1.075000000000000000e+01,6.778847708020553142e+00,3.337631579380595959e+00,2.671771023812402390e+00,-3.073190804570913315e-03,-7.908136211335658680e-03
1.080000000000000071e+01,6.778983325428348472e+00,3.337562720791484860e+00,2.671365628748830545e+00,-3.041945863515138626e-03,-8.107901271432639209e-03
1.085000000000000142e+01,6.779119256243268055e+00,3.337493633746283717e+00,2.670957991526160313e+00,-3.049603663384914398e-03,-8.152744453400374500e-03
1.090000000000000036e+01,6.779255293293498852e+00,3.337424422913798150e+00,2.670545813365537757e+00,-3.052619751542806625e-03,-8.243563212454318653e-03
1.095000000000000107e+01,6.779391388342352442e+00,3.337355111943631769e+00,2.670142195558804943e+00,-3.054562024772167206e-03,-8.072356134653091778e-03
1.100000000000000000e+01,6.779527056670248797e+00,3.337285949320488054e+00,2.669734660301986917e+00,-3.045610850676894188e-03,-8.150705136358737946e-03
1.105000000000000071e+01,6.779663528001979245e+00,3.337216307246849478e+00,2.669324458049308291e+00,-3.064274322241544724e-03,-8.204045053571463325e-03
1.110000000000000142e+01,6.779799320086449477e+00,3.337146941574402614e+00,2.668914278134401741e+00,-3.049661405384540558e-03,-8.203598298132419239e-03
1.115000000000000036e+01,6.779935776798092562e+00,3.337077165803474355e+00,2.668516258349340475e+00,-3.065230324864387512e-03,-7.960395701229572990e-03
1.120000000000000107e+01,6.780071899294294546e+00,3.337007492570675193e+00,2.668116381553631289e+00,-3.058345522731542587e-03,-7.997535914182663658e-03
1.125000000000000000e+01,6.780208250567033801e+00,3.336937633418346483e+00,2.667715046600136919e+00,-3.064112970605492592e-03,-8.026699069887399673e-03
1.130000000000000071e+01,6.780344632577490316e+00,3.336867689400692782e+00,2.667319573782082731e+00,-3.065434284508228302e-03,-7.909456361085176121e-03
1.135000000000000142e+01,6.780481339175269184e+00,3.336797510619846197e+00,2.666919473189559131e+00,-3.073353553190827370e-03,-8.002011850476265648e-03
1.140000000000000036e+01,6.780617915350314107e+00,3.336727329733066405e+00,2.666526902856935166e+00,-3.071052487939596176e-03,-7.851406652480364887e-03
1.145000000000000107e+01,6.780754970837119089e+00,3.336656834523037407e+00,2.666133531591553751e+00,-3.082452341914176941e-03,-7.867425307631492268e-03
1.150000000000000000e+01,6.780891239285672611e+00,3.336586676330886903e+00,2.665740214892361681e+00,-3.065371885895729065e-03,-7.866333983838558891e-03
1.155000000000000071e+01,6.781028126549532686e+00,3.336516131414533515e+00,2.665336912496645283e+00,-3.079916117712855339e-03,-8.066047914326190948e-03
1.160000000000000142e+01,6.781164524569923913e+00,3.336445768996110228e+00,2.664954718247686039e+00,-3.069546539336442947e-03,-7.643884979188442230e-03
1.165000000000000036e+01,6.781301243660246669e+00,3.336375174778686947e+00,2.664560452633236043e+00,-3.077378962188959122e-03,-7.885312288999557148e-03
1.170000000000000107e+01,6.781437414306731526e+00,3.336304795732524031e+00,2.664167957612011861e+00,-3.065658500418066978e-03,-7.849900424480438579e-03
1.175000000000000000e+01,6.781573886176325949e+00,3.336234193113960522e+00,2.663789279739070981e+00,-3.073063679039478302e-03,-7.573557458817959179e-03
1.180000000000000071e+01,6.781710622980488878e+00,3.336163387783249945e+00,2.663395846573334502e+00,-3.079632995650172234e-03,-7.868663314729929317e-03
1.185000000000000142e+01,6.781847060409535999e+00,3.336092669389215892e+00,2.663004780247506087e+00,-3.073516767472028732e-03,-7.821326516568661083e-03
1.190000000000000036e+01,6.781983462691070663e+00,3.336021901526037503e+00,2.662616994137574356e+00,-3.073348198086023331e-03,-7.755722198635339563e-03
1.195000000000000107e+01,6.782120381719995983e+00,3.335950798164777797e+00,2.662225288691629110e+00,-3.085612319409847260e-03,-7.834108918905258526e-03
1.200000000000000000e+01,6.782257707567763028e+00,3.335879415226857603e+00,2.661830229227129863e+00,-3.095410298556089401e-03,-7.901189289987087597e-03
1.205000000000000071e+01,6.782394597401592229e+00,3.335808190226022152e+00,2.661441571441177878e+00,-3.086216282099485397e-03,-7.773155719041824688e-03
1.210000000000000142e+01,6.782531275104462409e+00,3.335737008083355715e+00,2.661060474886257854e+00,-3.082057228311896324e-03,-7.621931098401546652e-03
1.215000000000000036e+01,6.782667802794070333e+00,3.335665837912210385e+00,2.660678370030295614e+00,-3.079285845160484314e-03,-7.642097119241952723e-03
1.220000000000000107e+01,6.782804724213379544e+00,3.335594395946097634e+00,2.660291397677433167e+00,-3.088781610131263733e-03,-7.739447057247161865e-03
1.225000000000000000e+01,6.782941326145414784e+00,3.335523053413891770e+00,2.659904659389217052e+00,-3.082196926698088646e-03,-7.734765764325857162e-03
1.230000000000000071e+01,6.783077734446621321e+00,3.335451744851230860e+00,2.659517752666656687e+00,-3.078449983149766922e-03,-7.738134451210499330e-03
1.235000000000000142e+01,6.783213929625802052e+00,3.335380480591215502e+00,2.659132428195957853e+00,-3.074262291193008423e-03,-7.706489413976669312e-03
1.240000000000000036e+01,6.783350866921962208e+00,3.335308760792227822e+00,2.658746534677852491e+00,-3.091637277975678444e-03,-7.717870362102985556e-03
1.245000000000000107e+01,6.783487603880089090e+00,3.335237078665177268e+00,2.658364932945628478e+00,-3.087738528847694397e-03,-7.632034644484519785e-03
1.250000000000000000e+01,6.783624311226968295e+00,3.335165345543475102e+00,2.657984319942702456e+00,-3.087687771767377853e-03,-7.612260058522224426e-03
1.255000000000000071e+01,6.783760690661569726e+00,3.335093718271148422e+00,2.657604802203063610e+00,-3.080897033214569092e-03,-7.590354792773723949e-03
1.260000000000000142e+01,6.783897985018692012e+00,3.335021543984410197e+00,2.657226288196329556e+00,-3.102184273302555084e-03,-7.570280134677887310e-03
1.265000000000000036e+01,6.784034533660035393e+00,3.334949695731068697e+00,2.656846201996017953e+00,-3.085948992520570755e-03,-7.601724006235599518e-03
1.270000000000000107e+01,6.784171136747146669e+00,3.334877752520854166e+00,2.656464034066234436e+00,-3.087797202169895172e-03,-7.643358595669269388e-03
1.275000000000000000e+01,6.784308059278737701e+00,3.334805574217530211e+00,2.656094302030910459e+00,-3.095641266554594040e-03,-7.394640706479549408e-03
1.280000000000000071e+01,6.784444854622784682e+00,3.334733398315806507e+00,2.655722685157020369e+00,-3.093368839472532272e-03,-7.432337477803230806e-03
1.285000000000000142e+01,6.784581774811028865e+00,3.334661091484615092e+00,2.655352099089582030e+00,-3.096799366176128387e-03,-7.411721348762512381e-03
1.290000000000000036e+01,6.784718844386670611e+00,3.334588640787715885e+00,2.654981316885609566e+00,-3.100785193964838982e-03,-7.415644079446792776e-03
1.295000000000000107e+01,6.784856317477628629e+00,3.334515911578890712e+00,2.654611567793112581e+00,-3.110523335635662079e-03,-7.394981849938630884e-03
1.300000000000000000e+01,6.784993463663730573e+00,3.334443290401521764e+00,2.654244694363955936e+00,-3.103733994066715240e-03,-7.337468583136797298e-03
1.305000000000000071e+01,6.785131012338097456e+00,3.334370391475242279e+00,2.653867889846373895e+00,-3.113447688519954681e-03,-7.536090351641178478e-03
1.310000000000000142e+01,6.785268622635890701e+00,3.334297393459403569e+00,2.653493232143741665e+00,-3.115464933216571808e-03,-7.493154052644968380e-03
1.315000000000000036e+01,6.785398571875854046e+00,3.334228396999153521e+00,2.653098633013364349e+00,-2.942605409771203995e-03,-7.891982607543469169e-03
1.320000000000000107e+01,6.785528647503266342e+00,3.334159267622397227e+00,2.652704972907599323e+00,-2.946084830909967422e-03,-7.873202115297317852e-03
1.325000000000000000e+01,6.785659591966331838e+00,3.334089610377563240e+00,2.652306927934918956e+00,-2.966383937746286392e-03,-7.960899453610182849e-03
1.330000000000000071e+01,6.785790406470469271e+00,3.334019955446629435e+00,2.651910216145847432e+00,-2.964067738503217697e-03,-7.934235781431198814e-03
1.335000000000000142e+01,6.785920755230562484e+00,3.333950482124630632e+00,2.651513004208613467e+00,-2.954138908535242081e-03,-7.944238744676113476e-03
1.340000000000000036e+01,6.786050312428223208e+00,3.333881364595544294e+00,2.651119605115313416e+00,-2.936821430921554565e-03,-7.867981866002083866e-03
1.345000000000000107e+01,6.786180720927206700e+00,3.333811726987565116e+00,2.650729049666483483e+00,-2.956739626824855804e-03,-7.811108976602554668e-03
1.350000000000000000e+01,6.786311547312624981e+00,3.333741800551459189e+00,2.650336753757369213e+00,-2.966833300888538361e-03,-7.845918182283639908e-03
1.355000000000000071e+01,6.786441886802894174e+00,3.333672068606675865e+00,2.649947272449430624e+00,-2.956411801278591156e-03,-7.789626158773899425e-03
1.360000000000000142e+01,6.786572823525828468e+00,3.333601951533016194e+00,2.649555848342065367e+00,-2.970577683299779892e-03,-7.828482147306204883e-03
1.365000000000000036e+01,6.786703359658938339e+00,3.333531983215630046e+00,2.649171986513469967e+00,-2.962110564112663269e-03,-7.677236571907997131e-03
1.370000000000000107e+01,6.786833953299719724e+00,3.333461919528001083e+00,2.648781780673821196e+00,-2.964025596156716347e-03,-7.804116792976856752e-03
1.375000000000000000e+01,6.786964664543100767e+00,3.333391727047586794e+00,2.648398341125507649e+00,-2.967316191643476486e-03,-7.668790966272354646e-03
1.380000000000000071e+01,6.787095382516430853e+00,3.333321466363436958e+00,2.648016808543984801e+00,-2.968080341815948486e-03,-7.630651630461215799e-03
1.385000000000000142e+01,6.787226391979136686e+00,3.333250984565950592e+00,2.647627434608225805e+00,-2.975309267640113831e-03,-7.787478715181351228e-03
1.390000000000000036e+01,6.787357057624942236e+00,3.333180622121283854e+00,2.647245735729743643e+00,-2.968122949823737144e-03,-7.633977569639682770e-03
1.395000000000000107e+01,6.787487622076716853e+00,3.333110249868068475e+00,2.646854439655949243e+00,-2.966434229165315628e-03,-7.825921475887299625e-03
1.400000000000000000e+01,6.787617967419540044e+00,3.333039929876949525e+00,2.646471254582215771e+00,-2.962080994620919228e-03,-7.663701474666595286e-03
1.405000000000000071e+01,6.787748534714337367e+00,3.332969425538577557e+00,2.646080490843091937e+00,-2.967738546431064606e-03,-7.815274782478809704e-03
1.410000000000000142e+01,6.787879787062271575e+00,3.332898485024442969e+00,2.645703572331626674e+00,-2.983939368277788162e-03,-7.538370229303837169e-03
1.415000000000000036e+01,6.788010971817668882e+00,3.332827517139785645e+00,2.645319391403977427e+00,-2.983010606840252876e-03,-7.683618552982807680e-03
1.420000000000000107e+01,6.788142399651362346e+00,3.332756352473025707e+00,2.644929273029488215e+00,-2.989159431308507919e-03,-7.802367489784955805e-03
1.425000000000000000e+01,6.788274305975028788e+00,3.332684862156102046e+00,2.644547796229530956e+00,-3.000676166266202927e-03,-7.629535999149084438e-03
1.430000000000000071e+01,6.788429261413649662e+00,3.332600803236190679e+00,2.644071487834376288e+00,-3.525739070028066635e-03,-9.526167903095484127e-03
1.435000000000000142e+01,6.788583963824229350e+00,3.332516786182091018e+00,2.643585583291646834e+00,-3.520892001688480377e-03,-9.718090854585170399e-03
1.440000000000000036e+01,6.788738166463524237e+00,3.332432943494944677e+00,2.643115597659420946e+00,-3.510444425046443939e-03,-9.399712644517421375e-03
1.445000000000000107e+01,6.788892973419789811e+00,3.332348677939806159e+00,2.642641737660091916e+00,-3.525102976709604263e-03,-9.477199986577033997e-03
1.450000000000000000e+01,6.789047707369827656e+00,3.332264357052391102e+00,2.642167121529277907e+00,-3.524350002408027649e-03,-9.492322616279125908e-03
1.455000000000000071e+01,6.789202700839600091e+00,3.332179799309769486e+00,2.641700570717152807e+00,-3.531174734234809875e-03,-9.331016242504120220e-03
1.460000000000000142e+01,6.789357494169355078e+00,3.332095257017388956e+00,2.641228471168946879e+00,-3.527513239532709122e-03,-9.441990964114665638e-03
1.465000000000000036e+01,6.789511818729274673e+00,3.332010876135872213e+00,2.640761483743485627e+00,-3.517738077789545059e-03,-9.339748509228229176e-03
1.470000000000000107e+01,6.789666079236784668e+00,3.331926436678376735e+00,2.640289619307663926e+00,-3.517176490277051926e-03,-9.437288716435432087e-03
1.475000000000000000e+01,6.789820329510024344e+00,3.331841908204836944e+00,2.639816457646597669e+00,-3.517852164804935455e-03,-9.463233221322298744e-03
1.480000000000000071e+01,6.789974185789360739e+00,3.331757500953330009e+00,2.639353107212741634e+00,-3.509777132421731949e-03,-9.267008677124977806e-03
1.485000000000000142e+01,6.790127869393656646e+00,3.331673095768155513e+00,2.638896496499587574e+00,-3.506729844957590103e-03,-9.132214263081550945e-03
1.490000000000000036e+01,6.790281970420249280e+00,3.331588369717287001e+00,2.638429819623638650e+00,-3.517136909067630768e-03,-9.333537518978118550e-03
1.495000000000000107e+01,6.790436426233386058e+00,3.331503354707407549e+00,2.637965396306176658e+00,-3.526139538735151291e-03,-9.288466349244118431e-03
1.500000000000000000e+01,6.790590723395361294e+00,3.331418333628904271e+00,2.637503659514409460e+00,-3.523418679833412170e-03,-9.234735835343598973e-03
1.505000000000000071e+01,6.790745308759865928e+00,3.331333060671067159e+00,2.637047946503085161e+00,-3.530898597091436386e-03,-9.114260226488113750e-03
1.510000000000000142e+01,6.790899048676576122e+00,3.331248162679185665e+00,2.636595645429265833e+00,-3.512470982968807220e-03,-9.046021476387977253e-03
1.515000000000000036e+01,6.791053659410289711e+00,3.331162692527844804e+00,2.636132489539382284e+00,-3.533249255269765854e-03,-9.263117797672748566e-03
1.520000000000000107e+01,6.791207363222338422e+00,3.331077630762890873e+00,2.635668223256875997e+00,-3.513423725962638855e-03,-9.285325650125741959e-03
1.525000000000000000e+01,6.791361782424592874e+00,3.330992079418890306e+00,2.635208938297515235e+00,-3.530683927237987518e-03,-9.185699187219143261e-03
1.530000000000000071e+01,6.791516774903290532e+00,3.330906117409187850e+00,2.634752916371149389e+00,-3.544693812727928162e-03,-9.120438527315855720e-03
1.535000000000000142e+01,6.791671477176012495e+00,3.330820224081976200e+00,2.634297280808610253e+00,-3.538952209055423737e-03,-9.112711250782013980e-03
1.540000000000000036e+01,6.791826313604323317e+00,3.330734163949116144e+00,2.633839509285686109e+00,-3.542917780578136444e-03,-9.155430458486079823e-03
1.545000000000000107e+01,6.791980293742541974e+00,3.330648487466739915e+00,2.633395810894367806e+00,-3.524221479892730713e-03,-8.873967826366424907e-03
1.550000000000000000e+01,6.792134561138421844e+00,3.330562561489042839e+00,2.632938271298704169e+00,-3.531668335199356079e-03,-9.150791913270950317e-03
1.555000000000000071e+01,6.792289055821608912e+00,3.330476416272467155e+00,2.632483150385019677e+00,-3.537773620337247849e-03,-9.102418273687363712e-03
1.560000000000000142e+01,6.792443003574221372e+00,3.330390484148721963e+00,2.632038348558058516e+00,-3.526144661009311676e-03,-8.896036539226770401e-03
1.565000000000000036e+01,6.792597759614362296e+00,3.330304010541026205e+00,2.631594136104618897e+00,-3.545538987964391708e-03,-8.884249068796635368e-03
1.570000000000000107e+01,6.792751984949819466e+00,3.330217743555643928e+00,2.631147344288116141e+00,-3.534257877618074417e-03,-8.935836330056191532e-03
1.575000000000000000e+01,6.792906224505139257e+00,3.330131378119201457e+00,2.630700086856891939e+00,-3.535467665642499924e-03,-8.945148624479771701e-03
1.580000000000000071e+01,6.793060157508064023e+00,3.330045093878164497e+00,2.630253434599076900e+00,-3.529325127601623535e-03,-8.933045156300068942e-03
1.585000000000000142e+01,6.793213948178105532e+00,3.329958799123214241e+00,2.629807899439406960e+00,-3.526945132762193680e-03,-8.910703193396330921e-03
1.590000000000000036e+01,6.793367986816395643e+00,3.329872274968255219e+00,2.629361029084471557e+00,-3.533515613526105881e-03,-8.937407098710537651e-03
1.595000000000000107e+01,6.793522354657173246e+00,3.329785475128909322e+00,2.628921142321710924e+00,-3.541956655681133270e-03,-8.797735255211592414e-03
1.600000000000000000e+01,6.793677138303892526e+00,3.329698351848325188e+00,2.628479312172790294e+00,-3.552376292645931244e-03,-8.836602978408337680e-03
1.605000000000000071e+01,6.793831618422454532e+00,3.329611309514199924e+00,2.628042740410824418e+00,-3.546292427927255630e-03,-8.731435239315034000e-03
1.610000000000000142e+01,6.793985445868966799e+00,3.329524546430916221e+00,2.627602090098594356e+00,-3.532178699970245361e-03,-8.813006244599819530e-03
1.615000000000000213e+01,6.794139567613127539e+00,3.329437527813979614e+00,2.627165414987762571e+00,-3.539816476404666901e-03,-8.733502216637134205e-03
1.619999999999999929e+01,6.794293623736471943e+00,3.329350457507437966e+00,2.626728956591037001e+00,-3.539182245731353760e-03,-8.729167934507132617e-03
1.625000000000000000e+01,6.794447673252776987e+00,3.329263302199417129e+00,2.626292382565957428e+00,-3.539904020726680756e-03,-8.731480501592159965e-03
1.630000000000000071e+01,6.794601656401945355e+00,3.329176095674591718e+00,2.625852323513177211e+00,-3.539253491908311844e-03,-8.801181055605412570e-03
1.635000000000000142e+01,6.794755733827723354e+00,3.329088746184725167e+00,2.625413444925730033e+00,-3.542303573340177536e-03,-8.777571748942137111e-03
1.640000000000000213e+01,6.794910500833470479e+00,3.329000915981701336e+00,2.624979996302795549e+00,-3.559043165296316147e-03,-8.668972458690405586e-03
1.644999999999999929e+01,6.795065173576141149e+00,3.328913050616947977e+00,2.624548386459869320e+00,-3.557750955224037170e-03,-8.632196858525276878e-03
1.650000000000000000e+01,6.795219574067045798e+00,3.328825251743182001e+00,2.624108539175872501e+00,-3.552359994500875473e-03,-8.796945679932832718e-03
1.655000000000000071e+01,6.795373907171650352e+00,3.328737401332382273e+00,2.623677056402598406e+00,-3.551698289811611176e-03,-8.629655465483665466e-03
1.660000000000000142e+01,6.795527498913456199e+00,3.328649885157390464e+00,2.623245690347325798e+00,-3.535505849868059158e-03,-8.627321105450391769e-03
1.665000000000000213e+01,6.795681743195035374e+00,3.328561909007411668e+00,2.622817837902043703e+00,-3.551399800926446915e-03,-8.557048905640841224e-03
1.669999999999999929e+01,6.795836542560688365e+00,3.328473528455578645e+00,2.622395898009349136e+00,-3.565050661563873291e-03,-8.438797853887082187e-03
1.675000000000000000e+01,6.795990777622073153e+00,3.328385383773395656e+00,2.621969996619668120e+00,-3.552910871803760529e-03,-8.518027793616057483e-03
1.680000000000000071e+01,6.796144720363110459e+00,3.328297319151614087e+00,2.621541214705143563e+00,-3.547040745615959167e-03,-8.575638290494680405e-03
1.685000000000000142e+01,6.796299432858506684e+00,3.328208726114612048e+00,2.621114027657244883e+00,-3.565651830285787582e-03,-8.543740957975387573e-03
1.690000000000000213e+01,6.796454025360991302e+00,3.328120114072953495e+00,2.620683883557726190e+00,-3.563758451491594315e-03,-8.602881990373135654e-03
1.694999999999999929e+01,6.796608473043212584e+00,3.328031496757881680e+00,2.620258244731162200e+00,-3.561298362910747528e-03,-8.512776531279088107e-03
1.700000000000000000e+01,6.796762921838100269e+00,3.327942791401504508e+00,2.619836910850067202e+00,-3.562194295227527618e-03,-8.426677621901036350e-03
1.705000000000000071e+01,6.796916812609219427e+00,3.327854320289492573e+00,2.619420357168350755e+00,-3.550183493643999100e-03,-8.331073634326459018e-03
1.710000000000000142e+01,6.797071017974319673e+00,3.327765582833611457e+00,2.618998767890666102e+00,-3.558293450623750687e-03,-8.431785553693772056e-03
1.715000000000000213e+01,6.797225276966598173e+00,3.327676727927525224e+00,2.618580258459482835e+00,-3.560394980013370514e-03,-8.370188623666762959e-03
1.719999999999999929e+01,6.797379509832382816e+00,3.327587802085670177e+00,2.618164177517105173e+00,-3.560650628060102463e-03,-8.321618847548962680e-03
1.725000000000000000e+01,6.797533207208346973e+00,3.327499099760306667e+00,2.617741757341359055e+00,-3.549139946699142456e-03,-8.448403514921666232e-03
1.730000000000000071e+01,6.797687892156129230e+00,3.327409740357467616e+00,2.617324037736911357e+00,-3.572816029191017151e-03,-8.354392088949681369e-03
1.735000000000000142e+01,6.797842012000561596e+00,3.327320621522955157e+00,2.616913174738805914e+00,-3.560623154044151306e-03,-8.217259962111712543e-03
1.740000000000000213e+01,6.797996536223887887e+00,3.327231184122146246e+00,2.616499697676558434e+00,-3.570814151316881180e-03,-8.269541244953871467e-03
1.744999999999999929e+01,6.798151041827125596e+00,3.327141672192219790e+00,2.616085079124827129e+00,-3.571238834410905838e-03,-8.292371034622192036e-03
1.750000000000000000e+01,6.798305309775329874e+00,3.327052212495174466e+00,2.615671132131178300e+00,-3.566602710634469986e-03,-8.278939872980117798e-03
1.755000000000000071e+01,6.798459234883874380e+00,3.326962866446111722e+00,2.615260732358951401e+00,-3.559531178325414658e-03,-8.207995444536209106e-03
1.760000000000000142e+01,6.798613782951465012e+00,3.326873073982981488e+00,2.614850362426299757e+00,-3.574789036065340042e-03,-8.207398653030396549e-03
1.765000000000000213e+01,6.798767067254402718e+00,3.326783931610361567e+00,2.614441301202099943e+00,-3.546403255313634872e-03,-8.181224483996630062e-03
1.769999999999999929e+01,6.798920865040787298e+00,3.326694406412026517e+00,2.614037041383493687e+00,-3.559130243957042694e-03,-8.085196372121572495e-03
1.775000000000000000e+01,6.799074746603957387e+00,3.326604749141354844e+00,2.613627455871250671e+00,-3.561907447874546051e-03,-8.191710244864225735e-03
1.780000000000000071e+01,6.799229152717058078e+00,3.326514701516387618e+00,2.613218309235457504e+00,-3.574902657419443130e-03,-8.182932715862989079e-03
1.785000000000000142e+01,6.799383510694021027e+00,3.326424597309062481e+00,2.612807880880940736e+00,-3.574641421437263489e-03,-8.208567090332508781e-03
1.790000000000000213e+01,6.799537942987424088e+00,3.326334364719144787e+00,2.612401635138016154e+00,-3.577219787985086441e-03,-8.124914858490229000e-03
1.794999999999999929e+01,6.799692048713484205e+00,3.326244238940495812e+00,2.612000722716260714e+00,-3.570503089576959610e-03,-8.018248435109854785e-03
1.800000000000000000e+01,6.799846046158614321e+00,3.326154093612370133e+00,2.611593784418586583e+00,-3.568831365555524826e-03,-8.138765953481197704e-03
1.805000000000000071e+01,6.799999894691338476e+00,3.326063951373385841e+00,2.611189994740929610e+00,-3.566230181604623795e-03,-8.075793553143740394e-03
1.810000000000000142e+01,6.800154566972772763e+00,3.325973242571704791e+00,2.610788795951452190e+00,-3.586173523217439651e-03,-8.023975789546966900e-03
1.815000000000000213e+01,6.800308906097163764e+00,3.325882645915825275e+00,2.610400975852903205e+00,-3.579291515052318573e-03,-7.756401970982551748e-03
1.819999999999999929e+01,6.800462947798112445e+00,3.325792143503427667e+00,2.610003677707795067e+00,-3.573207650333642960e-03,-7.945962902158499805e-03
1.825000000000000000e+01,6.800616810892516462e+00,3.325701663776432504e+00,2.609607016419690062e+00,-3.569898195564746857e-03,-7.933225762099028328e-03
1.830000000000000071e+01,6.800771239083312381e+00,3.325610769284980783e+00,2.609205600161734750e+00,-3.583845682442188263e-03,-8.028325159102678299e-03
1.835000000000000142e+01,6.800924977701042984e+00,3.325520197555127844e+00,2.608808859874192532e+00,-3.568686079233884811e-03,-7.934805750846863487e-03
1.840000000000000213e+01,6.801076704621623392e+00,3.325430729864921719e+00,2.608389837805811240e+00,-3.522812854498624802e-03,-8.380441367626190532e-03
1.844999999999999929e+01,6.801228243396850281e+00,3.325341287519335776e+00,2.607967442230950894e+00,-3.519314341247081757e-03,-8.447911497205496181e-03
1.850000000000000000e+01,6.801379947304071472e+00,3.325251661284580162e+00,2.607546484110574880e+00,-3.524028230458498001e-03,-8.419162407517433860e-03
1.855000000000000071e+01,6.801531736761213587e+00,3.325161898286031814e+00,2.607122165266122504e+00,-3.526892978698015213e-03,-8.486376889050007560e-03
1.860000000000000142e+01,6.801690302951959310e+00,3.325068036928231496e+00,2.606228382898192475e+00,-3.685278352349996567e-03,-1.787564735859632423e-02
1.865000000000000213e+01,6.801850341338797179e+00,3.324973110860100611e+00,2.605310146411578653e+00,-3.721464425325393677e-03,-1.836472973227501124e-02
1.869999999999999929e+01,6.802009355016799041e+00,3.324878595103497592e+00,2.604386736111413025e+00,-3.699652850627899170e-03,-1.846820600330829551e-02
1.875000000000000000e+01,6.802168748410877264e+00,3.324783654353289375e+00,2.603459935079957432e+00,-3.710525576025247574e-03,-1.853602062910795351e-02
1.880000000000000071e+01,6.802328948705300249e+00,3.324688031721468207e+00,2.602528661297331514e+00,-3.731370903551578522e-03,-1.862547565251588752e-02
1.885000000000000142e+01,6.802453508222818357e+00,3.324613525448825602e+00,2.601676659280131698e+00,-2.902843989431858063e-03,-1.704004034399986267e-02
1.890000000000000213e+01,6.802578121885313855e+00,3.324538842557025919e+00,2.600811253174836857e+00,-2.905587665736675262e-03,-1.730812210589647432e-02
1.894999999999999929e+01,6.802702303023876240e+00,3.324464272740617510e+00,2.599946866728062744e+00,-2.897006226703524590e-03,-1.728772893548011919e-02
1.900000000000000000e+01,6.802826562832661850e+00,3.324389509468385739e+00,2.599088002530555386e+00,-2.900348044931888580e-03,-1.717728395015001228e-02
1.905000000000000071e+01,6.802950008877847843e+00,3.324315091333327477e+00,2.598218196764285892e+00,-2.882844768464565277e-03,-1.739611532539129396e-02
1.910000000000000142e+01,6.803074473758055518e+00,3.324239911323232821e+00,2.597351121989707856e+00,-2.908163703978061676e-03,-1.734149549156427383e-02
1.915000000000000213e+01,6.803198896550825658e+00,3.324164609412845639e+00,2.596484967799554955e+00,-2.908704802393913269e-03,-1.732308380305767198e-02
1.920000000000000284e+01,6.803323907835226336e+00,3.324088803324452446e+00,2.595613597551058582e+00,-2.923996187746524811e-03,-1.742740496993065019e-02
1.925000000000000000e+01,6.803448752043808945e+00,3.324012949683676776e+00,2.594743703858624961e+00,-2.921633189544081688e-03,-1.739787384867668221e-02
1.930000000000000071e+01,6.803573182893007498e+00,3.323937198915810409e+00,2.593877808585461242e+00,-2.913500647991895676e-03,-1.731790546327829569e-02
1.935000000000000142e+01,6.803697308762677309e+00,3.323861486421807676e+00,2.593003298476036722e+00,-2.907893620431423187e-03,-1.749020218849182268e-02
1.940000000000000213e+01,6.803821990116497354e+00,3.323785285419301072e+00,2.592140844896134055e+00,-2.922466956079006195e-03,-1.724907159805297990e-02
1.945000000000000284e+01,6.803946313720887318e+00,3.323709155709558605e+00,2.591271934317123105e+00,-2.915619406849145889e-03,-1.737821158021688600e-02
1.950000000000000000e+01,6.804070593623293917e+00,3.323632904200835014e+00,2.590405334628816725e+00,-2.916147233918309212e-03,-1.733199376612901826e-02
1.955000000000000071e+01,6.804194540034704808e+00,3.323556709379681173e+00,2.589540879953351027e+00,-2.909870352596044540e-03,-1.728909350931644509e-02
1.960000000000000142e+01,6.804317949842779711e+00,3.323480697353935032e+00,2.588680571637746120e+00,-2.898814156651496887e-03,-1.720616631209850519e-02
1.965000000000000213e+01,6.804442093958241067e+00,3.323404085646791017e+00,2.587822884343263130e+00,-2.917609643191099167e-03,-1.715374588966369837e-02
1.970000000000000284e+01,6.804566060954936546e+00,3.323327436347961683e+00,2.586957906217944192e+00,-2.914990996941924095e-03,-1.729956250637769768e-02
1.975000000000000000e+01,6.804689707990683623e+00,3.323250836963426824e+00,2.586088519965928256e+00,-2.909024246037006378e-03,-1.738772504031658311e-02
1.980000000000000071e+01,6.804812748788944710e+00,3.323174465040443781e+00,2.585221728499677241e+00,-2.896322403103113174e-03,-1.733582932502031326e-02
1.985000000000000142e+01,6.804936709107334281e+00,3.323097373442903457e+00,2.584359608687158971e+00,-2.919539343565702438e-03,-1.724239625036716461e-02
1.990000000000000213e+01,6.805059550020371439e+00,3.323020831067299508e+00,2.583503502387252126e+00,-2.894727978855371475e-03,-1.712212599813938210e-02
1.995000000000000284e+01,6.805182211183552710e+00,3.322944254834175659e+00,2.582632667826187500e+00,-2.892035990953445435e-03,-1.741669122129678796e-02
2.000000000000000000e+01,6.805305234752756505e+00,3.322867303386138893e+00,2.581771892638575761e+00,-2.902159467339515686e-03,-1.721550375223159998e-02
2.005000000000000071e+01,6.805427529916488361e+00,3.322790661022763548e+00,2.580915464138310966e+00,-2.886531408876180649e-03,-1.712857000529766083e-02
2.010000000000000142e+01,6.805550349861633208e+00,3.322713543201450292e+00,2.580051759475540774e+00,-2.900475636124610901e-03,-1.727409325540065974e-02
2.015000000000000213e+01,6.805673707773716608e+00,3.322635938963562907e+00,2.579190581788938896e+00,-2.914761891588568687e-03,-1.722355373203754425e-02
2.020000000000000284e+01,6.805796238891602457e+00,3.322558707497969444e+00,2.578331294556778452e+00,-2.896796446293592453e-03,-1.718574464321136544e-02
2.025000000000000000e+01,6.805919580524482093e+00,3.322480816991939534e+00,2.577477473331314162e+00,-2.917539328336715698e-03,-1.707642450928687980e-02
2.030000000000000071e+01,6.806042548894233768e+00,3.322403015259425274e+00,2.576623018266332110e+00,-2.910280367359519005e-03,-1.708910129964351723e-02
2.035000000000000142e+01,6.806165810059703780e+00,3.322324880714327744e+00,2.575762888149988772e+00,-2.918788930401206017e-03,-1.720260232686996599e-02
2.040000000000000213e+01,6.806288625894538313e+00,3.322246880295840032e+00,2.574916559843045682e+00,-2.909831237047910690e-03,-1.692656613886356354e-02
2.045000000000000284e+01,6.806410918975314139e+00,3.322169066553500194e+00,2.574074035243761660e+00,-2.899005077779293060e-03,-1.685049198567867279e-02
2.050000000000000000e+01,6.806532819364404574e+00,3.322091358313907339e+00,2.573223142655265416e+00,-2.891247160732746124e-03,-1.701785176992416312e-02
2.055000000000000071e+01,6.806655380562183666e+00,3.322013082081294311e+00,2.572373735507649251e+00,-2.908498980104923248e-03,-1.698814295232296129e-02
2.060000000000000142e+01,6.806777344825089671e+00,3.321935041159551627e+00,2.571526784676757327e+00,-2.895905170589685440e-03,-1.693901661783456941e-02
2.065000000000000213e+01,6.806899454954090878e+00,3.321856761058777252e+00,2.570669321262907925e+00,-2.900941763073205948e-03,-1.714926827698946138e-02
2.070000000000000284e+01,6.807021305224464136e+00,3.321778500042130045e+00,2.569813895322081265e+00,-2.896361518651247025e-03,-1.710851881653070380e-02
2.075000000000000000e+01,6.807143696745735717e+00,3.321699743428114804e+00,2.568972061056342682e+00,-2.910827286541461945e-03,-1.683668531477451255e-02
2.080000000000000071e+01,6.807265989595573608e+00,3.321620904649635886e+00,2.568122148647603353e+00,-2.910058014094829559e-03,-1.699824817478656769e-02
2.085000000000000142e+01,6.807388171858391068e+00,3.321541990080801643e+00,2.567276316633146926e+00,-2.909021452069282532e-03,-1.691664028912782600e-02
2.090000000000000213e+01,6.807509813230828044e+00,3.321463278971710675e+00,2.566427530416917513e+00,-2.897727536037564278e-03,-1.697572432458400657e-02
2.095000000000000284e+01,6.807631406173826782e+00,3.321384452700024248e+00,2.565585042195093202e+00,-2.898166654631495476e-03,-1.684976443648338387e-02
2.100000000000000000e+01,6.807752893152209772e+00,3.321305549677368685e+00,2.564742476356845824e+00,-2.897224389016628265e-03,-1.685131676495075365e-02
2.105000000000000071e+01,6.807874689133644353e+00,3.321226299975507779e+00,2.563894382653456816e+00,-2.906184876337647438e-03,-1.696187406778335710e-02
2.110000000000000142e+01,6.807996477554342896e+00,3.321146908094061434e+00,2.563052862541448818e+00,-2.907610032707452774e-03,-1.683040224015712807e-02
2.115000000000000213e+01,6.808118279768842207e+00,3.321067361084255598e+00,2.562210691993755063e+00,-2.909536473453044891e-03,-1.684341095387935708e-02
2.120000000000000284e+01,6.808239869086310847e+00,3.320987806959622368e+00,2.561368399740826973e+00,-2.906050300225615501e-03,-1.684584505856037348e-02
2.125000000000000000e+01,6.808361053036717792e+00,3.320908372211976989e+00,2.560524045288261608e+00,-2.897959901019930840e-03,-1.688708905130624841e-02
2.130000000000000071e+01,6.808482912796633535e+00,3.320828347294764171e+00,2.559688963399898931e+00,-2.915735822170972824e-03,-1.670163776725530624e-02
2.135000000000000142e+01,6.808603998542404945e+00,3.320748685867656036e+00,2.558852976014536651e+00,-2.898806706070899963e-03,-1.671974770724773615e-02
2.140000000000000213e+01,6.808725893186465150e+00,3.320668346183835329e+00,2.558015496985685644e+00,-2.919778693467378616e-03,-1.674958057701587608e-02
2.145000000000000284e+01,6.808847060693643094e+00,3.320588340112880843e+00,2.557173256449100318e+00,-2.903965301811695099e-03,-1.684481073170900414e-02
2.150000000000000000e+01,6.808968180541869586e+00,3.320508218941286227e+00,2.556334917688441344e+00,-2.904439345002174377e-03,-1.676677521318197320e-02
2.155000000000000071e+01,6.809089731063469486e+00,3.320427666305737269e+00,2.555502941379022452e+00,-2.916385186836123466e-03,-1.663952618837356498e-02
2.160000000000000142e+01,6.809211343915150039e+00,3.320346926667965715e+00,2.554672742703628430e+00,-2.919491380453109741e-03,-1.660397350788116524e-02
2.165000000000000213e+01,6.809332575224101625e+00,3.320266295251016242e+00,2.553843389678445153e+00,-2.911937888711690903e-03,-1.658706050366163393e-02
2.170000000000000284e+01,6.809453769477800122e+00,3.320185543423618935e+00,2.553016935953569266e+00,-2.912655472755432129e-03,-1.652907449752092500e-02
2.175000000000000000e+01,6.809575301454342977e+00,3.320104421459463939e+00,2.552209051664617423e+00,-2.922382205724716187e-03,-1.615768577903509140e-02
2.180000000000000071e+01,6.809696914795914324e+00,3.320023103083404425e+00,2.551395305743139552e+00,-2.925917506217956543e-03,-1.627491842955351015e-02
2.185000000000000142e+01,6.809818440607324774e+00,3.319941700051202371e+00,2.550595408821176857e+00,-2.925404347479343414e-03,-1.599793843924999376e-02
2.190000000000000213e+01,6.809940001473523630e+00,3.319860132597474589e+00,2.549786211171817030e+00,-2.927817869931459427e-03,-1.618395298719406059e-02
2.195000000000000284e+01,6.810061626081445496e+00,3.319778379564975346e+00,2.548976096374612421e+00,-2.930945483967661858e-03,-1.620229594409465859e-02
2.200000000000000000e+01,6.810183403901402421e+00,3.319696380241287770e+00,2.548173804910551787e+00,-2.936237491667270660e-03,-1.604582928121089935e-02
2.205000000000000071e+01,6.810305414503645238e+00,3.319614081825498442e+00,2.547370048289816946e+00,-2.943441271781921387e-03,-1.607513241469860077e-02
2.210000000000000142e+01,6.810426953594208577e+00,3.319531959242552510e+00,2.546559129835736179e+00,-2.933657728135585785e-03,-1.621836908161640098e-02
2.215000000000000213e+01,6.810548583193487993e+00,3.319449631762613873e+00,2.545754949761252828e+00,-2.937452867627143860e-03,-1.608360148966312547e-02
2.220000000000000284e+01,6.810670131265506022e+00,3.319367216858948311e+00,2.544949253149028756e+00,-2.937083598226308823e-03,-1.611393224447965622e-02
2.225000000000000000e+01,6.810791278921997538e+00,3.319284930893600105e+00,2.544152979388531133e+00,-2.929009031504392624e-03,-1.592547520995140145e-02
2.230000000000000071e+01,6.810911712968743537e+00,3.319202989410405369e+00,2.543358752321149829e+00,-2.913332544267177582e-03,-1.588454134762287348e-02
2.235000000000000142e+01,6.811032920182949368e+00,3.319120380969872386e+00,2.542559629048850134e+00,-2.933621872216463089e-03,-1.598246544599533220e-02
2.240000000000000213e+01,6.811153448456759740e+00,3.319038094125576155e+00,2.541759353432502255e+00,-2.918779850006103516e-03,-1.600551232695579529e-02
2.245000000000000284e+01,6.811274347119756101e+00,3.318955412483398426e+00,2.540965413696761654e+00,-2.929350826889276505e-03,-1.587879471480846405e-02
2.250000000000000000e+01,6.811395803441429031e+00,3.318872207856276901e+00,2.540172328915144551e+00,-2.944462466984987259e-03,-1.586169563233852386e-02
2.255000000000000071e+01,6.811517186268702062e+00,3.318788912054814411e+00,2.539379350248421652e+00,-2.944281324744224548e-03,-1.585957333445548942e-02
2.260000000000000142e+01,6.811638545064361949e+00,3.318705491115037098e+00,2.538583943679626032e+00,-2.945302054286003113e-03,-1.590813137590885162e-02
2.265000000000000213e+01,6.811759347196537639e+00,3.318622311254841861e+00,2.537799569958518298e+00,-2.933396957814693451e-03,-1.568747442215681284e-02
2.270000000000000284e+01,6.811880293449287471e+00,3.318538892237655524e+00,2.537017005135933978e+00,-2.938484540209174156e-03,-1.565129645168781419e-02
2.275000000000000000e+01,6.812001397177929185e+00,3.318455224675092463e+00,2.536227464642073048e+00,-2.943900413811206818e-03,-1.579080987721681595e-02
2.280000000000000071e+01,6.812122897452109527e+00,3.318371141354374387e+00,2.535433569917152852e+00,-2.955152885988354683e-03,-1.587789449840784281e-02
2.285000000000000142e+01,6.812243702187068095e+00,3.318287397460276900e+00,2.534648059358517891e+00,-2.939851954579353333e-03,-1.571021117269992898e-02
2.290000000000000213e+01,6.812364283870302017e+00,3.318203667878001806e+00,2.533869603931601322e+00,-2.936023520305752754e-03,-1.556910853832960129e-02
2.295000000000000284e+01,6.812484778518355988e+00,3.318119859629451884e+00,2.533089385371352531e+00,-2.935491967946290970e-03,-1.560437120497226715e-02
2.300000000000000000e+01,6.812605778564320147e+00,3.318035559705457604e+00,2.532311461943830277e+00,-2.949405927211046219e-03,-1.555846855044364964e-02
2.305000000000000071e+01,6.812726096484765570e+00,3.317951595909400808e+00,2.531530900228465608e+00,-2.934370189905166626e-03,-1.561123430728912458e-02
2.310000000000000142e+01,6.812847352733957251e+00,3.317866836483423842e+00,2.530751515667582385e+00,-2.958867233246564865e-03,-1.558769121766090393e-02
2.315000000000000213e+01,6.812967578227542731e+00,3.317782658004525764e+00,2.529965767062897442e+00,-2.935315016657114029e-03,-1.571497209370136330e-02
2.320000000000000284e+01,6.813088207404887520e+00,3.317698055548686575e+00,2.529191147781605586e+00,-2.946793101727962494e-03,-1.549238562583923375e-02
2.325000000000000000e+01,6.813208757008259120e+00,3.317613369513719768e+00,2.528425935761700050e+00,-2.946450840681791306e-03,-1.530424039810895920e-02
2.330000000000000071e+01,6.813329833281333237e+00,3.317528175047280925e+00,2.527654694303567151e+00,-2.960916142910718918e-03,-1.542482916265726194e-02
2.335000000000000142e+01,6.813450528350987412e+00,3.317443109563654957e+00,2.526885577741707412e+00,-2.953197341412305832e-03,-1.538233123719692265e-02
2.340000000000000213e+01,6.813570368382148246e+00,3.317358508677665352e+00,2.526111391134257200e+00,-2.933867275714874268e-03,-1.548373214900493691e-02
2.345000000000000284e+01,6.813690946398243575e+00,3.317273246863793545e+00,2.525333786051417562e+00,-2.953549381345510483e-03,-1.555210165679454803e-02
2.350000000000000000e+01,6.813811322949423932e+00,3.317187987021888773e+00,2.524563482612068643e+00,-2.950237598270177841e-03,-1.540606878697872197e-02
2.355000000000000071e+01,6.813931017098731502e+00,3.317103071979531137e+00,2.523794743906403681e+00,-2.935115247964859009e-03,-1.537477411329746246e-02
2.360000000000000142e+01,6.814051286753263881e+00,3.317017609589968163e+00,2.523025649137492277e+00,-2.950837835669517517e-03,-1.538189537823200261e-02
2.365000000000000213e+01,6.814171246854597186e+00,3.316932228243199887e+00,2.522257901172782368e+00,-2.944853156805038452e-03,-1.535495929419994354e-02
2.370000000000000284e+01,6.814291802644496521e+00,3.316846283395915140e+00,2.521496853030915641e+00,-2.961095422506332397e-03,-1.522096283733844792e-02
2.375000000000000000e+01,6.814412089363541369e+00,3.316760392225927667e+00,2.520732465035910863e+00,-2.956091193482279778e-03,-1.528775990009307965e-02
2.380000000000000071e+01,6.814532151778551317e+00,3.316674522577899520e+00,2.519977001420850904e+00,-2.952191047370433807e-03,-1.510927230119705166e-02
2.385000000000000142e+01,6.814651890016238056e+00,3.316588747981099150e+00,2.519222808586131013e+00,-2.945812419056892395e-03,-1.508385669440031121e-02
2.390000000000000213e+01,6.814772149876316298e+00,3.316502462403240425e+00,2.518465328285167892e+00,-2.960245590656995773e-03,-1.514960601925849880e-02
2.395000000000000284e+01,6.814891759561962914e+00,3.316416506002662690e+00,2.517701347650657340e+00,-2.945843152701854706e-03,-1.527961269021034345e-02
2.400000000000000000e+01,6.815011196294904927e+00,3.316330535445364269e+00,2.516941424695472218e+00,-2.943200292065739632e-03,-1.519845910370349988e-02
2.405000000000000071e+01,6.815131030295565218e+00,3.316244140612810476e+00,2.516194871630216934e+00,-2.954606898128986359e-03,-1.493106130510568619e-02
2.410000000000000142e+01,6.815249885406649888e+00,3.316158316590071653e+00,2.515436563951591875e+00,-2.932050498202443123e-03,-1.516615357249975239e-02
2.415000000000000213e+01,6.815369780711084680e+00,3.316071603055742223e+00,2.514682482512364814e+00,-2.959332428872585297e-03,-1.508162878453731502e-02
2.420000000000000284e+01,6.815495502030812780e+00,3.315980531418813992e+00,2.513955919867078670e+00,-3.104828065261244774e-03,-1.453125290572643280e-02
2.425000000000000000e+01,6.815621113567384093e+00,3.315889400079395699e+00,2.513245861692051442e+00,-3.103751223534345627e-03,-1.420116350054741010e-02
2.430000000000000071e+01,6.815746622880086925e+00,3.315798206806548354e+00,2.512532762394915409e+00,-3.102824557572603226e-03,-1.426198594272136758e-02
2.435000000000000142e+01,6.815871986366439650e+00,3.315706982826729821e+00,2.511817680274765152e+00,-3.100826870650053024e-03,-1.430164240300655330e-02
2.440000000000000213e+01,6.815997209886830888e+00,3.315615723665114700e+00,2.511103608509223317e+00,-3.098978195339441299e-03,-1.428143531084060704e-02
2.445000000000000284e+01,6.816122788227938933e+00,3.315524068552000436e+00,2.510390114592085720e+00,-3.109378041699528694e-03,-1.426987834274768933e-02
2.450000000000000000e+01,6.816247769444694349e+00,3.315432712511124702e+00,2.509688006987492503e+00,-3.096206113696098328e-03,-1.404215209186077118e-02
2.455000000000000071e+01,6.816373217208383295e+00,3.315340880236747889e+00,2.508980230701784553e+00,-3.109360579401254654e-03,-1.415552571415901184e-02
2.460000000000000142e+01,6.816498853946617587e+00,3.315248772981082670e+00,2.508281537297810448e+00,-3.115659579634666443e-03,-1.397386807948350872e-02
2.465000000000000213e+01,6.816624622329491068e+00,3.315156434041419686e+00,2.507575681809033341e+00,-3.120523411780595779e-03,-1.411710977554321393e-02
2.470000000000000284e+01,6.816749984630831705e+00,3.315064256988812463e+00,2.506876203314098550e+00,-3.112061414867639542e-03,-1.398956989869475434e-02
2.475000000000000000e+01,6.816874931735858567e+00,3.314972250505673568e+00,2.506175716853397795e+00,-3.103351220488548279e-03,-1.400972921401262387e-02
2.480000000000000071e+01,6.817000114312531167e+00,3.314879935323758353e+00,2.505477263590949466e+00,-3.110805060714483261e-03,-1.396906524896621669e-02
2.485000000000000142e+01,6.817125168214870357e+00,3.314787580118240484e+00,2.504785354331764413e+00,-3.109209705144166946e-03,-1.383818518370390042e-02
2.490000000000000213e+01,6.817250040683275003e+00,3.314695225312973559e+00,2.504093974976497883e+00,-3.106286749243736267e-03,-1.382758710533380474e-02
2.495000000000000284e+01,6.817374839849164481e+00,3.314602791172934104e+00,2.503407509050960655e+00,-3.106052288785576820e-03,-1.372931851074099541e-02
2.500000000000000000e+01,6.817499659544544066e+00,3.314510209070526514e+00,2.502714397868770035e+00,-3.108144272118806839e-03,-1.386222364380955765e-02
2.505000000000000071e+01,6.817624347958857634e+00,3.314417590304614247e+00,2.502025078072841247e+00,-3.106473013758659363e-03,-1.378639591857790982e-02
2.510000000000000142e+01,6.817749620290908474e+00,3.314324403736771174e+00,2.501339448703150392e+00,-3.122620284557342529e-03,-1.371258739382028545e-02
2.515000000000000213e+01,6.817874261716444728e+00,3.314231553669283681e+00,2.500651689198496896e+00,-3.108480013906955719e-03,-1.375519009307026898e-02
2.520000000000000284e+01,6.817998952775881527e+00,3.314138533212263482e+00,2.499970710653509176e+00,-3.111312631517648697e-03,-1.361957089975476300e-02
2.525000000000000000e+01,6.818124248301680623e+00,3.314044928942880830e+00,2.499293079295824338e+00,-3.127985168248414993e-03,-1.355262715369462932e-02
2.530000000000000071e+01,6.818248291351356904e+00,3.313952129324197138e+00,2.498621360867912866e+00,-3.098286455497145653e-03,-1.343436855822801625e-02
2.535000000000000142e+01,6.818373161291761519e+00,3.313858580199877224e+00,2.497944002424995258e+00,-3.120508976280689240e-03,-1.354716885834932397e-02
2.540000000000000213e+01,6.818497788894094747e+00,3.313765080763928506e+00,2.497265164953353711e+00,-3.116034902632236481e-03,-1.357674943283200368e-02
2.545000000000000284e+01,6.818621829173490134e+00,3.313671890291913336e+00,2.496585300572844890e+00,-3.102931194007396698e-03,-1.359728761017322575e-02
2.550000000000000000e+01,6.818746147987866379e+00,3.313578358264857471e+00,2.495912678114767136e+00,-3.111488884314894676e-03,-1.345244916155934403e-02
2.555000000000000071e+01,6.818871147543072553e+00,3.313484182342828266e+00,2.495244272717903389e+00,-3.130111377686262131e-03,-1.336810793727636303e-02
2.560000000000000142e+01,6.818995477363105628e+00,3.313390380666309643e+00,2.494579483693162736e+00,-3.114909864962100983e-03,-1.329578049480915035e-02
2.565000000000000213e+01,6.819120052622771766e+00,3.313296263794665464e+00,2.493911425307090202e+00,-3.122625872492790222e-03,-1.336116772145032848e-02
2.570000000000000284e+01,6.819244117789934556e+00,3.313202402042330519e+00,2.493250682646105609e+00,-3.111410886049270630e-03,-1.321485321968793834e-02
2.575000000000000000e+01,6.819368330345440654e+00,3.313108299670017409e+00,2.492582669564219700e+00,-3.116665873676538467e-03,-1.336026163771748647e-02
2.580000000000000071e+01,6.819491765180671017e+00,3.313014656644888589e+00,2.491920330066862199e+00,-3.098720684647560120e-03,-1.324678994715213810e-02
2.585000000000000142e+01,6.819615181070592946e+00,3.312920899138031228e+00,2.491254103713365975e+00,-3.099803347140550613e-03,-1.332452706992626190e-02
2.590000000000000213e+01,6.819738859957620747e+00,3.312826811817576544e+00,2.490598116106050863e+00,-3.107982687652111053e-03,-1.311975214630365337e-02
2.595000000000000284e+01,6.819862729264711376e+00,3.312732451291232394e+00,2.489938929000566681e+00,-3.114322666078805923e-03,-1.318374210968613694e-02
2.600000000000000000e+01,6.819986016824483244e+00,3.312638405430459621e+00,2.489276859065215231e+00,-3.101254347711801529e-03,-1.324139870703220333e-02
2.605000000000000071e+01,6.820109912570646138e+00,3.312543765810399776e+00,2.488615049597504569e+00,-3.118128515779972076e-03,-1.323618935421109165e-02
2.610000000000000142e+01,6.820234060355613082e+00,3.312448803497939132e+00,2.487963229723903158e+00,-3.126052673906087875e-03,-1.303639747202396497e-02
2.615000000000000213e+01,6.820357099845459459e+00,3.312354561748139581e+00,2.487308266091789122e+00,-3.099691821262240410e-03,-1.309927264228463208e-02
2.620000000000000284e+01,6.820481278524640700e+00,3.312259318326415070e+00,2.486658831791649593e+00,-3.129961900413036346e-03,-1.298868600279092823e-02
2.625000000000000000e+01,6.820604621322368111e+00,3.312164588726229653e+00,2.486016093752044132e+00,-3.110443241894245148e-03,-1.285476079210639069e-02
2.630000000000000071e+01,6.820728521110304143e+00,3.312069304676372283e+00,2.485370676353270802e+00,-3.126033116132020950e-03,-1.290834797546267475e-02
2.635000000000000142e+01,6.820852600258525023e+00,3.311973755181954804e+00,2.484723761611315140e+00,-3.132113721221685410e-03,-1.293829483911395142e-02
2.640000000000000213e+01,6.820975674102761843e+00,3.311878852945233209e+00,2.484080037524620810e+00,-3.108286065980792046e-03,-1.287448173388838768e-02
2.645000000000000284e+01,6.821100073613911796e+00,3.311782800729845988e+00,2.483450762623617969e+00,-3.143327310681343079e-03,-1.258549802005290950e-02
2.650000000000000000e+01,6.821223324315436543e+00,3.311687511683691909e+00,2.482825453745829414e+00,-3.115813713520765305e-03,-1.250617755576968228e-02
2.655000000000000071e+01,6.821346815084028847e+00,3.311591913597611736e+00,2.482180489598470263e+00,-3.123393282294273376e-03,-1.289928294718265499e-02
2.660000000000000142e+01,6.821470404633545037e+00,3.311496111498521966e+00,2.481546613870816653e+00,-3.127453848719596863e-03,-1.267751455307006801e-02
2.665000000000000213e+01,6.821592832504012271e+00,3.311401085594806393e+00,2.480911701050283913e+00,-3.099580993875861168e-03,-1.269825641065835953e-02
2.670000000000000284e+01,6.821716032017621778e+00,3.311305335350886558e+00,2.480282352388533340e+00,-3.120655659586191177e-03,-1.258697323501110042e-02
2.675000000000000000e+01,6.821839083360266009e+00,3.311209575984170428e+00,2.479656977419438135e+00,-3.118428401648998260e-03,-1.250749938189983472e-02
2.680000000000000071e+01,6.821962042010436100e+00,3.311113765227761796e+00,2.479030009134369106e+00,-3.117597196251153946e-03,-1.253936570137739216e-02
2.685000000000000142e+01,6.822085213293074268e+00,3.311017664612187605e+00,2.478406037379683902e+00,-3.124515525996685028e-03,-1.247943509370088612e-02
2.690000000000000213e+01,6.822208601401786865e+00,3.310921270906195257e+00,2.477785321533376273e+00,-3.131540957838296890e-03,-1.241431692615151475e-02
2.695000000000000284e+01,6.822332104130461872e+00,3.310824664149919272e+00,2.477160169061900952e+00,-3.135971259325742722e-03,-1.250304942950606311e-02
2.700000000000000000e+01,6.822455472992806413e+00,3.310728037731495377e+00,2.476538118690879919e+00,-3.134105354547500610e-03,-1.244100742042064667e-02
2.705000000000000071e+01,6.822578549908532963e+00,3.310631516388765849e+00,2.475916852404991264e+00,-3.128213342279195786e-03,-1.242532571777701413e-02
2.710000000000000142e+01,6.822701711647305878e+00,3.310534804888786375e+00,2.475306568549642261e+00,-3.131895791739225388e-03,-1.220567710697650909e-02
2.715000000000000213e+01,6.822824519767697105e+00,3.310438249845180092e+00,2.474685463363932580e+00,-3.124401438981294632e-03,-1.242210371419787476e-02
2.720000000000000284e+01,6.822948100874195454e+00,3.310340962794101838e+00,2.474073925324412393e+00,-3.145603928714990616e-03,-1.223076079040765797e-02
2.725000000000000000e+01,6.823070600901831817e+00,3.310244405404984214e+00,2.473465842850202989e+00,-3.119588829576969147e-03,-1.216164948418736562e-02
2.730000000000000071e+01,6.823193209022795358e+00,3.310147641879084723e+00,2.472851652273604817e+00,-3.123839385807514191e-03,-1.228381153196096524e-02
2.735000000000000142e+01,6.823315943584142396e+00,3.310050656171357630e+00,2.472241509318048092e+00,-3.128577955067157745e-03,-1.220285911113023862e-02
2.740000000000000213e+01,6.823438606951240715e+00,3.309953605087484263e+00,2.471635292110661020e+00,-3.128272015601396561e-03,-1.212434414774179493e-02
2.745000000000000284e+01,6.823561457969741006e+00,3.309856284380940483e+00,2.471029146987641312e+00,-3.134561702609062195e-03,-1.212290246039629017e-02
2.750000000000000000e+01,6.823684138865496962e+00,3.309758977355818921e+00,2.470424419328266730e+00,-3.131725359708070755e-03,-1.209455318748950924e-02
2.755000000000000071e+01,6.823806516938814681e+00,3.309661789899243534e+00,2.469817316572809673e+00,-3.125494811683893204e-03,-1.214205510914325749e-02
2.760000000000000142e+01,6.823928936310332816e+00,3.309564448392479541e+00,2.469222602102601805e+00,-3.128058277070522308e-03,-1.189428940415382385e-02
2.765000000000000213e+01,6.824051379028932551e+00,3.309466969406417380e+00,2.468625002246046307e+00,-3.130135592073202133e-03,-1.195199713110923871e-02
2.770000000000000284e+01,6.824173777673534502e+00,3.309369405946223974e+00,2.468029168205032153e+00,-3.130498807877302170e-03,-1.191668082028627361e-02
2.775000000000000000e+01,6.824295973325849474e+00,3.309271885165795180e+00,2.467434982884371575e+00,-3.126792609691619873e-03,-1.188370641320943798e-02
2.780000000000000071e+01,6.824417751768570461e+00,3.309174578846332260e+00,2.466842148223588271e+00,-3.117595799267292023e-03,-1.185669321566820179e-02
2.785000000000000142e+01,6.824539798286519243e+00,3.309076939717835675e+00,2.466245548286171818e+00,-3.125939983874559402e-03,-1.193199874833226169e-02
2.790000000000000213e+01,6.824661824711043323e+00,3.308979197211969758e+00,2.465659928893367159e+00,-3.126918338239192963e-03,-1.171238785609603032e-02
2.795000000000000284e+01,6.824784095228213943e+00,3.308881141589482766e+00,2.465080364880780195e+00,-3.134644124656915665e-03,-1.159128025174140965e-02
2.800000000000000000e+01,6.824905989327048950e+00,3.308783271704178297e+00,2.464489045207085560e+00,-3.126447554677724838e-03,-1.182639347389340470e-02
2.805000000000000071e+01,6.825028379257647160e+00,3.308684884627615119e+00,2.463906723674083477e+00,-3.140656743198633194e-03,-1.164643066003918752e-02
2.810000000000000142e+01,6.825150681330014457e+00,3.308586450880973917e+00,2.463332501532206731e+00,-3.139872569590806961e-03,-1.148444283753633464e-02
2.815000000000000213e+01,6.825272901423387495e+00,3.308487967418023867e+00,2.462758337896013838e+00,-3.139219246804714203e-03,-1.148327272385358915e-02
2.820000000000000284e+01,6.825395181072472006e+00,3.308389320117691046e+00,2.462187565829301317e+00,-3.142203204333782196e-03,-1.141544133424758981e-02
2.825000000000000000e+01,6.825517451146125403e+00,3.308290565280997964e+00,2.461607427656347102e+00,-3.143405076116323471e-03,-1.160276345908641850e-02
2.830000000000000071e+01,6.825639348219729285e+00,3.308191994804389857e+00,2.461031244400585294e+00,-3.135285340249538422e-03,-1.152366511523723706e-02
2.835000000000000142e+01,6.825761392330488064e+00,3.308093189072450979e+00,2.460456490594590484e+00,-3.140531014651060104e-03,-1.149507611989974976e-02
2.840000000000000213e+01,6.825882975265058938e+00,3.307994640968104250e+00,2.459884502146089780e+00,-3.130120690912008286e-03,-1.143976897001266514e-02
2.845000000000000284e+01,6.826004560261554666e+00,3.307895975904078689e+00,2.459311323048243736e+00,-3.131626173853874207e-03,-1.146358195692300831e-02
2.850000000000000000e+01,6.826126617239016703e+00,3.307796811747321986e+00,2.458743054404551653e+00,-3.145246300846338272e-03,-1.136537287384271726e-02
2.855000000000000071e+01,6.826248145854138194e+00,3.307697962155778271e+00,2.458176000717724019e+00,-3.133078105747699738e-03,-1.134107373654842481e-02
2.860000000000000142e+01,6.826369849200946582e+00,3.307598855716527453e+00,2.457616083215618641e+00,-3.139031119644641876e-03,-1.119835004210472176e-02
2.865000000000000213e+01,6.826491858460831175e+00,3.307499386494934246e+00,2.457060329340094995e+00,-3.148357383906841278e-03,-1.111507751047611202e-02
2.870000000000000284e+01,6.826613694598981930e+00,3.307399945646554151e+00,2.456504497848147839e+00,-3.145315684378147125e-03,-1.111662983894348179e-02
2.875000000000000000e+01,6.826735375111514514e+00,3.307300519077624124e+00,2.455948320309328192e+00,-3.142724279314279556e-03,-1.112355077639222249e-02
2.880000000000000071e+01,6.826857108272333718e+00,3.307200936527699309e+00,2.455394422941537869e+00,-3.145514056086540222e-03,-1.107794735580682789e-02
2.885000000000000142e+01,6.826979170999587510e+00,3.307100971473970308e+00,2.454843636768566650e+00,-3.155460115522146225e-03,-1.101572345942258835e-02
2.890000000000000213e+01,6.827100634086012754e+00,3.307001385684059880e+00,2.454295369734684318e+00,-3.141376189887523651e-03,-1.096534067764878308e-02
2.895000000000000284e+01,6.827222582085463287e+00,3.306901290466639498e+00,2.453746445308136348e+00,-3.155336249619722366e-03,-1.097848853096365998e-02
2.900000000000000000e+01,6.827344902015216377e+00,3.306800777536547997e+00,2.453182889640959541e+00,-3.166386857628822327e-03,-1.127111334353685448e-02
2.905000000000000071e+01,6.827467504519312946e+00,3.306699916608391465e+00,2.452620962829025864e+00,-3.175172489136457443e-03,-1.123853623867034947e-02
2.910000000000000142e+01,6.827589582834698412e+00,3.306599371833792045e+00,2.452056735226581186e+00,-3.163059707731008530e-03,-1.128455204889178276e-02
2.915000000000000213e+01,6.827711556688541350e+00,3.306498797536451484e+00,2.451495484666595726e+00,-3.161822911351919174e-03,-1.122501119971275330e-02
2.920000000000000284e+01,6.827833635136904000e+00,3.306398021841201018e+00,2.450934395793522125e+00,-3.165999893099069595e-03,-1.122177746146917413e-02
2.925000000000000000e+01,6.827956054534707775e+00,3.306296849143165240e+00,2.450379827119106846e+00,-3.176313824951648712e-03,-1.109137348830699886e-02
2.930000000000000071e+01,6.828077653498184851e+00,3.306196240941930320e+00,2.449825990981119084e+00,-3.156473860144615173e-03,-1.107672275975346565e-02
2.935000000000000142e+01,6.828199413881988811e+00,3.306095385534786768e+00,2.449271842407690691e+00,-3.162113483995199203e-03,-1.108297146856784821e-02
2.940000000000000213e+01,6.828321134613951848e+00,3.305994449189800122e+00,2.448724606557445949e+00,-3.162535838782787323e-03,-1.094471700489521061e-02
2.945000000000000284e+01,6.828442933464345721e+00,3.305893335528116150e+00,2.448181559395673279e+00,-3.166002687066793442e-03,-1.086094323545694351e-02
2.950000000000000000e+01,6.828564617938339687e+00,3.305792205146077745e+00,2.447644551856140271e+00,-3.164456691592931747e-03,-1.074015079066157306e-02
2.955000000000000071e+01,6.828686298846642799e+00,3.305690967201371233e+00,2.447103890351648214e+00,-3.165777307003736496e-03,-1.081323008984327351e-02
2.960000000000000142e+01,6.828808070950478815e+00,3.305589541920995522e+00,2.446570621769572185e+00,-3.169576171785593033e-03,-1.066537164151668514e-02
2.965000000000000213e+01,6.828922306452906987e+00,3.305494290730619955e+00,2.446584719879249636e+00,-2.974729519337415695e-03,2.819621935486793843e-04
2.970000000000000284e+01,6.829036597124587438e+00,3.305398996270823897e+00,2.446619254451873449e+00,-2.976131159812211990e-03,6.906914524734020667e-04
2.975000000000000000e+01,6.829150604404132352e+00,3.305303944774819147e+00,2.446643430333281799e+00,-2.968666143715381622e-03,4.835176281630993215e-04
2.980000000000000071e+01,6.829264585198264292e+00,3.305208920031470043e+00,2.446661086560855569e+00,-2.967916661873459816e-03,3.531245514750480977e-04
2.985000000000000142e+01,6.829379242608581535e+00,3.305113334630827904e+00,2.446680796438525540e+00,-2.985490951687097549e-03,3.941975533962249973e-04
2.990000000000000213e+01,6.829493403351757586e+00,3.305018167095990389e+00,2.446706726694177103e+00,-2.972509711980819702e-03,5.186051130294799805e-04
2.995000000000000284e+01,6.829607547927126987e+00,3.304923018055637485e+00,2.446727752363006658e+00,-2.972024492919445038e-03,4.205133765935897719e-04
3.000000000000000000e+01,6.829721228455683857e+00,3.304828259888076492e+00,2.446754371820646590e+00,-2.959890058264136314e-03,5.323891527950763702e-04
3.005000000000000071e+01,6.829835277166556473e+00,3.304733199968074242e+00,2.446779308443586487e+00,-2.969410503283143044e-03,4.987324588000774600e-04
3.010000000000000142e+01,6.829956048222915577e+00,3.304632542058049349e+00,2.446262482054228915e+00,-3.144370391964912415e-03,-1.033652778714895352e-02
3.015000000000000213e+01,6.830070786731989863e+00,3.304536811501893823e+00,2.446270760189439120e+00,-2.988595981150865555e-03,1.655627042055130059e-04
3.020000000000000284e+01,6.830184218206714952e+00,3.304442173045190501e+00,2.446290428786235704e+00,-2.954531228169798851e-03,3.933719359338283756e-04
3.025000000000000000e+01,6.830297741541364154e+00,3.304347461734718383e+00,2.446311146462033292e+00,-2.956875367090106010e-03,4.143535159528255571e-04
3.030000000000000071e+01,6.830411358259619981e+00,3.304252676507489994e+00,2.446332716870750268e+00,-2.959256526082754135e-03,4.314081743359565735e-04
3.035000000000000142e+01,6.830525223570608873e+00,3.304157688056181819e+00,2.446356587902339896e+00,-2.965677995234727859e-03,4.774206317961215973e-04
3.040000000000000213e+01,6.830639285620264012e+00,3.304062540099527823e+00,2.446379941980051598e+00,-2.970742993056774139e-03,4.670815542340278625e-04
3.045000000000000284e+01,6.830753223251681661e+00,3.303967500442142935e+00,2.446404575345734855e+00,-2.967444714158773422e-03,4.926673136651515961e-04
3.050000000000000000e+01,6.830867300845334000e+00,3.303872348802256553e+00,2.446433093011076476e+00,-2.971028909087181091e-03,5.703533068299294169e-04
3.055000000000000071e+01,6.830981338007363846e+00,3.303777236400676554e+00,2.446463288188609031e+00,-2.969905268400907516e-03,6.039035506546497345e-04
3.060000000000000142e+01,6.831101696638859799e+00,3.303676857755960761e+00,2.445950516964006116e+00,-3.134458325803279877e-03,-1.025542449206113919e-02
3.065000000000000213e+01,6.831216229040395049e+00,3.303581238544643917e+00,2.445960222076321688e+00,-2.984004328027367592e-03,1.941022463142871965e-04
3.070000000000000284e+01,6.831330022642418065e+00,3.303486238006061004e+00,2.445977523833210210e+00,-2.964731771498918533e-03,3.460351377725601413e-04
3.075000000000000000e+01,6.831443872795396111e+00,3.303391193598601561e+00,2.445996237731235645e+00,-2.966162282973527908e-03,3.742779605090618350e-04
3.080000000000000071e+01,6.831557426986111459e+00,3.303296399872396094e+00,2.446018489001946961e+00,-2.958405297249555588e-03,4.450254142284393527e-04
3.085000000000000142e+01,6.831671163421058068e+00,3.303201458305142779e+00,2.446047955624456094e+00,-2.963098231703042984e-03,5.893324501812458255e-04
3.090000000000000213e+01,6.831784787997456476e+00,3.303106615792890111e+00,2.446072645148890778e+00,-2.960111247375607491e-03,4.937904886901378632e-04
3.095000000000000284e+01,6.831898770196709769e+00,3.303011479547362406e+00,2.446091629321383909e+00,-2.969366731122136116e-03,3.796834498643875122e-04
3.100000000000000000e+01,6.832012502546427335e+00,3.302916555504162854e+00,2.446108074447768566e+00,-2.962810918688774109e-03,3.289025276899337985e-04
3.105000000000000071e+01,6.832125876017268951e+00,3.302821934153985950e+00,2.446127727035130039e+00,-2.953421324491500854e-03,3.930517472326755849e-04
3.110000000000000142e+01,6.832238925544957375e+00,3.302727586935541026e+00,2.446153993656555947e+00,-2.944934181869029999e-03,5.253324285149574497e-04
3.115000000000000213e+01,6.832359661164025155e+00,3.302626830551586234e+00,2.445639902198384341e+00,-3.145087510347366333e-03,-1.028182916343212128e-02
3.120000000000000284e+01,6.832474180342923198e+00,3.302531161999116449e+00,2.445651275183702733e+00,-2.984433900564908981e-03,2.274597063660621643e-04
3.125000000000000000e+01,6.832587882835513327e+00,3.302436177896472813e+00,2.445670812561805185e+00,-2.963122446089982986e-03,3.907475620508193970e-04
3.130000000000000071e+01,6.832701598870077220e+00,3.302341186253290317e+00,2.445690867857704731e+00,-2.963426988571882248e-03,4.011059179902076830e-04
3.135000000000000142e+01,6.832815184077355219e+00,3.302246307762962463e+00,2.445711038698139550e+00,-2.959968056529760361e-03,4.034168086946010590e-04
3.140000000000000213e+01,6.832928655636385074e+00,3.302151528089527499e+00,2.445731332836369898e+00,-2.956956624984741211e-03,4.058827646076679121e-04
3.145000000000000284e+01,6.833042142306771538e+00,3.302056739703876254e+00,2.445753897380712250e+00,-2.957300283014774323e-03,4.512908868491649845e-04
3.150000000000000000e+01,6.833155253931120221e+00,3.301962268903729125e+00,2.445777388292993404e+00,-2.947471570223569870e-03,4.698182456195354462e-04
3.155000000000000071e+01,6.833268760174688872e+00,3.301867473043931245e+00,2.445800490243057901e+00,-2.957696560770273209e-03,4.620390012860298482e-04
3.160000000000000142e+01,6.833381812562564939e+00,3.301773060659501713e+00,2.445821668420615769e+00,-2.945813350379467010e-03,4.235635511577129581e-04
3.165000000000000213e+01,6.833495172939607620e+00,3.301678395142009226e+00,2.445841067748772968e+00,-2.953786402940750122e-03,3.879865631461143710e-04
3.170000000000000284e+01,6.833615153230466532e+00,3.301578205386332510e+00,2.445324285699683298e+00,-3.126228228211402893e-03,-1.033564098179340363e-02
3.175000000000000000e+01,6.833729673595639653e+00,3.301482474457547500e+00,2.445340562014537866e+00,-2.985252067446708679e-03,3.255262970924377550e-04
3.180000000000000071e+01,6.833843420517796474e+00,3.301387393217483979e+00,2.445359641321632083e+00,-2.965050050988793373e-03,3.815861418843269348e-04
3.185000000000000142e+01,6.833956383414776070e+00,3.301292971006500210e+00,2.445384797927620646e+00,-2.944565843790769577e-03,5.031321197748184204e-04
3.190000000000000213e+01,6.834068956808725837e+00,3.301198879179611190e+00,2.445405715930903945e+00,-2.934351097792387009e-03,4.183600656688213457e-04
3.195000000000000284e+01,6.834182859571174440e+00,3.301103680278349550e+00,2.445420973760703998e+00,-2.968950662761926651e-03,3.051565960049629428e-04
3.200000000000000000e+01,6.834296736702553332e+00,3.301008505750522293e+00,2.445439967865752351e+00,-2.968244720250368118e-03,3.798821009695529829e-04
3.205000000000000426e+01,6.834410405258183552e+00,3.300913509210083419e+00,2.445460536008397412e+00,-2.962761092931032181e-03,4.113628529012203217e-04
3.210000000000000142e+01,6.834523436843726429e+00,3.300819048955012658e+00,2.445486659550736075e+00,-2.946107881143689156e-03,5.224708467721939521e-04
3.214999999999999858e+01,6.834636879736734727e+00,3.300724250004292593e+00,2.445500446105072445e+00,-2.956763841211795807e-03,2.757310867309570312e-04
3.220000000000000284e+01,6.834750222152098154e+00,3.300629537671829983e+00,2.445522803951682533e+00,-2.954110968858003616e-03,4.471569322049618093e-04
3.225000000000000000e+01,6.834870459329288828e+00,3.300529068434237878e+00,2.445003028557332314e+00,-3.133754711598157883e-03,-1.039550788700580562e-02
3.230000000000000426e+01,6.834985245838847590e+00,3.300433052366626541e+00,2.445002491403067690e+00,-2.992993686348199844e-03,-1.074308529496193034e-05
3.235000000000000142e+01,6.835098713996621278e+00,3.300338138963982093e+00,2.445026703200930740e+00,-2.958619734272360802e-03,4.842359572649002292e-04
3.239999999999999858e+01,6.835211392063216707e+00,3.300243891090630655e+00,2.445043658952856358e+00,-2.937959041446447372e-03,3.391150385141372681e-04
3.245000000000000284e+01,6.835324899374022323e+00,3.300148952879489617e+00,2.445066362259605608e+00,-2.959538716822862625e-03,4.540661349892616164e-04
3.250000000000000000e+01,6.835438212953202530e+00,3.300054181078900584e+00,2.445089304492504834e+00,-2.954431343823671341e-03,4.588446579873561968e-04
3.255000000000000426e+01,6.835551265482877170e+00,3.299959632019544564e+00,2.445106989847192214e+00,-2.947568427771329880e-03,3.537070937454700795e-04
3.260000000000000142e+01,6.835664337473699170e+00,3.299865070082637519e+00,2.445129655896382204e+00,-2.948032226413488388e-03,4.533209837973117937e-04
3.264999999999999858e+01,6.835777140525375550e+00,3.299770737404065901e+00,2.445145650495471390e+00,-2.940964652225375175e-03,3.198919817805290439e-04
3.270000000000000284e+01,6.835890830440241039e+00,3.299675666167358745e+00,2.445167633084276648e+00,-2.964047016575932503e-03,4.396517761051654816e-04
3.275000000000000000e+01,6.836004276734939822e+00,3.299580802891501463e+00,2.445191232123108627e+00,-2.957641147077083588e-03,4.719807766377925873e-04
3.280000000000000426e+01,6.836124256445892833e+00,3.299480481213769689e+00,2.444674424215847797e+00,-3.127911128103733063e-03,-1.033615814521908829e-02
3.285000000000000142e+01,6.836238286328764957e+00,3.299385034339471279e+00,2.444681925097177189e+00,-2.974082715809345245e-03,1.500176265835762132e-04
3.289999999999999858e+01,6.836351629017179299e+00,3.299290164116022606e+00,2.444706972528877031e+00,-2.956141019240021706e-03,5.009486339986324310e-04
3.295000000000000284e+01,6.836464287835323006e+00,3.299195871105118805e+00,2.444723174077155559e+00,-2.938243094831705093e-03,3.240309655666351644e-04
3.300000000000000000e+01,6.836577136620053174e+00,3.299101422205347856e+00,2.444734612273680607e+00,-2.943157684057950974e-03,2.287639304995536750e-04
3.305000000000000426e+01,6.836690673095636939e+00,3.299006399950370483e+00,2.444751692706415902e+00,-2.961064688861370087e-03,3.416086547076702118e-04
3.310000000000000142e+01,6.836803973095607390e+00,3.298911578899982544e+00,2.444770193620281695e+00,-2.954855095595121384e-03,3.700182773172855702e-04
3.314999999999999858e+01,6.836917131488498889e+00,3.298816879920710932e+00,2.444792540612327425e+00,-2.951116301119327545e-03,4.469398409128189087e-04
3.320000000000000284e+01,6.837019773749853258e+00,3.298730985487231759e+00,2.444407016736152016e+00,-2.676810603588819504e-03,-7.710477523505687887e-03
3.325000000000000000e+01,6.837123630123180362e+00,3.298644006944709606e+00,2.444005818742955416e+00,-2.709347754716873169e-03,-8.023959863930941322e-03
3.330000000000000426e+01,6.837226713100172937e+00,3.298557605725510822e+00,2.443599113462189720e+00,-2.690075896680355072e-03,-8.134105615317821850e-03
3.335000000000000142e+01,6.837329430713055878e+00,3.298471439595248356e+00,2.443185449944505816e+00,-2.681455574929714203e-03,-8.273270353674888958e-03
3.339999999999999858e+01,6.837432740279224319e+00,3.298384704063269002e+00,2.442775641431728761e+00,-2.697844989597797394e-03,-8.196170255541802147e-03
3.345000000000000284e+01,6.837535682147327876e+00,3.298298205291816831e+00,2.442365569224278055e+00,-2.689168322831392288e-03,-8.201444149017333637e-03
3.350000000000000000e+01,6.837638628282335596e+00,3.298211630888673529e+00,2.441944534912402265e+00,-2.690206980332732201e-03,-8.420686237514019012e-03
3.355000000000000426e+01,6.837741928394882152e+00,3.298124684523203953e+00,2.441538096972438066e+00,-2.700413577258586884e-03,-8.128758799284697273e-03
3.360000000000000142e+01,6.837844895818450119e+00,3.298037946655398844e+00,2.441121217234688334e+00,-2.692637965083122253e-03,-8.337594754993916599e-03
3.364999999999999858e+01,6.837947401296556649e+00,3.297951524840602833e+00,2.440708917368831443e+00,-2.681499812752008438e-03,-8.245997317135335056e-03
3.370000000000000284e+01,6.838050085648242238e+00,3.297864879763206858e+00,2.440284067446993888e+00,-2.687113359570503235e-03,-8.496998436748981129e-03
3.375000000000000000e+01,6.838152614514246608e+00,3.297778291284305663e+00,2.439858474469440264e+00,-2.684006933122873306e-03,-8.511859551072120320e-03
3.380000000000000426e+01,6.838255991183419091e+00,3.297690911409139947e+00,2.439437729249405162e+00,-2.707174047827720642e-03,-8.414904400706291893e-03
3.385000000000000142e+01,6.838358682192816396e+00,3.297604036990249732e+00,2.439014939683186167e+00,-2.690175315365195274e-03,-8.455791324377060630e-03
3.389999999999999858e+01,6.838460970427901131e+00,3.297517429086356699e+00,2.438593597504007171e+00,-2.680582925677299500e-03,-8.426843583583832134e-03
3.395000000000000284e+01,6.838563263887175836e+00,3.297430742733009623e+00,2.438165795475872866e+00,-2.681676764041185379e-03,-8.556040562689304005e-03
3.400000000000000000e+01,6.838664907808839288e+00,3.297344532078540613e+00,2.437747289313631605e+00,-2.665615407750010490e-03,-8.370123244822025646e-03
3.405000000000000426e+01,6.838767254603549617e+00,3.297257651600873807e+00,2.437325674052047031e+00,-2.685001585632562637e-03,-8.432305231690407493e-03
3.410000000000000142e+01,6.838869923492405078e+00,3.297170423196882805e+00,2.436899676899122458e+00,-2.694416092708706856e-03,-8.519943058490754215e-03
3.414999999999999858e+01,6.838972791996744682e+00,3.297082949716737765e+00,2.436466554667497508e+00,-2.700632438063621521e-03,-8.662444632500409733e-03
3.420000000000000284e+01,6.839074296770313310e+00,3.296996560093600426e+00,2.436025347419711107e+00,-2.665812149643898010e-03,-8.824144955724477768e-03
3.425000000000000000e+01,6.839177030584243866e+00,3.296909046258460485e+00,2.435590776418032455e+00,-2.699104137718677521e-03,-8.691420033574105350e-03
3.430000000000000426e+01,6.839279210972405210e+00,3.296821927204060643e+00,2.435154274016315235e+00,-2.685558516532182693e-03,-8.730048034340144245e-03
3.435000000000000142e+01,6.839381044603937809e+00,3.296735027002951846e+00,2.434714854586566002e+00,-2.677441574633121490e-03,-8.788388594985008587e-03
3.439999999999999858e+01,6.839483593428228758e+00,3.296647438582881229e+00,2.434275797590309764e+00,-2.697257325053215027e-03,-8.781139925122262088e-03
3.445000000000000284e+01,6.839585376200705724e+00,3.296560427140482474e+00,2.433841688012400528e+00,-2.678113058209419250e-03,-8.682191558182240573e-03
3.450000000000000000e+01,6.839687708393306309e+00,3.296472869096156888e+00,2.433403030204282835e+00,-2.693569287657737732e-03,-8.773156162351370899e-03
3.455000000000000426e+01,6.839789770360469312e+00,3.296385464688129652e+00,2.432968350531229618e+00,-2.687465399503707886e-03,-8.693593461066484798e-03
3.460000000000000142e+01,6.839891680515072458e+00,3.296298113475138347e+00,2.432535386759484108e+00,-2.684467472136020660e-03,-8.659275434911252109e-03
3.464999999999999858e+01,6.839993430245653094e+00,3.296210823319674077e+00,2.432100132842244467e+00,-2.681236946955323219e-03,-8.705078344792128650e-03
3.470000000000000284e+01,6.840095081233185326e+00,3.296123541039733595e+00,2.431660821790503135e+00,-2.679635770618915558e-03,-8.786221034824848175e-03
3.475000000000000000e+01,6.840197149814649435e+00,3.296035822265643400e+00,2.431212620179796335e+00,-2.691659610718488693e-03,-8.964032214134932258e-03
3.480000000000000426e+01,6.840299139213713353e+00,3.295948092037172650e+00,2.430775844486126491e+00,-2.690608147531747818e-03,-8.735513873398303639e-03
3.485000000000000142e+01,6.840401385937301626e+00,3.295860062728426243e+00,2.430333921717175993e+00,-2.698410768061876297e-03,-8.838455379009247867e-03
3.489999999999999858e+01,6.840503541858135250e+00,3.295772032958288911e+00,2.429890495695801178e+00,-2.697040792554616928e-03,-8.868520427495241859e-03
3.495000000000000284e+01,6.840605753237090525e+00,3.295683876390191447e+00,2.429449072488279793e+00,-2.699536737054586411e-03,-8.828464150428773013e-03
3.500000000000000000e+01,6.840708365262277546e+00,3.295595295247316425e+00,2.428998717357100823e+00,-2.711150795221328735e-03,-9.007102623581886985e-03
3.505000000000000426e+01,6.840810116969477050e+00,3.295507376780050013e+00,2.428551251467944816e+00,-2.689465880393981934e-03,-8.949317783117295005e-03
3.510000000000000142e+01,6.840912098981755562e+00,3.295419179584518687e+00,2.428098724585654011e+00,-2.696596086025238037e-03,-9.050537645816803672e-03
3.514999999999999858e+01,6.841013886598168448e+00,3.295331069964387183e+00,2.427648658043401131e+00,-2.692509908229112625e-03,-9.001330845057964672e-03
3.520000000000000284e+01,6.841115279934450122e+00,3.295243221783574317e+00,2.427205848385276088e+00,-2.683125901967287064e-03,-8.856193162500858307e-03
3.525000000000000000e+01,6.841216912418512486e+00,3.295155087585835307e+00,2.426753601374731950e+00,-2.690486842766404152e-03,-9.044940210878848683e-03
3.530000000000000426e+01,6.841318171530524239e+00,3.295067196907580875e+00,2.426301016741128080e+00,-2.681654645130038261e-03,-9.051692672073841095e-03
3.535000000000000142e+01,6.841419943070537357e+00,3.294978780660007267e+00,2.425851938802444874e+00,-2.696284791454672813e-03,-8.981558773666620948e-03
3.539999999999999858e+01,6.841521572701082299e+00,3.294890407581325675e+00,2.425397965245576160e+00,-2.693576272577047348e-03,-9.079471137374639858e-03
3.545000000000000284e+01,6.841622446436912419e+00,3.294802611346359100e+00,2.424935901852951936e+00,-2.674598246812820435e-03,-9.241267852485180595e-03
3.550000000000000000e+01,6.841723635402074066e+00,3.294714458541816438e+00,2.424480997276188265e+00,-2.684036036953330040e-03,-9.098091535270214428e-03
3.555000000000000426e+01,6.841824982282957990e+00,3.294626087041084617e+00,2.424026163987511140e+00,-2.689290791749954224e-03,-9.096665773540735245e-03
3.560000000000000142e+01,6.841926228931534126e+00,3.294537721843878053e+00,2.423568496316367060e+00,-2.687697298824787140e-03,-9.153353422880173076e-03
3.564999999999999858e+01,6.842027678315552031e+00,3.294449097874932342e+00,2.423116604614698577e+00,-2.694155555218458176e-03,-9.037834033370018352e-03
3.570000000000000284e+01,6.842129306991394877e+00,3.294360236276150822e+00,2.422659857108884651e+00,-2.699983073398470879e-03,-9.134950116276741028e-03
3.575000000000000000e+01,6.842230496446767063e+00,3.294271677135090393e+00,2.422207871278443392e+00,-2.689388580620288849e-03,-9.039716608822346428e-03
3.580000000000000426e+01,6.842331961918056038e+00,3.294182795410128151e+00,2.421765137392723144e+00,-2.697791904211044312e-03,-8.854677714407444694e-03
3.585000000000000142e+01,6.842433237275768576e+00,3.294094000946016898e+00,2.421303713958406156e+00,-2.693782094866037369e-03,-9.228468686342240074e-03
3.589999999999999858e+01,6.842534773069209209e+00,3.294004895242046871e+00,2.420846513494544716e+00,-2.701802644878625870e-03,-9.144009277224541751e-03
3.595000000000000284e+01,6.842636114700302308e+00,3.293915877881071985e+00,2.420391332398795559e+00,-2.697718795388936996e-03,-9.103621914982795368e-03
3.600000000000000000e+01,6.842737710841220178e+00,3.293826555003240841e+00,2.419937120628238514e+00,-2.705575898289680481e-03,-9.084235411137342453e-03
3.605000000000000426e+01,6.842838828850837274e+00,3.293737571032393063e+00,2.419480504215390404e+00,-2.693918999284505844e-03,-9.132328256964684227e-03
3.610000000000000142e+01,6.842939787287317444e+00,3.293648645654553064e+00,2.419021733485788861e+00,-2.690749242901802063e-03,-9.175414592027664532e-03
3.614999999999999858e+01,6.843041263773375960e+00,3.293559181266382918e+00,2.418560421027869722e+00,-2.705649938434362411e-03,-9.226249158382415425e-03
3.620000000000000284e+01,6.843142635614848146e+00,3.293469725989637720e+00,2.418103162686966900e+00,-2.703959820792078972e-03,-9.145166818052529942e-03
3.625000000000000000e+01,6.843243811204482441e+00,3.293380361572248116e+00,2.417641239816949117e+00,-2.699814736843109131e-03,-9.238457400351762425e-03
3.630000000000000426e+01,6.843344668134116127e+00,3.293291195647024772e+00,2.417186971845731502e+00,-2.692410256713628769e-03,-9.085359424352646221e-03
3.635000000000000142e+01,6.843446197937726794e+00,3.293201352641511370e+00,2.416729045341417415e+00,-2.711462089791893959e-03,-9.158530086278916099e-03
3.639999999999999858e+01,6.843546787429197309e+00,3.293112259547022802e+00,2.416269027636081201e+00,-2.687439322471618652e-03,-9.200354106724262238e-03
3.645000000000000284e+01,6.843647776467485677e+00,3.293022729635004531e+00,2.415803737629830916e+00,-2.699214033782482147e-03,-9.305800125002861717e-03
3.650000000000000000e+01,6.843748790058669762e+00,3.292933093981292192e+00,2.415341057329133179e+00,-2.700984710827469826e-03,-9.253606013953686454e-03
3.655000000000000426e+01,6.843850443420635088e+00,3.292842806517209286e+00,2.414889728472262576e+00,-2.719208132475614548e-03,-9.026577137410641063e-03
3.660000000000000142e+01,6.843961585442598583e+00,3.292744001554393396e+00,2.413355373487502398e+00,-2.974220551550388336e-03,-3.068709969520569056e-02
3.664999999999999858e+01,6.844073871651694674e+00,3.292643870542647289e+00,2.411791461900502309e+00,-3.008947474882006645e-03,-3.127823173999786516e-02
3.670000000000000284e+01,6.844186685400847736e+00,3.292542951924443351e+00,2.410220321089655116e+00,-3.027309663593769073e-03,-3.142281621694564819e-02
3.675000000000000000e+01,6.844299201304654190e+00,3.292441981055613365e+00,2.408650248133271887e+00,-3.023570403456687927e-03,-3.140145912766456604e-02
3.680000000000000426e+01,6.844411912408744136e+00,3.292340515088104436e+00,2.407086447690307995e+00,-3.033093176782131195e-03,-3.127600885927677571e-02
3.685000000000000142e+01,6.844524562298873072e+00,3.292238784851187372e+00,2.405512061071276353e+00,-3.035723231732845306e-03,-3.148773238062858859e-02
3.689999999999999858e+01,6.844637963841912587e+00,3.292136051220226900e+00,2.403939457115411571e+00,-3.060333896428346634e-03,-3.145207911729813038e-02
3.695000000000000284e+01,6.844751300573182817e+00,3.292033051329566806e+00,2.402360030960917214e+00,-3.062952309846878052e-03,-3.158852308988571028e-02
3.700000000000000000e+01,6.844864688953397724e+00,3.291929677030848822e+00,2.400790548425793425e+00,-3.068756777793169022e-03,-3.138965070247650563e-02
3.705000000000000426e+01,6.844978139920669946e+00,3.291825919148817725e+00,2.399223113757252612e+00,-3.074854146689176559e-03,-3.134869337081909457e-02
3.710000000000000142e+01,6.845100417347167898e+00,3.291713736449582761e+00,2.397968406554937371e+00,-3.318838775157928467e-03,-2.509414404630661011e-02
3.714999999999999858e+01,6.845223070252776765e+00,3.291600925516296350e+00,2.396720385680600973e+00,-3.332869149744510651e-03,-2.496041748672723701e-02
3.720000000000000284e+01,6.845345104277064330e+00,3.291488402339888264e+00,2.395467251174777878e+00,-3.319865558296442032e-03,-2.506269011646509309e-02
3.725000000000000000e+01,6.845467969745939740e+00,3.291374827318728880e+00,2.394216783203810373e+00,-3.346353769302368164e-03,-2.500935941934585502e-02
3.730000000000000426e+01,6.845590571521809053e+00,3.291261211411512289e+00,2.392957100419953242e+00,-3.343038726598024368e-03,-2.519365567713975976e-02
3.735000000000000142e+01,6.845712811384979446e+00,3.291147644334388556e+00,2.391696459584563783e+00,-3.337068483233451843e-03,-2.521281670778989861e-02
3.739999999999999858e+01,6.845835298400511526e+00,3.291033559611813430e+00,2.390444414223238834e+00,-3.347739111632108688e-03,-2.504090722650289744e-02
3.745000000000000284e+01,6.845959069025618682e+00,3.290917989592441195e+00,2.389162692985192127e+00,-3.386774100363254547e-03,-2.563442476093769073e-02
3.750000000000000000e+01,6.846083111900842511e+00,3.290801867397820768e+00,2.387872015180692475e+00,-3.398293629288673401e-03,-2.581355608999729226e-02
3.755000000000000426e+01,6.846206756103419444e+00,3.290685818616482905e+00,2.386581458746150464e+00,-3.391472157090902328e-03,-2.581112869083881586e-02
3.760000000000000142e+01,6.846331170055867332e+00,3.290568744998654260e+00,2.385286592588454990e+00,-3.416727297008037567e-03,-2.589732315391302109e-02
3.764999999999999858e+01,6.846454920178668857e+00,3.290451993546841702e+00,2.383994815832630287e+00,-3.402645699679851532e-03,-2.583553511649370332e-02
3.770000000000000284e+01,6.846578546698991907e+00,3.290335056495572008e+00,2.382699880188957398e+00,-3.403397742658853531e-03,-2.589871287345886161e-02
3.775000000000000000e+01,6.846702722188920731e+00,3.290217295138256226e+00,2.381410509206980830e+00,-3.422705922275781631e-03,-2.578741963952779770e-02
3.780000000000000426e+01,6.846827057508914294e+00,3.290099077338988209e+00,2.380116297508284795e+00,-3.431309945881366730e-03,-2.588423397392034669e-02
3.785000000000000142e+01,6.846951009214675921e+00,3.289980918460989834e+00,2.378820808072269255e+00,-3.424940630793571472e-03,-2.590978872030973504e-02
3.789999999999999858e+01,6.847074738513375891e+00,3.289862665269563280e+00,2.377534538394466157e+00,-3.423025365918874741e-03,-2.572539355605840683e-02
3.795000000000000284e+01,6.847199236049542392e+00,3.289743371051075727e+00,2.376243882802009821e+00,-3.448521252721548080e-03,-2.581311184912920068e-02
3.800000000000000000e+01,6.847323239509374382e+00,3.289624242885921035e+00,2.374959336275860977e+00,-3.439091611653566360e-03,-2.569093052297830720e-02
3.805000000000000426e+01,6.847448029192276131e+00,3.289504050788073730e+00,2.373666833311945723e+00,-3.465175628662109375e-03,-2.585005927830934594e-02
3.810000000000000142e+01,6.847555711600846529e+00,3.289400067059271127e+00,2.371871970117718664e+00,-2.993868198245763779e-03,-3.589726388454437395e-02
3.814999999999999858e+01,6.847663859885915194e+00,3.289295257687152585e+00,2.370067243435115323e+00,-3.012046217918395996e-03,-3.609453365206718306e-02
3.820000000000000284e+01,6.847771791169983580e+00,3.289190280223103446e+00,2.368260856129855707e+00,-3.011274151504039764e-03,-3.612774610519409180e-02
3.825000000000000000e+01,6.847880300773200091e+00,3.289084358156464383e+00,2.366449014552564289e+00,-3.032742533832788467e-03,-3.623683154582977434e-02
3.830000000000000426e+01,6.847988319905717880e+00,3.288978531982716280e+00,2.364630367875725891e+00,-3.024388337507843971e-03,-3.637293353676795959e-02
3.835000000000000142e+01,6.848096231915727472e+00,3.288872425449785641e+00,2.362816823766262342e+00,-3.026786958798766136e-03,-3.627088218927383700e-02
3.840000000000000568e+01,6.848203843856566664e+00,3.288766229437233068e+00,2.361009316638738920e+00,-3.023767378181219101e-03,-3.615014255046844482e-02
3.845000000000000284e+01,6.848311677536716324e+00,3.288659429190178507e+00,2.359195857689411646e+00,-3.035417292267084122e-03,-3.626917898654937605e-02
3.850000000000000000e+01,6.848420209011655047e+00,3.288551547253370178e+00,2.357387246497602451e+00,-3.060561604797840118e-03,-3.617222383618354936e-02
3.855000000000000426e+01,6.848527839561776354e+00,3.288444173151524819e+00,2.355555887155861949e+00,-3.040627110749483109e-03,-3.662718683481216292e-02
3.860000000000000142e+01,6.848635952984786890e+00,3.288335921557138164e+00,2.353738412269086755e+00,-3.059864044189453125e-03,-3.634949773550033569e-02
3.865000000000000568e+01,6.848744451586109783e+00,3.288226888680480187e+00,2.351928455614180624e+00,-3.076368942856788635e-03,-3.619913309812546054e-02
3.870000000000000284e+01,6.848853014432119579e+00,3.288117395594682524e+00,2.350112457618744433e+00,-3.083804622292518616e-03,-3.631995990872383118e-02
3.875000000000000000e+01,6.848961648056057783e+00,3.288007432441632627e+00,2.348303300262124527e+00,-3.091482445597648621e-03,-3.618314713239669661e-02
3.880000000000000426e+01,6.849070190034026062e+00,3.287897163751280605e+00,2.346496039227278008e+00,-3.094546496868133545e-03,-3.614522069692611972e-02
3.885000000000000142e+01,6.849180397470081338e+00,3.287784797628798827e+00,2.344949359156818236e+00,-3.147813491523265839e-03,-3.093360140919685503e-02
3.890000000000000568e+01,6.849289999155733000e+00,3.287672702832064697e+00,2.343410467550785192e+00,-3.135459963232278824e-03,-3.077783212065696855e-02
3.895000000000000284e+01,6.849404605790247125e+00,3.287555127820419365e+00,2.342048638033376040e+00,-3.283812664449214935e-03,-2.723659034818410804e-02
3.900000000000000000e+01,6.849518482950155196e+00,3.287437982431693939e+00,2.340695008364201524e+00,-3.267479129135608673e-03,-2.707259338349103997e-02
3.905000000000000426e+01,6.849616847191597024e+00,3.287336520743851409e+00,2.340537335084446724e+00,-2.826304873451590538e-03,-3.153465595096349629e-03
3.910000000000000142e+01,6.849681536753301714e+00,3.287269773080953250e+00,2.340304622690819958e+00,-1.859030919149518013e-03,-4.654247872531414552e-03
3.915000000000000568e+01,6.849746002951206947e+00,3.287203224906807719e+00,2.340059866047159431e+00,-1.853056950494647026e-03,-4.895132873207331051e-03
3.920000000000000284e+01,6.849809891219487135e+00,3.287137241018238232e+00,2.339815114139274232e+00,-1.836908748373389244e-03,-4.895038157701492483e-03
3.925000000000000000e+01,6.849874186021874145e+00,3.287070804730654494e+00,2.339572499993883614e+00,-1.849064836278557777e-03,-4.852282907813787981e-03
3.930000000000000426e+01,6.849937678415128239e+00,3.287005165718749122e+00,2.339316445382938259e+00,-1.826446154154837132e-03,-5.121092218905687679e-03
3.935000000000000142e+01,6.850001226792095999e+00,3.286939435158877210e+00,2.339067744048007214e+00,-1.828540698625147343e-03,-4.974026698619127274e-03
3.940000000000000568e+01,6.850064709113138584e+00,3.286873740235622066e+00,2.338819843142919463e+00,-1.827110070735216141e-03,-4.958018101751804699e-03
3.945000000000000284e+01,6.850127755334000312e+00,3.286808464237111593e+00,2.338569997720115090e+00,-1.815024181269109249e-03,-4.996908456087112947e-03
3.950000000000000000e+01,6.850191174037083108e+00,3.286742769743829395e+00,2.338320974939197328e+00,-1.826219959184527397e-03,-4.980455618351697922e-03
3.955000000000000426e+01,6.850253866885395837e+00,3.286677794779905515e+00,2.338062642001241365e+00,-1.805783947929739952e-03,-5.166658759117126985e-03
3.960000000000000142e+01,6.850316671995182460e+00,3.286612669807046139e+00,2.337806788262605462e+00,-1.809502020478248596e-03,-5.117074772715568716e-03
3.965000000000000568e+01,6.850379392939905721e+00,3.286547598797086689e+00,2.337556189516253546e+00,-1.807556720450520515e-03,-5.011974927037954851e-03
3.970000000000000284e+01,6.850441787344005107e+00,3.286482834088738425e+00,2.337305499365247563e+00,-1.798613811843097210e-03,-5.013803020119667053e-03
3.975000000000000000e+01,6.850503714444743153e+00,3.286418522176812740e+00,2.337058673271603659e+00,-1.785607775673270226e-03,-4.936521872878074646e-03
3.980000000000000426e+01,6.850565981522202641e+00,3.286353825242676496e+00,2.336815206686660318e+00,-1.795871066860854626e-03,-4.869331698864698930e-03
3.985000000000000142e+01,6.850628284777478427e+00,3.286289059166484172e+00,2.336552409211799297e+00,-1.797369215637445450e-03,-5.255949497222900217e-03
3.990000000000000568e+01,6.850682733400868862e+00,3.286232428432730668e+00,2.336218601971558950e+00,-1.571202417835593224e-03,-6.676144804805517544e-03
3.995000000000000284e+01,6.850737193013132220e+00,3.286175748412237585e+00,2.335872879897869847e+00,-1.572065404616296291e-03,-6.914441473782062531e-03
4.000000000000000000e+01,6.850791479981912069e+00,3.286119208962086091e+00,2.335535263878918855e+00,-1.567645929753780365e-03,-6.752320379018783396e-03
4.005000000000000426e+01,6.850845942790051879e+00,3.286062448030579564e+00,2.335190719839811191e+00,-1.573276938870549202e-03,-6.890880782157183040e-03
4.010000000000000142e+01,6.850900420127927326e+00,3.286005632785033992e+00,2.334849943088993296e+00,-1.574262045323848724e-03,-6.815535016357898712e-03
4.015000000000000568e+01,6.850954922617112253e+00,3.285948752520304161e+00,2.334517491831138436e+00,-1.575548900291323662e-03,-6.649025157094002117e-03
4.020000000000000284e+01,6.851032318199925975e+00,3.285867926633648128e+00,2.334726607532866094e+00,-2.238115295767784119e-03,4.182314034551382065e-03
4.025000000000000000e+01,6.851108473513494168e+00,3.285788429273308164e+00,2.334948982273854057e+00,-2.201768569648265839e-03,4.447494819760322744e-03
4.030000000000000426e+01,6.851184719820658131e+00,3.285708872349240472e+00,2.335175288630343626e+00,-2.203887794166803360e-03,4.526127129793167114e-03
4.035000000000000142e+01,6.851261412245515992e+00,3.285628886180360197e+00,2.335401003056831293e+00,-2.216259483247995377e-03,4.514288529753685345e-03
4.040000000000000568e+01,6.851337880222958532e+00,3.285549170124085094e+00,2.335630053522690819e+00,-2.209253376349806786e-03,4.581009317189454859e-03
4.045000000000000284e+01,6.851413917084180127e+00,3.285469939831128894e+00,2.335850086108475665e+00,-2.196273533627390862e-03,4.400651715695857828e-03
4.050000000000000000e+01,6.851458050021824953e+00,3.285423973627207506e+00,2.336153687945261126e+00,-1.274458016268908978e-03,6.072036735713481730e-03
4.055000000000000426e+01,6.851501929479145936e+00,3.285378299197839524e+00,2.336451549938574068e+00,-1.266737584955990314e-03,5.957239866256714388e-03
4.060000000000000142e+01,6.851545318199495860e+00,3.285333162498296211e+00,2.336743569577738100e+00,-1.252182526513934135e-03,5.840392783284187317e-03
4.065000000000000568e+01,6.851588977068294284e+00,3.285287771305342108e+00,2.337042746524020664e+00,-1.259596319869160652e-03,5.983538925647735596e-03
4.070000000000000284e+01,6.851632328037879915e+00,3.285242727209102043e+00,2.337331552457690087e+00,-1.250324305146932602e-03,5.776118673384189779e-03
4.075000000000000000e+01,6.851674799508912450e+00,3.285198622462550677e+00,2.337614264244839202e+00,-1.224590465426445007e-03,5.654235742986202587e-03
4.080000000000000426e+01,6.851717428300008628e+00,3.285154379386771240e+00,2.337907942327364985e+00,-1.228765817359089851e-03,5.873561650514602488e-03
4.085000000000000142e+01,6.851761001469540702e+00,3.285109182742830480e+00,2.338199888247690872e+00,-1.255604671314358711e-03,5.838918406516313900e-03
4.090000000000000568e+01,6.851804340112096270e+00,3.285064255621532592e+00,2.338491225264660578e+00,-1.248468528501689434e-03,5.826740339398383921e-03
4.095000000000000284e+01,6.851879968753502581e+00,3.284985900683202065e+00,2.338861972935192046e+00,-2.177997957915067673e-03,7.414953410625458284e-03
4.100000000000000000e+01,6.851955074149342018e+00,3.284908145564511273e+00,2.339254235777698199e+00,-2.162098884582519531e-03,7.845256850123405803e-03
4.105000000000000426e+01,6.852030693957319230e+00,3.284829919315864100e+00,2.339644513156890593e+00,-2.176024019718170166e-03,7.805547583848238338e-03
4.110000000000000142e+01,6.852091022476876070e+00,3.284767560132232589e+00,2.339568145846642189e+00,-1.735303783789277077e-03,-1.527346204966306686e-03
4.115000000000000568e+01,6.852151789507749058e+00,3.284704738077297570e+00,2.339467127149618797e+00,-1.748055219650268555e-03,-2.020373940467834473e-03
4.120000000000000284e+01,6.852212486099875655e+00,3.284641976157182786e+00,2.339368930220298015e+00,-1.746211317367851734e-03,-1.963938586413860321e-03
4.125000000000000000e+01,6.852273373179893490e+00,3.284579004894510934e+00,2.339264426076478998e+00,-1.751869451254606247e-03,-2.090082876384258184e-03
4.130000000000000426e+01,6.852334067385459804e+00,3.284516219979765506e+00,2.339155384515106295e+00,-1.746508758515119553e-03,-2.180831227451563055e-03
4.135000000000000142e+01,6.852394993988450089e+00,3.284453180908101899e+00,2.339040962777725774e+00,-1.753393909893929958e-03,-2.288434747606515971e-03
4.140000000000000568e+01,6.852455258488675760e+00,3.284390812616574618e+00,2.338934393207236617e+00,-1.734544755890965462e-03,-2.131391409784555522e-03
4.145000000000000284e+01,6.852516057224403490e+00,3.284327878019418279e+00,2.338822951613619416e+00,-1.750114257447421551e-03,-2.228831872344017029e-03
4.150000000000000000e+01,6.852576510364047913e+00,3.284265287201891148e+00,2.338709139533966308e+00,-1.740366918966174126e-03,-2.276241593062877915e-03
4.155000000000000426e+01,6.852645060288211631e+00,3.284194297123158801e+00,2.338627221936985467e+00,-1.973695354536175728e-03,-1.638351939618587494e-03
4.160000000000000142e+01,6.852713502101666521e+00,3.284123407383104265e+00,2.338549988398953783e+00,-1.970749814063310623e-03,-1.544670760631561366e-03
4.165000000000000568e+01,6.852782239891670457e+00,3.284052200075288752e+00,2.338473520296319830e+00,-1.979430671781301498e-03,-1.529362052679061890e-03
4.170000000000000284e+01,6.852830473944140799e+00,3.284002225488275695e+00,2.338522949720426958e+00,-1.389098004437983036e-03,9.885884821414947943e-04
4.175000000000000000e+01,6.852878214250257116e+00,3.283952767357223745e+00,2.338565118572368817e+00,-1.374808140099048615e-03,8.433770388364792521e-04
4.180000000000000426e+01,6.852926118439125247e+00,3.283903143634412825e+00,2.338602322655424004e+00,-1.379467314109206200e-03,7.440816611051559231e-04
4.185000000000000142e+01,6.852974312164251458e+00,3.283853223699255253e+00,2.338644441802680163e+00,-1.387751428410410881e-03,8.423829451203346686e-04
4.190000000000000568e+01,6.853022438023091745e+00,3.283803378262894590e+00,2.338687719580411439e+00,-1.385736744850873947e-03,8.655555546283722574e-04
4.195000000000000284e+01,6.853070548159967856e+00,3.283753553425711402e+00,2.338727248468130515e+00,-1.385221956297755241e-03,7.905777543783188083e-04
4.200000000000000000e+01,6.853119720344958310e+00,3.283702632716104741e+00,2.338768456753968827e+00,-1.415743259713053703e-03,8.241657167673111612e-04
4.205000000000000426e+01,6.853168880334284729e+00,3.283651728833882455e+00,2.338808162332206564e+00,-1.415331731550395489e-03,7.941115647554398017e-04
4.210000000000000142e+01,6.853218220127077487e+00,3.283600642829296312e+00,2.338856822339511865e+00,-1.420449931174516678e-03,9.732001461088658030e-04
4.215000000000000568e+01,6.853299970347546122e+00,3.283516007583803464e+00,2.338858302793159538e+00,-2.353399526327848434e-03,2.960907295346260071e-05
4.220000000000000284e+01,6.853381588731652485e+00,3.283431509077617161e+00,2.338857462423547418e+00,-2.349600661545991898e-03,-1.680739223957061700e-05
4.225000000000000000e+01,6.853463675315745185e+00,3.283346525706840158e+00,2.338862987187384945e+00,-2.363081090152263641e-03,1.104952767491340719e-04
4.230000000000000426e+01,6.853545209035150521e+00,3.283262115644273393e+00,2.338867942400901789e+00,-2.347151981666684151e-03,9.910427033901215413e-05
4.235000000000000142e+01,6.853627321258986882e+00,3.283177107511797921e+00,2.338872219308904654e+00,-2.363793551921844482e-03,8.553816005587578633e-05
4.240000000000000568e+01,6.853709183232093771e+00,3.283092359181177589e+00,2.338878667884200180e+00,-2.356579061597585678e-03,1.289715059101581628e-04
4.245000000000000284e+01,6.853788957581820718e+00,3.283009773146869037e+00,2.338600566395252489e+00,-2.296466846019029617e-03,-5.562029778957366943e-03
4.250000000000000000e+01,6.853868175013216657e+00,3.282927718005306694e+00,2.338319120610758084e+00,-2.281091641634702682e-03,-5.628915689885616476e-03
4.255000000000000426e+01,6.853948762885037738e+00,3.282844196301684558e+00,2.338039517797223521e+00,-2.321230713278055191e-03,-5.592056270688772375e-03
4.260000000000000142e+01,6.854028907252946112e+00,3.282761087755960983e+00,2.337761887455052978e+00,-2.309125382453203201e-03,-5.552606843411922628e-03
4.265000000000000568e+01,6.854109121384536429e+00,3.282677860635460299e+00,2.337483745984426875e+00,-2.311801072210073471e-03,-5.562829412519932314e-03
4.270000000000000284e+01,6.854190669223419796e+00,3.282593202597978266e+00,2.337203018026120294e+00,-2.350917551666498184e-03,-5.614559166133403778e-03
4.275000000000000000e+01,6.854272042745461313e+00,3.282508678048486672e+00,2.336942266490004361e+00,-2.346576191484928131e-03,-5.215030722320080324e-03
4.280000000000000426e+01,6.854367441184211707e+00,3.282409533766958099e+00,2.337109666214018500e+00,-2.751759486272931099e-03,3.347994480282068426e-03
4.285000000000000142e+01,6.854462776051333250e+00,3.282310488743375831e+00,2.337290032700329423e+00,-2.749447477981448174e-03,3.607329726219177506e-03
4.290000000000000568e+01,6.854557706561911878e+00,3.282211899409246847e+00,2.337470409747838485e+00,-2.737272996455430984e-03,3.607540950179100123e-03
4.295000000000000284e+01,6.854652799774239469e+00,3.282113176748764793e+00,2.337645058896086425e+00,-2.741450909525156021e-03,3.492982964962720784e-03
4.300000000000000000e+01,6.854748225871291289e+00,3.282014143120629779e+00,2.337826536277934242e+00,-2.750548999756574631e-03,3.629547636955976573e-03
4.305000000000000426e+01,6.854843925113372372e+00,3.281914862087011553e+00,2.338007949957317866e+00,-2.757902722805738449e-03,3.628273587673902598e-03
4.310000000000000142e+01,6.854939525888954499e+00,3.281815719207586746e+00,2.338186843491784295e+00,-2.754546701908111572e-03,3.577870689332485112e-03
4.315000000000000568e+01,6.855035049367998568e+00,3.281716691948853626e+00,2.338365871178611055e+00,-2.751809079200029373e-03,3.580553736537695191e-03
4.320000000000000284e+01,6.855130626077936995e+00,3.281617645000163730e+00,2.338540358514218376e+00,-2.752831671386957169e-03,3.489746712148189545e-03
4.325000000000000000e+01,6.855226701607541884e+00,3.281518115881542741e+00,2.338712346575847700e+00,-2.766698598861694336e-03,3.439761232584714890e-03
4.330000000000000426e+01,6.855322579561176966e+00,3.281418825621531088e+00,2.338888047904400747e+00,-2.760517178103327751e-03,3.514026571065187714e-03
4.335000000000000142e+01,6.855418856968637620e+00,3.281319156742365628e+00,2.339055975688314692e+00,-2.771514002233743668e-03,3.358555678278207952e-03
4.340000000000000568e+01,6.855515302337464867e+00,3.281219347532231101e+00,2.339230093926815801e+00,-2.775866538286209106e-03,3.482364770025015051e-03
4.345000000000000284e+01,6.855611823014857720e+00,3.281119495185425894e+00,2.339396722809104823e+00,-2.777533605694770813e-03,3.332577645778656006e-03
4.350000000000000000e+01,6.855708403194508804e+00,3.281019614592999289e+00,2.339569980729064635e+00,-2.778766909614205360e-03,3.465158399194478989e-03
4.355000000000000426e+01,6.855805670466147639e+00,3.280919058298608526e+00,2.339744155210136345e+00,-2.798034343868494034e-03,3.483489621430635452e-03
4.360000000000000142e+01,6.855922606921767581e+00,3.280798209848753810e+00,2.339792093409850171e+00,-3.363241441547870636e-03,9.587639942765235901e-04
4.365000000000000568e+01,6.856036434356192366e+00,3.280680585713352304e+00,2.339859223359889384e+00,-3.273659851402044296e-03,1.342599000781774478e-03
4.370000000000000284e+01,6.856149986107374694e+00,3.280563262217920162e+00,2.339922366834870537e+00,-3.265504725277423859e-03,1.262869499623775526e-03
4.375000000000000000e+01,6.856263137561611209e+00,3.280446367086844450e+00,2.339987040216727987e+00,-3.253780771046876907e-03,1.293467637151479764e-03
4.380000000000000426e+01,6.856376286340609028e+00,3.280329489846168123e+00,2.340050860656119003e+00,-3.253486473113298416e-03,1.276408787816762924e-03
4.385000000000000142e+01,6.856489599369070653e+00,3.280212457890540279e+00,2.340120945939487829e+00,-3.257994540035724640e-03,1.401705667376518250e-03
4.390000000000000568e+01,6.856602701018521984e+00,3.280095660632556864e+00,2.340196355240113046e+00,-3.251681569963693619e-03,1.508186012506485115e-03
4.395000000000000284e+01,6.856716044485351880e+00,3.279978631316397664e+00,2.340267232780969486e+00,-3.258380107581615448e-03,1.417550817131996242e-03
4.400000000000000000e+01,6.856829678066137745e+00,3.279861319091244454e+00,2.340336426481298027e+00,-3.266481216996908188e-03,1.383874006569385659e-03
4.405000000000000426e+01,6.856943230321109084e+00,3.279744107054644697e+00,2.340404195593363657e+00,-3.263910301029682159e-03,1.355382241308689204e-03
4.410000000000000142e+01,6.857055844620824736e+00,3.279627878965846399e+00,2.340471837887234230e+00,-3.236723598092794418e-03,1.352845877408981280e-03
4.415000000000000568e+01,6.857169306699689493e+00,3.279510791741733211e+00,2.340548772736146255e+00,-3.260862547904253006e-03,1.538696978241205259e-03
4.420000000000000284e+01,6.857282587567278043e+00,3.279393909513516725e+00,2.340628439331120969e+00,-3.255396150052547455e-03,1.593331899493932811e-03
4.425000000000000000e+01,6.857396639349188305e+00,3.279276250620107636e+00,2.340713396415739389e+00,-3.277280833572149277e-03,1.699141692370176315e-03
4.430000000000000426e+01,6.857509975387245049e+00,3.279159349981697780e+00,2.340789782417631582e+00,-3.256428521126508713e-03,1.527720037847757470e-03
4.435000000000000142e+01,6.857624314313343739e+00,3.279041432937203737e+00,2.340861551792985829e+00,-3.284985199570655823e-03,1.435387507081031886e-03
4.440000000000000568e+01,6.857738258107819895e+00,3.278923940263500203e+00,2.340942021206646295e+00,-3.273390699177980423e-03,1.609388273209333420e-03
4.445000000000000284e+01,6.857852729236427081e+00,3.278805922835386966e+00,2.341024188039518172e+00,-3.288267180323600769e-03,1.643336657434701963e-03
4.450000000000000000e+01,6.857966540312865789e+00,3.278688605197513706e+00,2.341112742469339647e+00,-3.269029781222343445e-03,1.771088596433401238e-03
4.455000000000000426e+01,6.858080366041992448e+00,3.278571293243837559e+00,2.341200493703289975e+00,-3.269152250140905380e-03,1.755024679005146157e-03
4.460000000000000142e+01,6.858194493155120419e+00,3.278453691326027375e+00,2.341285277533970088e+00,-3.277511801570653915e-03,1.695676613599062096e-03
4.465000000000000568e+01,6.858309194680465737e+00,3.278335517556103085e+00,2.341378383672489960e+00,-3.293720073997974396e-03,1.862122770398855296e-03
4.470000000000000284e+01,6.858423961959607240e+00,3.278217298067584551e+00,2.341472067575595339e+00,-3.295292146503925323e-03,1.873678062111139297e-03
4.475000000000000000e+01,6.858538877740932627e+00,3.278098947796710849e+00,2.341558313168278893e+00,-3.299237694591283798e-03,1.724911853671073914e-03
4.480000000000000426e+01,6.858654464633108461e+00,3.277979926898166863e+00,2.341902796187131486e+00,-3.318210598081350327e-03,6.889660377055406570e-03
4.485000000000000142e+01,6.858769654837768570e+00,3.277861396198419985e+00,2.342254705697922823e+00,-3.305650316178798676e-03,7.038190215826034719e-03
4.490000000000000568e+01,6.858880616360586657e+00,3.277747297176889063e+00,2.342431922055474125e+00,-3.183146007359027863e-03,3.544327151030302308e-03
4.495000000000000284e+01,6.858991785264478835e+00,3.277633025434843361e+00,2.342594206890715736e+00,-3.188514150679111481e-03,3.245696704834699891e-03
4.500000000000000000e+01,6.859103003693938660e+00,3.277518739898454658e+00,2.342761835273048376e+00,-3.189402632415294647e-03,3.352567646652460185e-03
